Employee,Date,Slot
31,2026-09-09,0
31,2026-09-09,15
31,2026-09-09,30
31,2026-09-09,45
31,2026-09-09,60
31,2026-09-09,75
31,2026-09-09,90
31,2026-09-09,105
31,2026-09-09,120
31,2026-09-09,135
31,2026-09-09,150
31,2026-09-09,165
31,2026-09-09,180
31,2026-09-09,195
31,2026-09-09,210
31,2026-09-09,225
31,2026-09-09,240
31,2026-09-09,255
31,2026-09-09,270
31,2026-09-09,285
31,2026-09-09,300
31,2026-09-09,315
31,2026-09-09,330
31,2026-09-09,345
31,2026-09-09,360
31,2026-09-09,375
31,2026-09-09,390
31,2026-09-09,405
31,2026-09-09,420
31,2026-09-09,435
31,2026-09-09,450
31,2026-09-09,465
31,2026-09-09,480
31,2026-09-09,495
31,2026-09-09,510
31,2026-09-09,525
31,2026-09-09,540
31,2026-09-09,555
31,2026-09-09,570
31,2026-09-09,585
31,2026-09-09,600
31,2026-09-09,615
31,2026-09-09,630
31,2026-09-09,645
31,2026-09-09,660
31,2026-09-09,675
31,2026-09-09,690
31,2026-09-09,705
31,2026-09-09,720
31,2026-09-09,735
31,2026-09-09,750
31,2026-09-09,765
31,2026-09-09,780
31,2026-09-09,795
31,2026-09-09,810
31,2026-09-09,825
31,2026-09-09,840
31,2026-09-09,855
31,2026-09-09,870
31,2026-09-09,885
31,2026-09-09,900
31,2026-09-09,915
31,2026-09-09,930
31,2026-09-09,945
31,2026-09-09,960
31,2026-09-09,975
31,2026-09-09,990
31,2026-09-09,1005
31,2026-09-09,1020
31,2026-09-09,1035
31,2026-09-09,1050
31,2026-09-09,1065
31,2026-09-09,1080
31,2026-09-09,1095
31,2026-09-09,1110
31,2026-09-09,1125
31,2026-09-09,1320
31,2026-09-09,1335
31,2026-09-09,1350
31,2026-09-09,1365
31,2026-09-09,1380
31,2026-09-09,1395
31,2026-09-09,1410
31,2026-09-09,1425
45,2026-09-09,0
45,2026-09-09,15
45,2026-09-09,30
45,2026-09-09,45
45,2026-09-09,60
45,2026-09-09,75
45,2026-09-09,90
45,2026-09-09,105
45,2026-09-09,120
45,2026-09-09,135
45,2026-09-09,150
45,2026-09-09,165
45,2026-09-09,180
45,2026-09-09,195
45,2026-09-09,210
45,2026-09-09,225
45,2026-09-09,240
45,2026-09-09,255
45,2026-09-09,270
45,2026-09-09,285
45,2026-09-09,300
45,2026-09-09,315
45,2026-09-09,330
45,2026-09-09,345
45,2026-09-09,360
45,2026-09-09,375
45,2026-09-09,390
45,2026-09-09,405
45,2026-09-09,420
45,2026-09-09,435
45,2026-09-09,450
45,2026-09-09,465
45,2026-09-09,480
45,2026-09-09,495
45,2026-09-09,510
45,2026-09-09,525
45,2026-09-09,540
45,2026-09-09,555
45,2026-09-09,570
45,2026-09-09,585
45,2026-09-09,600
45,2026-09-09,615
45,2026-09-09,630
45,2026-09-09,645
45,2026-09-09,960
45,2026-09-09,975
45,2026-09-09,990
45,2026-09-09,1005
45,2026-09-09,1020
45,2026-09-09,1035
45,2026-09-09,1050
45,2026-09-09,1065
45,2026-09-09,1080
45,2026-09-09,1095
45,2026-09-09,1110
45,2026-09-09,1125
45,2026-09-09,1140
45,2026-09-09,1155
45,2026-09-09,1170
45,2026-09-09,1185
45,2026-09-09,1200
45,2026-09-09,1215
45,2026-09-09,1230
45,2026-09-09,1245
45,2026-09-09,1260
45,2026-09-09,1275
45,2026-09-09,1290
45,2026-09-09,1305
45,2026-09-09,1320
45,2026-09-09,1335
45,2026-09-09,1350
45,2026-09-09,1365
45,2026-09-09,1380
45,2026-09-09,1395
45,2026-09-09,1410
45,2026-09-09,1425
67,2026-09-09,0
67,2026-09-09,15
67,2026-09-09,30
67,2026-09-09,45
67,2026-09-09,60
67,2026-09-09,75
67,2026-09-09,90
67,2026-09-09,105
67,2026-09-09,120
67,2026-09-09,135
67,2026-09-09,150
67,2026-09-09,165
67,2026-09-09,180
67,2026-09-09,195
67,2026-09-09,210
67,2026-09-09,225
67,2026-09-09,240
67,2026-09-09,255
67,2026-09-09,270
67,2026-09-09,285
67,2026-09-09,300
67,2026-09-09,315
67,2026-09-09,330
67,2026-09-09,345
67,2026-09-09,360
67,2026-09-09,375
67,2026-09-09,390
67,2026-09-09,405
67,2026-09-09,420
67,2026-09-09,435
67,2026-09-09,450
67,2026-09-09,465
67,2026-09-09,480
67,2026-09-09,495
67,2026-09-09,510
67,2026-09-09,525
67,2026-09-09,540
67,2026-09-09,555
67,2026-09-09,570
67,2026-09-09,585
67,2026-09-09,600
67,2026-09-09,615
67,2026-09-09,630
67,2026-09-09,735
67,2026-09-09,750
67,2026-09-09,765
67,2026-09-09,780
67,2026-09-09,795
67,2026-09-09,810
67,2026-09-09,825
67,2026-09-09,840
67,2026-09-09,855
67,2026-09-09,870
67,2026-09-09,885
67,2026-09-09,900
67,2026-09-09,915
67,2026-09-09,930
67,2026-09-09,945
67,2026-09-09,960
67,2026-09-09,975
67,2026-09-09,990
67,2026-09-09,1005
67,2026-09-09,1020
67,2026-09-09,1035
67,2026-09-09,1050
67,2026-09-09,1065
67,2026-09-09,1080
67,2026-09-09,1095
67,2026-09-09,1110
67,2026-09-09,1125
67,2026-09-09,1140
67,2026-09-09,1155
67,2026-09-09,1170
67,2026-09-09,1185
67,2026-09-09,1200
67,2026-09-09,1215
67,2026-09-09,1230
67,2026-09-09,1245
67,2026-09-09,1260
67,2026-09-09,1275
67,2026-09-09,1290
67,2026-09-09,1305
67,2026-09-09,1320
67,2026-09-09,1335
67,2026-09-09,1350
67,2026-09-09,1365
67,2026-09-09,1380
67,2026-09-09,1395
67,2026-09-09,1410
67,2026-09-09,1425
91,2026-09-09,0
91,2026-09-09,15
91,2026-09-09,30
91,2026-09-09,45
91,2026-09-09,60
91,2026-09-09,75
91,2026-09-09,90
91,2026-09-09,105
91,2026-09-09,120
91,2026-09-09,135
91,2026-09-09,150
91,2026-09-09,165
91,2026-09-09,180
91,2026-09-09,195
91,2026-09-09,210
91,2026-09-09,225
91,2026-09-09,240
91,2026-09-09,255
91,2026-09-09,270
91,2026-09-09,285
91,2026-09-09,300
91,2026-09-09,315
91,2026-09-09,330
91,2026-09-09,345
91,2026-09-09,360
91,2026-09-09,375
91,2026-09-09,390
91,2026-09-09,405
91,2026-09-09,420
91,2026-09-09,435
91,2026-09-09,450
91,2026-09-09,465
91,2026-09-09,480
91,2026-09-09,495
91,2026-09-09,510
91,2026-09-09,525
91,2026-09-09,540
91,2026-09-09,555
91,2026-09-09,570
91,2026-09-09,585
91,2026-09-09,600
91,2026-09-09,615
91,2026-09-09,630
91,2026-09-09,645
91,2026-09-09,660
91,2026-09-09,675
91,2026-09-09,690
91,2026-09-09,705
91,2026-09-09,720
91,2026-09-09,735
91,2026-09-09,750
91,2026-09-09,765
91,2026-09-09,780
91,2026-09-09,795
91,2026-09-09,810
91,2026-09-09,825
91,2026-09-09,840
91,2026-09-09,855
91,2026-09-09,870
91,2026-09-09,885
91,2026-09-09,900
91,2026-09-09,915
91,2026-09-09,930
91,2026-09-09,945
91,2026-09-09,960
91,2026-09-09,975
91,2026-09-09,990
91,2026-09-09,1005
91,2026-09-09,1020
91,2026-09-09,1035
91,2026-09-09,1050
91,2026-09-09,1065
91,2026-09-09,1080
91,2026-09-09,1095
91,2026-09-09,1110
91,2026-09-09,1125
91,2026-09-09,1140
91,2026-09-09,1155
91,2026-09-09,1170
91,2026-09-09,1185
91,2026-09-09,1200
91,2026-09-09,1215
91,2026-09-09,1230
91,2026-09-09,1245
91,2026-09-09,1260
91,2026-09-09,1275
91,2026-09-09,1290
91,2026-09-09,1305
91,2026-09-09,1320
91,2026-09-09,1335
91,2026-09-09,1350
91,2026-09-09,1365
91,2026-09-09,1380
91,2026-09-09,1395
91,2026-09-09,1410
91,2026-09-09,1425
92,2026-09-09,0
92,2026-09-09,15
92,2026-09-09,30
92,2026-09-09,45
92,2026-09-09,60
92,2026-09-09,75
92,2026-09-09,90
92,2026-09-09,105
92,2026-09-09,120
92,2026-09-09,135
92,2026-09-09,150
92,2026-09-09,165
92,2026-09-09,180
92,2026-09-09,195
92,2026-09-09,210
92,2026-09-09,225
92,2026-09-09,240
92,2026-09-09,255
92,2026-09-09,270
92,2026-09-09,285
92,2026-09-09,300
92,2026-09-09,315
92,2026-09-09,330
92,2026-09-09,345
92,2026-09-09,360
92,2026-09-09,375
92,2026-09-09,390
92,2026-09-09,405
92,2026-09-09,420
92,2026-09-09,435
92,2026-09-09,450
92,2026-09-09,465
92,2026-09-09,480
92,2026-09-09,495
92,2026-09-09,510
92,2026-09-09,525
92,2026-09-09,540
92,2026-09-09,555
92,2026-09-09,570
92,2026-09-09,585
92,2026-09-09,600
92,2026-09-09,615
92,2026-09-09,630
92,2026-09-09,645
92,2026-09-09,660
92,2026-09-09,675
92,2026-09-09,690
92,2026-09-09,705
92,2026-09-09,720
92,2026-09-09,735
92,2026-09-09,750
92,2026-09-09,765
92,2026-09-09,780
92,2026-09-09,795
92,2026-09-09,810
92,2026-09-09,825
92,2026-09-09,840
92,2026-09-09,855
92,2026-09-09,870
92,2026-09-09,885
92,2026-09-09,900
92,2026-09-09,915
92,2026-09-09,930
92,2026-09-09,945
92,2026-09-09,960
92,2026-09-09,975
92,2026-09-09,990
92,2026-09-09,1005
92,2026-09-09,1020
92,2026-09-09,1035
92,2026-09-09,1050
92,2026-09-09,1065
92,2026-09-09,1080
92,2026-09-09,1095
92,2026-09-09,1110
92,2026-09-09,1125
92,2026-09-09,1140
92,2026-09-09,1155
92,2026-09-09,1170
92,2026-09-09,1185
92,2026-09-09,1200
92,2026-09-09,1215
92,2026-09-09,1230
92,2026-09-09,1245
92,2026-09-09,1260
92,2026-09-09,1275
92,2026-09-09,1290
92,2026-09-09,1305
92,2026-09-09,1320
92,2026-09-09,1335
92,2026-09-09,1350
92,2026-09-09,1365
92,2026-09-09,1380
92,2026-09-09,1395
92,2026-09-09,1410
92,2026-09-09,1425
93,2026-09-09,0
93,2026-09-09,15
93,2026-09-09,30
93,2026-09-09,45
93,2026-09-09,60
93,2026-09-09,75
93,2026-09-09,90
93,2026-09-09,105
93,2026-09-09,120
93,2026-09-09,135
93,2026-09-09,150
93,2026-09-09,165
93,2026-09-09,180
93,2026-09-09,195
93,2026-09-09,210
93,2026-09-09,225
93,2026-09-09,240
93,2026-09-09,255
93,2026-09-09,270
93,2026-09-09,285
93,2026-09-09,300
93,2026-09-09,315
93,2026-09-09,330
93,2026-09-09,345
93,2026-09-09,360
93,2026-09-09,375
93,2026-09-09,390
93,2026-09-09,405
93,2026-09-09,420
93,2026-09-09,435
93,2026-09-09,450
93,2026-09-09,465
93,2026-09-09,1065
93,2026-09-09,1080
93,2026-09-09,1095
93,2026-09-09,1110
93,2026-09-09,1125
93,2026-09-09,1140
93,2026-09-09,1155
93,2026-09-09,1170
93,2026-09-09,1185
93,2026-09-09,1200
93,2026-09-09,1215
93,2026-09-09,1230
93,2026-09-09,1245
93,2026-09-09,1260
93,2026-09-09,1275
93,2026-09-09,1290
93,2026-09-09,1305
93,2026-09-09,1320
93,2026-09-09,1335
93,2026-09-09,1350
93,2026-09-09,1365
93,2026-09-09,1380
93,2026-09-09,1395
93,2026-09-09,1410
93,2026-09-09,1425
94,2026-09-09,0
94,2026-09-09,15
94,2026-09-09,30
94,2026-09-09,45
94,2026-09-09,60
94,2026-09-09,75
94,2026-09-09,90
94,2026-09-09,105
94,2026-09-09,120
94,2026-09-09,135
94,2026-09-09,150
94,2026-09-09,165
94,2026-09-09,180
94,2026-09-09,195
94,2026-09-09,210
94,2026-09-09,225
94,2026-09-09,240
94,2026-09-09,255
94,2026-09-09,270
94,2026-09-09,285
94,2026-09-09,300
94,2026-09-09,315
94,2026-09-09,330
94,2026-09-09,345
94,2026-09-09,360
94,2026-09-09,375
94,2026-09-09,390
94,2026-09-09,405
94,2026-09-09,420
94,2026-09-09,435
94,2026-09-09,450
94,2026-09-09,465
94,2026-09-09,480
94,2026-09-09,495
94,2026-09-09,510
94,2026-09-09,525
94,2026-09-09,900
94,2026-09-09,915
94,2026-09-09,930
94,2026-09-09,945
94,2026-09-09,960
94,2026-09-09,975
94,2026-09-09,990
94,2026-09-09,1005
94,2026-09-09,1020
94,2026-09-09,1035
94,2026-09-09,1050
94,2026-09-09,1065
94,2026-09-09,1080
94,2026-09-09,1095
94,2026-09-09,1110
94,2026-09-09,1125
94,2026-09-09,1140
94,2026-09-09,1155
94,2026-09-09,1170
94,2026-09-09,1185
94,2026-09-09,1200
94,2026-09-09,1215
94,2026-09-09,1230
94,2026-09-09,1245
94,2026-09-09,1260
94,2026-09-09,1275
94,2026-09-09,1290
94,2026-09-09,1305
94,2026-09-09,1320
94,2026-09-09,1335
94,2026-09-09,1350
94,2026-09-09,1365
94,2026-09-09,1380
94,2026-09-09,1395
94,2026-09-09,1410
94,2026-09-09,1425
95,2026-09-09,660
95,2026-09-09,675
95,2026-09-09,690
95,2026-09-09,705
95,2026-09-09,720
95,2026-09-09,735
95,2026-09-09,750
95,2026-09-09,765
95,2026-09-09,780
95,2026-09-09,795
95,2026-09-09,810
95,2026-09-09,825
95,2026-09-09,840
95,2026-09-09,855
95,2026-09-09,870
95,2026-09-09,885
95,2026-09-09,900
95,2026-09-09,915
95,2026-09-09,930
95,2026-09-09,945
95,2026-09-09,960
95,2026-09-09,975
95,2026-09-09,990
95,2026-09-09,1005
95,2026-09-09,1020
95,2026-09-09,1035
95,2026-09-09,1050
95,2026-09-09,1065
95,2026-09-09,1080
95,2026-09-09,1095
95,2026-09-09,1110
95,2026-09-09,1125
95,2026-09-09,1140
95,2026-09-09,1155
95,2026-09-09,1170
95,2026-09-09,1185
95,2026-09-09,1200
95,2026-09-09,1215
95,2026-09-09,1230
95,2026-09-09,1245
96,2026-09-09,0
96,2026-09-09,15
96,2026-09-09,30
96,2026-09-09,45
96,2026-09-09,60
96,2026-09-09,75
96,2026-09-09,90
96,2026-09-09,105
96,2026-09-09,120
96,2026-09-09,135
96,2026-09-09,150
96,2026-09-09,165
96,2026-09-09,180
96,2026-09-09,195
96,2026-09-09,210
96,2026-09-09,225
96,2026-09-09,240
96,2026-09-09,255
96,2026-09-09,270
96,2026-09-09,285
96,2026-09-09,300
96,2026-09-09,315
96,2026-09-09,330
96,2026-09-09,345
96,2026-09-09,360
96,2026-09-09,375
96,2026-09-09,390
96,2026-09-09,405
96,2026-09-09,420
96,2026-09-09,435
96,2026-09-09,450
96,2026-09-09,465
96,2026-09-09,480
96,2026-09-09,495
96,2026-09-09,510
96,2026-09-09,525
96,2026-09-09,540
96,2026-09-09,555
96,2026-09-09,570
96,2026-09-09,585
96,2026-09-09,600
96,2026-09-09,615
96,2026-09-09,630
96,2026-09-09,645
96,2026-09-09,660
96,2026-09-09,675
96,2026-09-09,690
96,2026-09-09,705
96,2026-09-09,720
96,2026-09-09,735
96,2026-09-09,1020
96,2026-09-09,1035
96,2026-09-09,1050
96,2026-09-09,1065
96,2026-09-09,1080
96,2026-09-09,1095
96,2026-09-09,1110
96,2026-09-09,1125
96,2026-09-09,1140
96,2026-09-09,1155
96,2026-09-09,1170
96,2026-09-09,1185
96,2026-09-09,1200
96,2026-09-09,1215
96,2026-09-09,1230
96,2026-09-09,1245
96,2026-09-09,1260
96,2026-09-09,1275
96,2026-09-09,1290
96,2026-09-09,1305
96,2026-09-09,1320
96,2026-09-09,1335
96,2026-09-09,1350
96,2026-09-09,1365
96,2026-09-09,1380
96,2026-09-09,1395
96,2026-09-09,1410
96,2026-09-09,1425
97,2026-09-09,960
97,2026-09-09,975
97,2026-09-09,990
97,2026-09-09,1005
97,2026-09-09,1020
97,2026-09-09,1035
97,2026-09-09,1050
97,2026-09-09,1065
97,2026-09-09,1080
97,2026-09-09,1095
97,2026-09-09,1110
97,2026-09-09,1125
97,2026-09-09,1140
97,2026-09-09,1155
97,2026-09-09,1170
97,2026-09-09,1185
97,2026-09-09,1200
97,2026-09-09,1215
97,2026-09-09,1230
97,2026-09-09,1245
97,2026-09-09,1260
97,2026-09-09,1275
97,2026-09-09,1290
97,2026-09-09,1305
97,2026-09-09,1320
97,2026-09-09,1335
97,2026-09-09,1350
97,2026-09-09,1365
98,2026-09-09,0
98,2026-09-09,15
98,2026-09-09,30
98,2026-09-09,45
98,2026-09-09,60
98,2026-09-09,75
98,2026-09-09,90
98,2026-09-09,105
98,2026-09-09,120
98,2026-09-09,135
98,2026-09-09,150
98,2026-09-09,165
98,2026-09-09,180
98,2026-09-09,195
98,2026-09-09,210
98,2026-09-09,225
98,2026-09-09,240
98,2026-09-09,255
98,2026-09-09,270
98,2026-09-09,285
98,2026-09-09,300
98,2026-09-09,315
98,2026-09-09,330
98,2026-09-09,345
98,2026-09-09,360
98,2026-09-09,375
98,2026-09-09,390
98,2026-09-09,405
98,2026-09-09,420
98,2026-09-09,435
98,2026-09-09,450
98,2026-09-09,465
98,2026-09-09,480
98,2026-09-09,495
98,2026-09-09,510
98,2026-09-09,525
98,2026-09-09,540
98,2026-09-09,555
98,2026-09-09,570
98,2026-09-09,585
98,2026-09-09,600
98,2026-09-09,615
98,2026-09-09,630
98,2026-09-09,645
98,2026-09-09,660
98,2026-09-09,675
98,2026-09-09,690
98,2026-09-09,705
98,2026-09-09,720
98,2026-09-09,735
98,2026-09-09,1410
98,2026-09-09,1425
99,2026-09-09,0
99,2026-09-09,15
99,2026-09-09,30
99,2026-09-09,45
99,2026-09-09,60
99,2026-09-09,75
99,2026-09-09,90
99,2026-09-09,105
99,2026-09-09,120
99,2026-09-09,135
99,2026-09-09,150
99,2026-09-09,165
99,2026-09-09,180
99,2026-09-09,195
99,2026-09-09,210
99,2026-09-09,225
99,2026-09-09,240
99,2026-09-09,255
99,2026-09-09,270
99,2026-09-09,285
99,2026-09-09,300
99,2026-09-09,315
99,2026-09-09,330
99,2026-09-09,345
99,2026-09-09,360
99,2026-09-09,375
99,2026-09-09,390
99,2026-09-09,405
99,2026-09-09,420
99,2026-09-09,435
99,2026-09-09,870
99,2026-09-09,885
99,2026-09-09,900
99,2026-09-09,915
99,2026-09-09,930
99,2026-09-09,945
99,2026-09-09,960
99,2026-09-09,975
99,2026-09-09,990
99,2026-09-09,1005
99,2026-09-09,1020
99,2026-09-09,1035
99,2026-09-09,1050
99,2026-09-09,1065
99,2026-09-09,1080
99,2026-09-09,1095
99,2026-09-09,1110
99,2026-09-09,1125
99,2026-09-09,1140
99,2026-09-09,1155
99,2026-09-09,1170
99,2026-09-09,1185
99,2026-09-09,1200
99,2026-09-09,1215
99,2026-09-09,1230
99,2026-09-09,1245
99,2026-09-09,1260
99,2026-09-09,1275
99,2026-09-09,1290
99,2026-09-09,1305
99,2026-09-09,1320
99,2026-09-09,1335
99,2026-09-09,1350
99,2026-09-09,1365
99,2026-09-09,1380
99,2026-09-09,1395
99,2026-09-09,1410
99,2026-09-09,1425
100,2026-09-09,540
100,2026-09-09,555
100,2026-09-09,570
100,2026-09-09,585
100,2026-09-09,600
100,2026-09-09,615
100,2026-09-09,630
100,2026-09-09,645
100,2026-09-09,660
100,2026-09-09,675
100,2026-09-09,690
100,2026-09-09,705
100,2026-09-09,720
100,2026-09-09,735
100,2026-09-09,750
100,2026-09-09,765
100,2026-09-09,780
100,2026-09-09,795
100,2026-09-09,810
100,2026-09-09,825
101,2026-09-09,930
101,2026-09-09,945
101,2026-09-09,960
101,2026-09-09,975
101,2026-09-09,990
101,2026-09-09,1005
101,2026-09-09,1020
101,2026-09-09,1035
101,2026-09-09,1050
101,2026-09-09,1065
101,2026-09-09,1080
101,2026-09-09,1095
101,2026-09-09,1110
101,2026-09-09,1125
102,2026-09-09,0
102,2026-09-09,15
102,2026-09-09,30
102,2026-09-09,45
102,2026-09-09,60
102,2026-09-09,75
102,2026-09-09,90
102,2026-09-09,105
102,2026-09-09,120
102,2026-09-09,135
102,2026-09-09,150
102,2026-09-09,165
102,2026-09-09,180
102,2026-09-09,195
102,2026-09-09,210
102,2026-09-09,225
102,2026-09-09,240
102,2026-09-09,255
102,2026-09-09,270
102,2026-09-09,285
102,2026-09-09,300
102,2026-09-09,315
102,2026-09-09,330
102,2026-09-09,345
102,2026-09-09,360
102,2026-09-09,375
102,2026-09-09,390
102,2026-09-09,405
102,2026-09-09,420
102,2026-09-09,435
102,2026-09-09,450
102,2026-09-09,465
102,2026-09-09,1260
102,2026-09-09,1275
102,2026-09-09,1290
102,2026-09-09,1305
102,2026-09-09,1320
102,2026-09-09,1335
102,2026-09-09,1350
102,2026-09-09,1365
102,2026-09-09,1380
102,2026-09-09,1395
102,2026-09-09,1410
102,2026-09-09,1425
103,2026-09-09,1080
103,2026-09-09,1095
103,2026-09-09,1110
103,2026-09-09,1125
103,2026-09-09,1140
103,2026-09-09,1155
103,2026-09-09,1170
103,2026-09-09,1185
103,2026-09-09,1200
103,2026-09-09,1215
103,2026-09-09,1230
103,2026-09-09,1245
103,2026-09-09,1260
103,2026-09-09,1275
103,2026-09-09,1290
103,2026-09-09,1305
104,2026-09-09,0
104,2026-09-09,15
104,2026-09-09,30
104,2026-09-09,45
104,2026-09-09,60
104,2026-09-09,75
104,2026-09-09,90
104,2026-09-09,105
104,2026-09-09,120
104,2026-09-09,135
104,2026-09-09,150
104,2026-09-09,165
104,2026-09-09,180
104,2026-09-09,195
104,2026-09-09,210
104,2026-09-09,225
104,2026-09-09,240
104,2026-09-09,255
104,2026-09-09,270
104,2026-09-09,285
104,2026-09-09,300
104,2026-09-09,315
104,2026-09-09,330
104,2026-09-09,345
104,2026-09-09,360
104,2026-09-09,375
104,2026-09-09,390
104,2026-09-09,405
104,2026-09-09,420
104,2026-09-09,435
104,2026-09-09,450
104,2026-09-09,465
104,2026-09-09,480
104,2026-09-09,495
104,2026-09-09,510
104,2026-09-09,525
104,2026-09-09,540
104,2026-09-09,555
104,2026-09-09,570
104,2026-09-09,585
104,2026-09-09,600
104,2026-09-09,615
104,2026-09-09,630
104,2026-09-09,645
104,2026-09-09,660
104,2026-09-09,675
104,2026-09-09,690
104,2026-09-09,705
104,2026-09-09,720
104,2026-09-09,735
104,2026-09-09,750
104,2026-09-09,765
104,2026-09-09,780
104,2026-09-09,795
104,2026-09-09,810
104,2026-09-09,825
104,2026-09-09,840
104,2026-09-09,855
104,2026-09-09,870
104,2026-09-09,885
104,2026-09-09,900
104,2026-09-09,915
104,2026-09-09,930
104,2026-09-09,945
104,2026-09-09,960
104,2026-09-09,975
104,2026-09-09,990
104,2026-09-09,1005
104,2026-09-09,1020
104,2026-09-09,1035
104,2026-09-09,1050
104,2026-09-09,1065
104,2026-09-09,1080
104,2026-09-09,1095
104,2026-09-09,1110
104,2026-09-09,1125
104,2026-09-09,1140
104,2026-09-09,1155
104,2026-09-09,1170
104,2026-09-09,1185
104,2026-09-09,1200
104,2026-09-09,1215
104,2026-09-09,1230
104,2026-09-09,1245
104,2026-09-09,1260
104,2026-09-09,1275
104,2026-09-09,1290
104,2026-09-09,1305
104,2026-09-09,1320
104,2026-09-09,1335
104,2026-09-09,1350
104,2026-09-09,1365
104,2026-09-09,1380
104,2026-09-09,1395
104,2026-09-09,1410
104,2026-09-09,1425
106,2026-09-09,0
106,2026-09-09,15
106,2026-09-09,30
106,2026-09-09,45
106,2026-09-09,60
106,2026-09-09,75
106,2026-09-09,90
106,2026-09-09,105
106,2026-09-09,120
106,2026-09-09,135
106,2026-09-09,150
106,2026-09-09,165
106,2026-09-09,180
106,2026-09-09,195
106,2026-09-09,210
106,2026-09-09,225
106,2026-09-09,240
106,2026-09-09,255
106,2026-09-09,270
106,2026-09-09,285
106,2026-09-09,300
106,2026-09-09,315
106,2026-09-09,330
106,2026-09-09,345
106,2026-09-09,360
106,2026-09-09,375
106,2026-09-09,390
106,2026-09-09,405
106,2026-09-09,420
106,2026-09-09,435
106,2026-09-09,450
106,2026-09-09,465
106,2026-09-09,480
106,2026-09-09,495
106,2026-09-09,510
106,2026-09-09,525
106,2026-09-09,540
106,2026-09-09,555
106,2026-09-09,570
106,2026-09-09,585
106,2026-09-09,600
106,2026-09-09,615
106,2026-09-09,630
106,2026-09-09,645
106,2026-09-09,660
106,2026-09-09,675
106,2026-09-09,690
106,2026-09-09,705
106,2026-09-09,720
106,2026-09-09,735
106,2026-09-09,750
106,2026-09-09,765
106,2026-09-09,780
106,2026-09-09,795
106,2026-09-09,810
106,2026-09-09,825
106,2026-09-09,840
106,2026-09-09,855
106,2026-09-09,870
106,2026-09-09,885
106,2026-09-09,900
106,2026-09-09,915
106,2026-09-09,930
106,2026-09-09,945
106,2026-09-09,960
106,2026-09-09,975
106,2026-09-09,990
106,2026-09-09,1125
106,2026-09-09,1140
106,2026-09-09,1155
106,2026-09-09,1170
106,2026-09-09,1185
106,2026-09-09,1200
106,2026-09-09,1215
106,2026-09-09,1230
106,2026-09-09,1245
106,2026-09-09,1260
106,2026-09-09,1275
106,2026-09-09,1290
106,2026-09-09,1305
106,2026-09-09,1320
106,2026-09-09,1335
106,2026-09-09,1350
106,2026-09-09,1365
106,2026-09-09,1380
106,2026-09-09,1395
106,2026-09-09,1410
106,2026-09-09,1425
107,2026-09-09,0
107,2026-09-09,15
107,2026-09-09,30
107,2026-09-09,45
107,2026-09-09,60
107,2026-09-09,75
107,2026-09-09,90
107,2026-09-09,105
107,2026-09-09,120
107,2026-09-09,135
107,2026-09-09,150
107,2026-09-09,165
107,2026-09-09,180
107,2026-09-09,195
107,2026-09-09,210
107,2026-09-09,225
107,2026-09-09,240
107,2026-09-09,255
107,2026-09-09,270
107,2026-09-09,285
107,2026-09-09,300
107,2026-09-09,315
107,2026-09-09,330
107,2026-09-09,345
107,2026-09-09,360
107,2026-09-09,375
107,2026-09-09,390
107,2026-09-09,405
107,2026-09-09,420
107,2026-09-09,435
107,2026-09-09,450
107,2026-09-09,465
107,2026-09-09,480
107,2026-09-09,495
107,2026-09-09,510
107,2026-09-09,525
107,2026-09-09,540
107,2026-09-09,555
107,2026-09-09,570
107,2026-09-09,585
107,2026-09-09,600
107,2026-09-09,615
107,2026-09-09,630
107,2026-09-09,645
107,2026-09-09,660
107,2026-09-09,675
107,2026-09-09,690
107,2026-09-09,705
107,2026-09-09,720
107,2026-09-09,735
107,2026-09-09,750
107,2026-09-09,765
107,2026-09-09,780
107,2026-09-09,795
107,2026-09-09,810
107,2026-09-09,825
107,2026-09-09,840
107,2026-09-09,855
107,2026-09-09,870
107,2026-09-09,885
107,2026-09-09,900
107,2026-09-09,915
107,2026-09-09,930
107,2026-09-09,945
107,2026-09-09,960
107,2026-09-09,975
107,2026-09-09,990
107,2026-09-09,1005
107,2026-09-09,1020
107,2026-09-09,1035
107,2026-09-09,1050
107,2026-09-09,1065
107,2026-09-09,1080
107,2026-09-09,1095
107,2026-09-09,1110
107,2026-09-09,1125
107,2026-09-09,1140
107,2026-09-09,1155
107,2026-09-09,1170
107,2026-09-09,1185
107,2026-09-09,1200
107,2026-09-09,1215
107,2026-09-09,1230
107,2026-09-09,1245
107,2026-09-09,1260
107,2026-09-09,1275
107,2026-09-09,1290
107,2026-09-09,1305
107,2026-09-09,1320
107,2026-09-09,1335
107,2026-09-09,1350
107,2026-09-09,1365
107,2026-09-09,1380
107,2026-09-09,1395
107,2026-09-09,1410
107,2026-09-09,1425
108,2026-09-09,0
108,2026-09-09,15
108,2026-09-09,30
108,2026-09-09,45
108,2026-09-09,60
108,2026-09-09,75
108,2026-09-09,90
108,2026-09-09,105
108,2026-09-09,120
108,2026-09-09,135
108,2026-09-09,150
108,2026-09-09,165
108,2026-09-09,180
108,2026-09-09,195
108,2026-09-09,210
108,2026-09-09,225
108,2026-09-09,240
108,2026-09-09,255
108,2026-09-09,270
108,2026-09-09,285
108,2026-09-09,300
108,2026-09-09,315
108,2026-09-09,330
108,2026-09-09,345
108,2026-09-09,360
108,2026-09-09,375
108,2026-09-09,390
108,2026-09-09,405
108,2026-09-09,420
108,2026-09-09,435
108,2026-09-09,450
108,2026-09-09,465
108,2026-09-09,480
108,2026-09-09,495
108,2026-09-09,510
108,2026-09-09,525
108,2026-09-09,540
108,2026-09-09,555
108,2026-09-09,570
108,2026-09-09,585
108,2026-09-09,600
108,2026-09-09,615
108,2026-09-09,630
108,2026-09-09,645
108,2026-09-09,660
108,2026-09-09,675
108,2026-09-09,690
108,2026-09-09,705
108,2026-09-09,720
108,2026-09-09,735
108,2026-09-09,750
108,2026-09-09,765
108,2026-09-09,780
108,2026-09-09,795
108,2026-09-09,810
108,2026-09-09,825
108,2026-09-09,840
108,2026-09-09,855
108,2026-09-09,870
108,2026-09-09,885
108,2026-09-09,900
108,2026-09-09,915
108,2026-09-09,930
108,2026-09-09,945
108,2026-09-09,960
108,2026-09-09,975
108,2026-09-09,990
108,2026-09-09,1005
108,2026-09-09,1020
108,2026-09-09,1035
108,2026-09-09,1050
108,2026-09-09,1065
108,2026-09-09,1080
108,2026-09-09,1095
108,2026-09-09,1110
108,2026-09-09,1125
108,2026-09-09,1140
108,2026-09-09,1155
108,2026-09-09,1170
108,2026-09-09,1185
108,2026-09-09,1200
108,2026-09-09,1215
108,2026-09-09,1230
108,2026-09-09,1245
108,2026-09-09,1260
108,2026-09-09,1275
108,2026-09-09,1290
108,2026-09-09,1305
108,2026-09-09,1320
108,2026-09-09,1335
108,2026-09-09,1350
108,2026-09-09,1365
108,2026-09-09,1380
108,2026-09-09,1395
108,2026-09-09,1410
108,2026-09-09,1425
109,2026-09-09,0
109,2026-09-09,15
109,2026-09-09,30
109,2026-09-09,45
109,2026-09-09,60
109,2026-09-09,75
109,2026-09-09,90
109,2026-09-09,105
109,2026-09-09,120
109,2026-09-09,135
109,2026-09-09,150
109,2026-09-09,165
109,2026-09-09,180
109,2026-09-09,195
109,2026-09-09,210
109,2026-09-09,225
109,2026-09-09,240
109,2026-09-09,255
109,2026-09-09,270
109,2026-09-09,285
109,2026-09-09,300
109,2026-09-09,315
109,2026-09-09,330
109,2026-09-09,345
109,2026-09-09,360
109,2026-09-09,375
109,2026-09-09,390
109,2026-09-09,405
109,2026-09-09,420
109,2026-09-09,435
109,2026-09-09,450
109,2026-09-09,465
109,2026-09-09,480
109,2026-09-09,495
109,2026-09-09,510
109,2026-09-09,525
109,2026-09-09,540
109,2026-09-09,555
109,2026-09-09,570
109,2026-09-09,585
109,2026-09-09,600
109,2026-09-09,615
109,2026-09-09,630
109,2026-09-09,645
109,2026-09-09,660
109,2026-09-09,675
109,2026-09-09,690
109,2026-09-09,705
109,2026-09-09,720
109,2026-09-09,735
109,2026-09-09,750
109,2026-09-09,765
109,2026-09-09,780
109,2026-09-09,795
109,2026-09-09,810
109,2026-09-09,825
109,2026-09-09,840
109,2026-09-09,855
109,2026-09-09,870
109,2026-09-09,885
109,2026-09-09,900
109,2026-09-09,915
109,2026-09-09,930
109,2026-09-09,945
109,2026-09-09,960
109,2026-09-09,975
109,2026-09-09,990
109,2026-09-09,1005
109,2026-09-09,1020
109,2026-09-09,1035
109,2026-09-09,1050
109,2026-09-09,1065
109,2026-09-09,1080
109,2026-09-09,1095
109,2026-09-09,1110
109,2026-09-09,1125
109,2026-09-09,1140
109,2026-09-09,1155
109,2026-09-09,1170
109,2026-09-09,1185
109,2026-09-09,1200
109,2026-09-09,1215
109,2026-09-09,1230
109,2026-09-09,1245
109,2026-09-09,1260
109,2026-09-09,1275
109,2026-09-09,1290
109,2026-09-09,1305
109,2026-09-09,1320
109,2026-09-09,1335
109,2026-09-09,1350
109,2026-09-09,1365
109,2026-09-09,1380
109,2026-09-09,1395
109,2026-09-09,1410
109,2026-09-09,1425
110,2026-09-09,0
110,2026-09-09,15
110,2026-09-09,30
110,2026-09-09,45
110,2026-09-09,60
110,2026-09-09,75
110,2026-09-09,90
110,2026-09-09,105
110,2026-09-09,120
110,2026-09-09,135
110,2026-09-09,150
110,2026-09-09,165
110,2026-09-09,180
110,2026-09-09,195
110,2026-09-09,210
110,2026-09-09,225
110,2026-09-09,240
110,2026-09-09,255
110,2026-09-09,270
110,2026-09-09,285
110,2026-09-09,300
110,2026-09-09,315
110,2026-09-09,330
110,2026-09-09,345
110,2026-09-09,360
110,2026-09-09,375
110,2026-09-09,390
110,2026-09-09,405
110,2026-09-09,420
110,2026-09-09,435
110,2026-09-09,450
110,2026-09-09,465
110,2026-09-09,480
110,2026-09-09,495
110,2026-09-09,510
110,2026-09-09,525
110,2026-09-09,540
110,2026-09-09,555
110,2026-09-09,570
110,2026-09-09,585
110,2026-09-09,600
110,2026-09-09,615
110,2026-09-09,630
110,2026-09-09,645
110,2026-09-09,660
110,2026-09-09,675
110,2026-09-09,690
110,2026-09-09,705
110,2026-09-09,720
110,2026-09-09,735
110,2026-09-09,750
110,2026-09-09,765
110,2026-09-09,780
110,2026-09-09,795
110,2026-09-09,810
110,2026-09-09,825
110,2026-09-09,840
110,2026-09-09,855
110,2026-09-09,870
110,2026-09-09,885
110,2026-09-09,900
110,2026-09-09,915
110,2026-09-09,930
110,2026-09-09,945
110,2026-09-09,960
110,2026-09-09,975
110,2026-09-09,990
110,2026-09-09,1005
110,2026-09-09,1020
110,2026-09-09,1035
110,2026-09-09,1050
110,2026-09-09,1065
110,2026-09-09,1080
110,2026-09-09,1095
110,2026-09-09,1110
110,2026-09-09,1125
110,2026-09-09,1140
110,2026-09-09,1155
110,2026-09-09,1170
110,2026-09-09,1185
110,2026-09-09,1200
110,2026-09-09,1215
110,2026-09-09,1230
110,2026-09-09,1245
110,2026-09-09,1260
110,2026-09-09,1275
110,2026-09-09,1290
110,2026-09-09,1305
110,2026-09-09,1320
110,2026-09-09,1335
110,2026-09-09,1350
110,2026-09-09,1365
110,2026-09-09,1380
110,2026-09-09,1395
110,2026-09-09,1410
110,2026-09-09,1425
111,2026-09-09,0
111,2026-09-09,15
111,2026-09-09,30
111,2026-09-09,45
111,2026-09-09,60
111,2026-09-09,75
111,2026-09-09,90
111,2026-09-09,105
111,2026-09-09,120
111,2026-09-09,135
111,2026-09-09,150
111,2026-09-09,165
111,2026-09-09,180
111,2026-09-09,195
111,2026-09-09,210
111,2026-09-09,225
111,2026-09-09,240
111,2026-09-09,255
111,2026-09-09,270
111,2026-09-09,285
111,2026-09-09,300
111,2026-09-09,315
111,2026-09-09,330
111,2026-09-09,345
111,2026-09-09,360
111,2026-09-09,375
111,2026-09-09,390
111,2026-09-09,405
111,2026-09-09,420
111,2026-09-09,435
111,2026-09-09,450
111,2026-09-09,465
111,2026-09-09,480
111,2026-09-09,495
111,2026-09-09,510
111,2026-09-09,525
111,2026-09-09,540
111,2026-09-09,555
111,2026-09-09,720
111,2026-09-09,735
111,2026-09-09,750
111,2026-09-09,765
111,2026-09-09,780
111,2026-09-09,795
111,2026-09-09,810
111,2026-09-09,825
111,2026-09-09,840
111,2026-09-09,855
111,2026-09-09,870
111,2026-09-09,885
111,2026-09-09,900
111,2026-09-09,915
111,2026-09-09,930
111,2026-09-09,945
111,2026-09-09,960
111,2026-09-09,975
111,2026-09-09,990
111,2026-09-09,1005
111,2026-09-09,1020
111,2026-09-09,1035
111,2026-09-09,1050
111,2026-09-09,1065
111,2026-09-09,1080
111,2026-09-09,1095
111,2026-09-09,1110
111,2026-09-09,1125
111,2026-09-09,1140
111,2026-09-09,1155
111,2026-09-09,1170
111,2026-09-09,1185
111,2026-09-09,1200
111,2026-09-09,1215
111,2026-09-09,1230
111,2026-09-09,1245
111,2026-09-09,1260
111,2026-09-09,1275
111,2026-09-09,1290
111,2026-09-09,1305
111,2026-09-09,1320
111,2026-09-09,1335
111,2026-09-09,1350
111,2026-09-09,1365
111,2026-09-09,1380
111,2026-09-09,1395
111,2026-09-09,1410
111,2026-09-09,1425
112,2026-09-09,0
112,2026-09-09,15
112,2026-09-09,30
112,2026-09-09,45
112,2026-09-09,60
112,2026-09-09,75
112,2026-09-09,90
112,2026-09-09,105
112,2026-09-09,120
112,2026-09-09,135
112,2026-09-09,150
112,2026-09-09,165
112,2026-09-09,180
112,2026-09-09,195
112,2026-09-09,210
112,2026-09-09,225
112,2026-09-09,240
112,2026-09-09,255
112,2026-09-09,270
112,2026-09-09,285
112,2026-09-09,300
112,2026-09-09,315
112,2026-09-09,330
112,2026-09-09,345
112,2026-09-09,360
112,2026-09-09,375
112,2026-09-09,390
112,2026-09-09,405
112,2026-09-09,420
112,2026-09-09,435
112,2026-09-09,450
112,2026-09-09,465
112,2026-09-09,480
112,2026-09-09,495
112,2026-09-09,510
112,2026-09-09,525
112,2026-09-09,540
112,2026-09-09,555
112,2026-09-09,570
112,2026-09-09,585
112,2026-09-09,600
112,2026-09-09,615
112,2026-09-09,630
112,2026-09-09,645
112,2026-09-09,660
112,2026-09-09,675
112,2026-09-09,690
112,2026-09-09,705
112,2026-09-09,720
112,2026-09-09,735
112,2026-09-09,750
112,2026-09-09,765
112,2026-09-09,780
112,2026-09-09,795
112,2026-09-09,810
112,2026-09-09,825
112,2026-09-09,840
112,2026-09-09,855
112,2026-09-09,870
112,2026-09-09,885
112,2026-09-09,900
112,2026-09-09,915
112,2026-09-09,930
112,2026-09-09,945
112,2026-09-09,960
112,2026-09-09,975
112,2026-09-09,990
112,2026-09-09,1005
112,2026-09-09,1020
112,2026-09-09,1035
112,2026-09-09,1050
112,2026-09-09,1065
112,2026-09-09,1080
112,2026-09-09,1095
112,2026-09-09,1110
112,2026-09-09,1125
112,2026-09-09,1140
112,2026-09-09,1155
112,2026-09-09,1170
112,2026-09-09,1185
112,2026-09-09,1200
112,2026-09-09,1215
112,2026-09-09,1230
112,2026-09-09,1245
112,2026-09-09,1260
112,2026-09-09,1275
112,2026-09-09,1290
112,2026-09-09,1305
112,2026-09-09,1320
112,2026-09-09,1335
112,2026-09-09,1350
112,2026-09-09,1365
112,2026-09-09,1380
112,2026-09-09,1395
112,2026-09-09,1410
112,2026-09-09,1425
113,2026-09-09,735
113,2026-09-09,750
113,2026-09-09,765
113,2026-09-09,780
113,2026-09-09,795
113,2026-09-09,810
113,2026-09-09,825
113,2026-09-09,840
113,2026-09-09,855
113,2026-09-09,870
113,2026-09-09,885
113,2026-09-09,900
113,2026-09-09,915
113,2026-09-09,930
113,2026-09-09,945
113,2026-09-09,960
113,2026-09-09,975
113,2026-09-09,990
113,2026-09-09,1005
113,2026-09-09,1020
113,2026-09-09,1035
113,2026-09-09,1050
113,2026-09-09,1065
113,2026-09-09,1080
113,2026-09-09,1095
113,2026-09-09,1110
113,2026-09-09,1125
113,2026-09-09,1140
113,2026-09-09,1155
113,2026-09-09,1170
113,2026-09-09,1185
113,2026-09-09,1200
113,2026-09-09,1215
113,2026-09-09,1230
113,2026-09-09,1245
113,2026-09-09,1260
113,2026-09-09,1275
113,2026-09-09,1290
113,2026-09-09,1305
113,2026-09-09,1320
113,2026-09-09,1335
113,2026-09-09,1350
113,2026-09-09,1365
113,2026-09-09,1380
113,2026-09-09,1395
113,2026-09-09,1410
113,2026-09-09,1425
114,2026-09-09,0
114,2026-09-09,15
114,2026-09-09,30
114,2026-09-09,45
114,2026-09-09,60
114,2026-09-09,75
114,2026-09-09,90
114,2026-09-09,105
114,2026-09-09,120
114,2026-09-09,135
114,2026-09-09,150
114,2026-09-09,165
114,2026-09-09,180
114,2026-09-09,195
114,2026-09-09,210
114,2026-09-09,225
114,2026-09-09,240
114,2026-09-09,255
114,2026-09-09,270
114,2026-09-09,285
114,2026-09-09,300
114,2026-09-09,315
114,2026-09-09,330
114,2026-09-09,345
114,2026-09-09,360
114,2026-09-09,375
114,2026-09-09,390
114,2026-09-09,405
114,2026-09-09,420
114,2026-09-09,435
114,2026-09-09,450
114,2026-09-09,465
114,2026-09-09,480
114,2026-09-09,495
114,2026-09-09,510
114,2026-09-09,525
114,2026-09-09,540
114,2026-09-09,555
114,2026-09-09,570
114,2026-09-09,585
114,2026-09-09,600
114,2026-09-09,615
114,2026-09-09,975
114,2026-09-09,990
114,2026-09-09,1005
114,2026-09-09,1020
114,2026-09-09,1035
114,2026-09-09,1050
114,2026-09-09,1065
114,2026-09-09,1080
114,2026-09-09,1095
114,2026-09-09,1110
114,2026-09-09,1125
114,2026-09-09,1140
114,2026-09-09,1155
114,2026-09-09,1170
114,2026-09-09,1185
114,2026-09-09,1200
114,2026-09-09,1215
114,2026-09-09,1230
114,2026-09-09,1245
114,2026-09-09,1260
114,2026-09-09,1275
114,2026-09-09,1290
114,2026-09-09,1305
114,2026-09-09,1320
114,2026-09-09,1335
114,2026-09-09,1350
114,2026-09-09,1365
114,2026-09-09,1380
114,2026-09-09,1395
114,2026-09-09,1410
114,2026-09-09,1425
115,2026-09-09,0
115,2026-09-09,15
115,2026-09-09,30
115,2026-09-09,45
115,2026-09-09,60
115,2026-09-09,75
115,2026-09-09,90
115,2026-09-09,105
115,2026-09-09,120
115,2026-09-09,135
115,2026-09-09,150
115,2026-09-09,165
115,2026-09-09,180
115,2026-09-09,195
115,2026-09-09,210
115,2026-09-09,225
115,2026-09-09,240
115,2026-09-09,255
115,2026-09-09,270
115,2026-09-09,285
115,2026-09-09,300
115,2026-09-09,315
115,2026-09-09,330
115,2026-09-09,345
115,2026-09-09,360
115,2026-09-09,375
115,2026-09-09,390
115,2026-09-09,405
115,2026-09-09,420
115,2026-09-09,435
115,2026-09-09,450
115,2026-09-09,465
115,2026-09-09,660
115,2026-09-09,675
115,2026-09-09,690
115,2026-09-09,705
115,2026-09-09,720
115,2026-09-09,735
115,2026-09-09,750
115,2026-09-09,765
115,2026-09-09,780
115,2026-09-09,795
115,2026-09-09,810
115,2026-09-09,825
115,2026-09-09,840
115,2026-09-09,855
115,2026-09-09,870
115,2026-09-09,885
115,2026-09-09,900
115,2026-09-09,915
115,2026-09-09,930
115,2026-09-09,945
115,2026-09-09,960
115,2026-09-09,975
115,2026-09-09,990
115,2026-09-09,1005
115,2026-09-09,1020
115,2026-09-09,1035
115,2026-09-09,1050
115,2026-09-09,1065
115,2026-09-09,1080
115,2026-09-09,1095
115,2026-09-09,1110
115,2026-09-09,1125
115,2026-09-09,1140
115,2026-09-09,1155
115,2026-09-09,1170
115,2026-09-09,1185
115,2026-09-09,1200
115,2026-09-09,1215
115,2026-09-09,1230
115,2026-09-09,1245
115,2026-09-09,1260
115,2026-09-09,1275
115,2026-09-09,1290
115,2026-09-09,1305
115,2026-09-09,1320
115,2026-09-09,1335
115,2026-09-09,1350
115,2026-09-09,1365
115,2026-09-09,1380
115,2026-09-09,1395
115,2026-09-09,1410
115,2026-09-09,1425
116,2026-09-09,0
116,2026-09-09,15
116,2026-09-09,30
116,2026-09-09,45
116,2026-09-09,60
116,2026-09-09,75
116,2026-09-09,90
116,2026-09-09,105
116,2026-09-09,120
116,2026-09-09,135
116,2026-09-09,150
116,2026-09-09,165
116,2026-09-09,180
116,2026-09-09,195
116,2026-09-09,210
116,2026-09-09,225
116,2026-09-09,240
116,2026-09-09,255
116,2026-09-09,270
116,2026-09-09,285
116,2026-09-09,300
116,2026-09-09,315
116,2026-09-09,330
116,2026-09-09,345
116,2026-09-09,360
116,2026-09-09,375
116,2026-09-09,390
116,2026-09-09,405
116,2026-09-09,420
116,2026-09-09,435
116,2026-09-09,450
116,2026-09-09,465
116,2026-09-09,480
116,2026-09-09,495
116,2026-09-09,510
116,2026-09-09,525
116,2026-09-09,540
116,2026-09-09,555
116,2026-09-09,570
116,2026-09-09,585
116,2026-09-09,600
116,2026-09-09,615
116,2026-09-09,630
116,2026-09-09,645
116,2026-09-09,660
116,2026-09-09,675
116,2026-09-09,690
116,2026-09-09,705
116,2026-09-09,720
116,2026-09-09,735
116,2026-09-09,750
116,2026-09-09,765
116,2026-09-09,780
116,2026-09-09,795
116,2026-09-09,810
116,2026-09-09,825
116,2026-09-09,840
116,2026-09-09,855
116,2026-09-09,870
116,2026-09-09,885
116,2026-09-09,900
116,2026-09-09,915
116,2026-09-09,930
116,2026-09-09,945
116,2026-09-09,1260
116,2026-09-09,1275
116,2026-09-09,1290
116,2026-09-09,1305
116,2026-09-09,1320
116,2026-09-09,1335
116,2026-09-09,1350
116,2026-09-09,1365
116,2026-09-09,1380
116,2026-09-09,1395
116,2026-09-09,1410
116,2026-09-09,1425
31,2026-09-10,0
31,2026-09-10,15
31,2026-09-10,30
31,2026-09-10,45
31,2026-09-10,60
31,2026-09-10,75
31,2026-09-10,90
31,2026-09-10,105
31,2026-09-10,120
31,2026-09-10,135
31,2026-09-10,150
31,2026-09-10,165
31,2026-09-10,180
31,2026-09-10,195
31,2026-09-10,210
31,2026-09-10,225
31,2026-09-10,240
31,2026-09-10,255
31,2026-09-10,270
31,2026-09-10,285
31,2026-09-10,300
31,2026-09-10,315
31,2026-09-10,330
31,2026-09-10,345
31,2026-09-10,360
31,2026-09-10,375
31,2026-09-10,390
31,2026-09-10,405
31,2026-09-10,420
31,2026-09-10,435
31,2026-09-10,450
31,2026-09-10,465
31,2026-09-10,480
31,2026-09-10,495
31,2026-09-10,510
31,2026-09-10,525
31,2026-09-10,540
31,2026-09-10,555
31,2026-09-10,570
31,2026-09-10,585
31,2026-09-10,600
31,2026-09-10,615
31,2026-09-10,630
31,2026-09-10,645
31,2026-09-10,660
31,2026-09-10,675
31,2026-09-10,690
31,2026-09-10,705
31,2026-09-10,720
31,2026-09-10,735
31,2026-09-10,750
31,2026-09-10,765
31,2026-09-10,780
31,2026-09-10,795
31,2026-09-10,810
31,2026-09-10,825
31,2026-09-10,840
31,2026-09-10,855
31,2026-09-10,870
31,2026-09-10,885
31,2026-09-10,900
31,2026-09-10,915
31,2026-09-10,930
31,2026-09-10,945
31,2026-09-10,960
31,2026-09-10,975
31,2026-09-10,990
31,2026-09-10,1005
31,2026-09-10,1020
31,2026-09-10,1035
31,2026-09-10,1050
31,2026-09-10,1065
31,2026-09-10,1080
31,2026-09-10,1095
31,2026-09-10,1110
31,2026-09-10,1125
31,2026-09-10,1140
31,2026-09-10,1155
31,2026-09-10,1170
31,2026-09-10,1185
31,2026-09-10,1200
31,2026-09-10,1215
31,2026-09-10,1230
31,2026-09-10,1245
31,2026-09-10,1260
31,2026-09-10,1275
31,2026-09-10,1290
31,2026-09-10,1305
31,2026-09-10,1320
31,2026-09-10,1335
31,2026-09-10,1350
31,2026-09-10,1365
31,2026-09-10,1380
31,2026-09-10,1395
31,2026-09-10,1410
31,2026-09-10,1425
45,2026-09-10,0
45,2026-09-10,15
45,2026-09-10,30
45,2026-09-10,45
45,2026-09-10,60
45,2026-09-10,75
45,2026-09-10,90
45,2026-09-10,105
45,2026-09-10,120
45,2026-09-10,135
45,2026-09-10,150
45,2026-09-10,165
45,2026-09-10,180
45,2026-09-10,195
45,2026-09-10,210
45,2026-09-10,225
45,2026-09-10,240
45,2026-09-10,255
45,2026-09-10,270
45,2026-09-10,285
45,2026-09-10,300
45,2026-09-10,315
45,2026-09-10,330
45,2026-09-10,345
45,2026-09-10,360
45,2026-09-10,375
45,2026-09-10,390
45,2026-09-10,405
45,2026-09-10,420
45,2026-09-10,435
45,2026-09-10,450
45,2026-09-10,465
45,2026-09-10,1020
45,2026-09-10,1035
45,2026-09-10,1050
45,2026-09-10,1065
45,2026-09-10,1080
45,2026-09-10,1095
45,2026-09-10,1110
45,2026-09-10,1125
45,2026-09-10,1140
45,2026-09-10,1155
45,2026-09-10,1170
45,2026-09-10,1185
45,2026-09-10,1200
45,2026-09-10,1215
45,2026-09-10,1230
45,2026-09-10,1245
45,2026-09-10,1260
45,2026-09-10,1275
45,2026-09-10,1290
45,2026-09-10,1305
45,2026-09-10,1320
45,2026-09-10,1335
45,2026-09-10,1350
45,2026-09-10,1365
45,2026-09-10,1380
45,2026-09-10,1395
45,2026-09-10,1410
45,2026-09-10,1425
67,2026-09-10,0
67,2026-09-10,15
67,2026-09-10,30
67,2026-09-10,45
67,2026-09-10,60
67,2026-09-10,75
67,2026-09-10,90
67,2026-09-10,105
67,2026-09-10,120
67,2026-09-10,135
67,2026-09-10,150
67,2026-09-10,165
67,2026-09-10,180
67,2026-09-10,195
67,2026-09-10,210
67,2026-09-10,225
67,2026-09-10,240
67,2026-09-10,255
67,2026-09-10,270
67,2026-09-10,285
67,2026-09-10,300
67,2026-09-10,315
67,2026-09-10,330
67,2026-09-10,345
67,2026-09-10,360
67,2026-09-10,375
67,2026-09-10,390
67,2026-09-10,405
67,2026-09-10,420
67,2026-09-10,435
67,2026-09-10,450
67,2026-09-10,465
67,2026-09-10,480
67,2026-09-10,495
67,2026-09-10,510
67,2026-09-10,525
67,2026-09-10,540
67,2026-09-10,555
67,2026-09-10,570
67,2026-09-10,585
67,2026-09-10,600
67,2026-09-10,615
67,2026-09-10,630
67,2026-09-10,765
67,2026-09-10,780
67,2026-09-10,795
67,2026-09-10,810
67,2026-09-10,825
67,2026-09-10,840
67,2026-09-10,855
67,2026-09-10,870
67,2026-09-10,885
67,2026-09-10,900
67,2026-09-10,1035
67,2026-09-10,1050
67,2026-09-10,1065
67,2026-09-10,1080
67,2026-09-10,1095
67,2026-09-10,1110
67,2026-09-10,1125
67,2026-09-10,1140
67,2026-09-10,1155
67,2026-09-10,1170
67,2026-09-10,1185
67,2026-09-10,1200
67,2026-09-10,1215
67,2026-09-10,1230
67,2026-09-10,1245
67,2026-09-10,1260
67,2026-09-10,1275
67,2026-09-10,1290
67,2026-09-10,1305
67,2026-09-10,1320
67,2026-09-10,1335
67,2026-09-10,1350
67,2026-09-10,1365
67,2026-09-10,1380
67,2026-09-10,1395
67,2026-09-10,1410
67,2026-09-10,1425
91,2026-09-10,0
91,2026-09-10,15
91,2026-09-10,30
91,2026-09-10,45
91,2026-09-10,60
91,2026-09-10,75
91,2026-09-10,90
91,2026-09-10,105
91,2026-09-10,120
91,2026-09-10,135
91,2026-09-10,150
91,2026-09-10,165
91,2026-09-10,180
91,2026-09-10,195
91,2026-09-10,210
91,2026-09-10,225
91,2026-09-10,240
91,2026-09-10,255
91,2026-09-10,270
91,2026-09-10,285
91,2026-09-10,300
91,2026-09-10,315
91,2026-09-10,330
91,2026-09-10,345
91,2026-09-10,360
91,2026-09-10,375
91,2026-09-10,390
91,2026-09-10,405
91,2026-09-10,420
91,2026-09-10,435
91,2026-09-10,450
91,2026-09-10,465
91,2026-09-10,480
91,2026-09-10,495
91,2026-09-10,510
91,2026-09-10,525
91,2026-09-10,540
91,2026-09-10,555
91,2026-09-10,570
91,2026-09-10,585
91,2026-09-10,600
91,2026-09-10,615
91,2026-09-10,630
91,2026-09-10,645
91,2026-09-10,660
91,2026-09-10,675
91,2026-09-10,690
91,2026-09-10,705
91,2026-09-10,720
91,2026-09-10,735
91,2026-09-10,750
91,2026-09-10,765
91,2026-09-10,780
91,2026-09-10,795
91,2026-09-10,810
91,2026-09-10,825
91,2026-09-10,840
91,2026-09-10,855
91,2026-09-10,870
91,2026-09-10,885
91,2026-09-10,900
91,2026-09-10,915
91,2026-09-10,930
91,2026-09-10,945
91,2026-09-10,960
91,2026-09-10,975
91,2026-09-10,990
91,2026-09-10,1005
91,2026-09-10,1020
91,2026-09-10,1035
91,2026-09-10,1050
91,2026-09-10,1065
91,2026-09-10,1080
91,2026-09-10,1095
91,2026-09-10,1110
91,2026-09-10,1125
91,2026-09-10,1140
91,2026-09-10,1155
91,2026-09-10,1170
91,2026-09-10,1185
91,2026-09-10,1200
91,2026-09-10,1215
91,2026-09-10,1230
91,2026-09-10,1245
91,2026-09-10,1260
91,2026-09-10,1275
91,2026-09-10,1290
91,2026-09-10,1305
91,2026-09-10,1320
91,2026-09-10,1335
91,2026-09-10,1350
91,2026-09-10,1365
91,2026-09-10,1380
91,2026-09-10,1395
91,2026-09-10,1410
91,2026-09-10,1425
94,2026-09-10,0
94,2026-09-10,15
94,2026-09-10,30
94,2026-09-10,45
94,2026-09-10,60
94,2026-09-10,75
94,2026-09-10,90
94,2026-09-10,105
94,2026-09-10,120
94,2026-09-10,135
94,2026-09-10,150
94,2026-09-10,165
94,2026-09-10,180
94,2026-09-10,195
94,2026-09-10,210
94,2026-09-10,225
94,2026-09-10,240
94,2026-09-10,255
94,2026-09-10,270
94,2026-09-10,285
94,2026-09-10,300
94,2026-09-10,315
94,2026-09-10,330
94,2026-09-10,345
94,2026-09-10,360
94,2026-09-10,375
94,2026-09-10,390
94,2026-09-10,405
94,2026-09-10,420
94,2026-09-10,435
94,2026-09-10,450
94,2026-09-10,465
94,2026-09-10,480
94,2026-09-10,495
94,2026-09-10,510
94,2026-09-10,525
94,2026-09-10,900
94,2026-09-10,915
94,2026-09-10,930
94,2026-09-10,945
94,2026-09-10,960
94,2026-09-10,975
94,2026-09-10,990
94,2026-09-10,1005
94,2026-09-10,1020
94,2026-09-10,1035
94,2026-09-10,1050
94,2026-09-10,1065
94,2026-09-10,1080
94,2026-09-10,1095
94,2026-09-10,1110
94,2026-09-10,1125
94,2026-09-10,1140
94,2026-09-10,1155
94,2026-09-10,1170
94,2026-09-10,1185
94,2026-09-10,1200
94,2026-09-10,1215
94,2026-09-10,1230
94,2026-09-10,1245
94,2026-09-10,1260
94,2026-09-10,1275
94,2026-09-10,1290
94,2026-09-10,1305
94,2026-09-10,1320
94,2026-09-10,1335
94,2026-09-10,1350
94,2026-09-10,1365
94,2026-09-10,1380
94,2026-09-10,1395
94,2026-09-10,1410
94,2026-09-10,1425
95,2026-09-10,0
95,2026-09-10,15
95,2026-09-10,30
95,2026-09-10,45
95,2026-09-10,60
95,2026-09-10,75
95,2026-09-10,90
95,2026-09-10,105
95,2026-09-10,120
95,2026-09-10,135
95,2026-09-10,150
95,2026-09-10,165
95,2026-09-10,180
95,2026-09-10,195
95,2026-09-10,210
95,2026-09-10,225
95,2026-09-10,240
95,2026-09-10,255
95,2026-09-10,270
95,2026-09-10,285
95,2026-09-10,300
95,2026-09-10,315
95,2026-09-10,330
95,2026-09-10,345
95,2026-09-10,360
95,2026-09-10,375
95,2026-09-10,390
95,2026-09-10,405
95,2026-09-10,420
95,2026-09-10,435
95,2026-09-10,450
95,2026-09-10,465
95,2026-09-10,480
95,2026-09-10,495
95,2026-09-10,510
95,2026-09-10,525
95,2026-09-10,540
95,2026-09-10,555
95,2026-09-10,570
95,2026-09-10,585
95,2026-09-10,600
95,2026-09-10,615
95,2026-09-10,630
95,2026-09-10,645
95,2026-09-10,660
95,2026-09-10,675
95,2026-09-10,690
95,2026-09-10,705
95,2026-09-10,720
95,2026-09-10,735
95,2026-09-10,750
95,2026-09-10,765
95,2026-09-10,780
95,2026-09-10,795
95,2026-09-10,810
95,2026-09-10,825
95,2026-09-10,840
95,2026-09-10,855
95,2026-09-10,870
95,2026-09-10,885
95,2026-09-10,900
95,2026-09-10,915
95,2026-09-10,930
95,2026-09-10,945
95,2026-09-10,960
95,2026-09-10,975
95,2026-09-10,990
95,2026-09-10,1005
95,2026-09-10,1020
95,2026-09-10,1035
95,2026-09-10,1050
95,2026-09-10,1065
95,2026-09-10,1080
95,2026-09-10,1095
95,2026-09-10,1110
95,2026-09-10,1125
95,2026-09-10,1140
95,2026-09-10,1155
95,2026-09-10,1170
95,2026-09-10,1185
95,2026-09-10,1200
95,2026-09-10,1215
95,2026-09-10,1230
95,2026-09-10,1245
95,2026-09-10,1260
95,2026-09-10,1275
95,2026-09-10,1290
95,2026-09-10,1305
95,2026-09-10,1320
95,2026-09-10,1335
95,2026-09-10,1350
95,2026-09-10,1365
95,2026-09-10,1380
95,2026-09-10,1395
95,2026-09-10,1410
95,2026-09-10,1425
96,2026-09-10,0
96,2026-09-10,15
96,2026-09-10,30
96,2026-09-10,45
96,2026-09-10,60
96,2026-09-10,75
96,2026-09-10,90
96,2026-09-10,105
96,2026-09-10,120
96,2026-09-10,135
96,2026-09-10,150
96,2026-09-10,165
96,2026-09-10,180
96,2026-09-10,195
96,2026-09-10,210
96,2026-09-10,225
96,2026-09-10,240
96,2026-09-10,255
96,2026-09-10,270
96,2026-09-10,285
96,2026-09-10,300
96,2026-09-10,315
96,2026-09-10,330
96,2026-09-10,345
96,2026-09-10,360
96,2026-09-10,375
96,2026-09-10,390
96,2026-09-10,405
96,2026-09-10,420
96,2026-09-10,435
96,2026-09-10,450
96,2026-09-10,465
96,2026-09-10,480
96,2026-09-10,495
96,2026-09-10,510
96,2026-09-10,525
96,2026-09-10,540
96,2026-09-10,555
96,2026-09-10,570
96,2026-09-10,585
96,2026-09-10,600
96,2026-09-10,615
96,2026-09-10,630
96,2026-09-10,645
96,2026-09-10,660
96,2026-09-10,675
96,2026-09-10,690
96,2026-09-10,705
96,2026-09-10,720
96,2026-09-10,735
96,2026-09-10,750
96,2026-09-10,765
96,2026-09-10,780
96,2026-09-10,795
96,2026-09-10,810
96,2026-09-10,825
96,2026-09-10,1020
96,2026-09-10,1035
96,2026-09-10,1050
96,2026-09-10,1065
96,2026-09-10,1080
96,2026-09-10,1095
96,2026-09-10,1110
96,2026-09-10,1125
96,2026-09-10,1140
96,2026-09-10,1155
96,2026-09-10,1170
96,2026-09-10,1185
96,2026-09-10,1200
96,2026-09-10,1215
96,2026-09-10,1230
96,2026-09-10,1245
96,2026-09-10,1260
96,2026-09-10,1275
96,2026-09-10,1290
96,2026-09-10,1305
96,2026-09-10,1320
96,2026-09-10,1335
96,2026-09-10,1350
96,2026-09-10,1365
96,2026-09-10,1380
96,2026-09-10,1395
96,2026-09-10,1410
96,2026-09-10,1425
97,2026-09-10,840
97,2026-09-10,855
97,2026-09-10,870
97,2026-09-10,885
97,2026-09-10,900
97,2026-09-10,915
97,2026-09-10,930
97,2026-09-10,945
97,2026-09-10,960
97,2026-09-10,975
97,2026-09-10,990
97,2026-09-10,1005
97,2026-09-10,1020
97,2026-09-10,1035
97,2026-09-10,1050
97,2026-09-10,1065
97,2026-09-10,1080
97,2026-09-10,1095
97,2026-09-10,1110
97,2026-09-10,1125
97,2026-09-10,1140
97,2026-09-10,1155
97,2026-09-10,1170
97,2026-09-10,1185
97,2026-09-10,1200
97,2026-09-10,1215
97,2026-09-10,1230
97,2026-09-10,1245
97,2026-09-10,1260
97,2026-09-10,1275
97,2026-09-10,1290
97,2026-09-10,1305
97,2026-09-10,1320
97,2026-09-10,1335
97,2026-09-10,1350
97,2026-09-10,1365
98,2026-09-10,0
98,2026-09-10,15
98,2026-09-10,30
98,2026-09-10,45
98,2026-09-10,60
98,2026-09-10,75
98,2026-09-10,90
98,2026-09-10,105
98,2026-09-10,120
98,2026-09-10,135
98,2026-09-10,150
98,2026-09-10,165
98,2026-09-10,180
98,2026-09-10,195
98,2026-09-10,210
98,2026-09-10,225
98,2026-09-10,240
98,2026-09-10,255
98,2026-09-10,270
98,2026-09-10,285
98,2026-09-10,300
98,2026-09-10,315
98,2026-09-10,330
98,2026-09-10,345
98,2026-09-10,360
98,2026-09-10,375
98,2026-09-10,390
98,2026-09-10,405
98,2026-09-10,420
98,2026-09-10,435
98,2026-09-10,450
98,2026-09-10,465
98,2026-09-10,480
98,2026-09-10,495
98,2026-09-10,510
98,2026-09-10,525
98,2026-09-10,540
98,2026-09-10,555
98,2026-09-10,570
98,2026-09-10,585
98,2026-09-10,600
98,2026-09-10,615
98,2026-09-10,630
98,2026-09-10,645
98,2026-09-10,660
98,2026-09-10,675
98,2026-09-10,690
98,2026-09-10,705
98,2026-09-10,720
98,2026-09-10,735
98,2026-09-10,750
98,2026-09-10,765
98,2026-09-10,780
98,2026-09-10,795
98,2026-09-10,810
98,2026-09-10,825
98,2026-09-10,840
98,2026-09-10,855
98,2026-09-10,870
98,2026-09-10,885
98,2026-09-10,900
98,2026-09-10,915
98,2026-09-10,930
98,2026-09-10,945
98,2026-09-10,960
98,2026-09-10,975
98,2026-09-10,990
98,2026-09-10,1005
98,2026-09-10,1020
98,2026-09-10,1035
98,2026-09-10,1050
98,2026-09-10,1065
98,2026-09-10,1080
98,2026-09-10,1095
98,2026-09-10,1110
98,2026-09-10,1125
98,2026-09-10,1140
98,2026-09-10,1155
98,2026-09-10,1170
98,2026-09-10,1185
98,2026-09-10,1200
98,2026-09-10,1215
98,2026-09-10,1230
98,2026-09-10,1245
98,2026-09-10,1260
98,2026-09-10,1275
98,2026-09-10,1290
98,2026-09-10,1305
98,2026-09-10,1320
98,2026-09-10,1335
98,2026-09-10,1350
98,2026-09-10,1365
98,2026-09-10,1380
98,2026-09-10,1395
98,2026-09-10,1410
98,2026-09-10,1425
99,2026-09-10,0
99,2026-09-10,15
99,2026-09-10,30
99,2026-09-10,45
99,2026-09-10,60
99,2026-09-10,75
99,2026-09-10,90
99,2026-09-10,105
99,2026-09-10,120
99,2026-09-10,135
99,2026-09-10,150
99,2026-09-10,165
99,2026-09-10,180
99,2026-09-10,195
99,2026-09-10,210
99,2026-09-10,225
99,2026-09-10,240
99,2026-09-10,255
99,2026-09-10,270
99,2026-09-10,285
99,2026-09-10,300
99,2026-09-10,315
99,2026-09-10,330
99,2026-09-10,345
99,2026-09-10,360
99,2026-09-10,375
99,2026-09-10,390
99,2026-09-10,405
99,2026-09-10,420
99,2026-09-10,435
99,2026-09-10,450
99,2026-09-10,465
99,2026-09-10,480
99,2026-09-10,495
99,2026-09-10,720
99,2026-09-10,735
99,2026-09-10,750
99,2026-09-10,765
99,2026-09-10,780
99,2026-09-10,795
99,2026-09-10,810
99,2026-09-10,825
99,2026-09-10,840
99,2026-09-10,855
99,2026-09-10,870
99,2026-09-10,885
99,2026-09-10,900
99,2026-09-10,915
99,2026-09-10,930
99,2026-09-10,945
99,2026-09-10,960
99,2026-09-10,975
99,2026-09-10,990
99,2026-09-10,1005
99,2026-09-10,1020
99,2026-09-10,1035
99,2026-09-10,1050
99,2026-09-10,1065
99,2026-09-10,1080
99,2026-09-10,1095
99,2026-09-10,1110
99,2026-09-10,1125
99,2026-09-10,1140
99,2026-09-10,1155
99,2026-09-10,1170
99,2026-09-10,1185
99,2026-09-10,1200
99,2026-09-10,1215
99,2026-09-10,1230
99,2026-09-10,1245
99,2026-09-10,1260
99,2026-09-10,1275
99,2026-09-10,1290
99,2026-09-10,1305
99,2026-09-10,1320
99,2026-09-10,1335
99,2026-09-10,1350
99,2026-09-10,1365
99,2026-09-10,1380
99,2026-09-10,1395
99,2026-09-10,1410
99,2026-09-10,1425
101,2026-09-10,960
101,2026-09-10,975
101,2026-09-10,990
101,2026-09-10,1005
101,2026-09-10,1020
101,2026-09-10,1035
101,2026-09-10,1050
101,2026-09-10,1065
101,2026-09-10,1080
101,2026-09-10,1095
101,2026-09-10,1110
101,2026-09-10,1125
102,2026-09-10,1020
102,2026-09-10,1035
102,2026-09-10,1050
102,2026-09-10,1065
102,2026-09-10,1080
102,2026-09-10,1095
102,2026-09-10,1110
102,2026-09-10,1125
102,2026-09-10,1140
102,2026-09-10,1155
102,2026-09-10,1170
102,2026-09-10,1185
102,2026-09-10,1200
102,2026-09-10,1215
102,2026-09-10,1230
102,2026-09-10,1245
102,2026-09-10,1260
102,2026-09-10,1275
102,2026-09-10,1290
102,2026-09-10,1305
103,2026-09-10,540
103,2026-09-10,555
103,2026-09-10,570
103,2026-09-10,585
103,2026-09-10,600
103,2026-09-10,615
103,2026-09-10,630
103,2026-09-10,645
103,2026-09-10,660
103,2026-09-10,675
103,2026-09-10,690
103,2026-09-10,705
103,2026-09-10,720
103,2026-09-10,735
103,2026-09-10,750
103,2026-09-10,765
103,2026-09-10,780
104,2026-09-10,990
104,2026-09-10,1005
104,2026-09-10,1020
104,2026-09-10,1035
104,2026-09-10,1050
104,2026-09-10,1065
104,2026-09-10,1080
104,2026-09-10,1095
104,2026-09-10,1110
104,2026-09-10,1125
104,2026-09-10,1140
104,2026-09-10,1155
104,2026-09-10,1170
104,2026-09-10,1185
104,2026-09-10,1200
104,2026-09-10,1215
104,2026-09-10,1230
104,2026-09-10,1245
104,2026-09-10,1260
104,2026-09-10,1275
104,2026-09-10,1290
104,2026-09-10,1305
104,2026-09-10,1320
104,2026-09-10,1335
104,2026-09-10,1350
104,2026-09-10,1365
104,2026-09-10,1380
104,2026-09-10,1395
104,2026-09-10,1410
104,2026-09-10,1425
105,2026-09-10,1080
105,2026-09-10,1095
105,2026-09-10,1110
105,2026-09-10,1125
105,2026-09-10,1140
105,2026-09-10,1155
105,2026-09-10,1170
105,2026-09-10,1185
105,2026-09-10,1200
105,2026-09-10,1215
105,2026-09-10,1230
105,2026-09-10,1245
105,2026-09-10,1260
105,2026-09-10,1275
105,2026-09-10,1290
105,2026-09-10,1305
106,2026-09-10,0
106,2026-09-10,15
106,2026-09-10,30
106,2026-09-10,45
106,2026-09-10,60
106,2026-09-10,75
106,2026-09-10,90
106,2026-09-10,105
106,2026-09-10,120
106,2026-09-10,135
106,2026-09-10,150
106,2026-09-10,165
106,2026-09-10,180
106,2026-09-10,195
106,2026-09-10,210
106,2026-09-10,225
106,2026-09-10,240
106,2026-09-10,255
106,2026-09-10,270
106,2026-09-10,285
106,2026-09-10,300
106,2026-09-10,315
106,2026-09-10,330
106,2026-09-10,345
106,2026-09-10,360
106,2026-09-10,375
106,2026-09-10,390
106,2026-09-10,405
106,2026-09-10,420
106,2026-09-10,435
106,2026-09-10,450
106,2026-09-10,465
106,2026-09-10,480
106,2026-09-10,495
106,2026-09-10,510
106,2026-09-10,525
106,2026-09-10,840
106,2026-09-10,855
106,2026-09-10,870
106,2026-09-10,885
106,2026-09-10,900
106,2026-09-10,915
106,2026-09-10,930
106,2026-09-10,945
106,2026-09-10,960
106,2026-09-10,975
106,2026-09-10,990
106,2026-09-10,1005
106,2026-09-10,1020
106,2026-09-10,1035
106,2026-09-10,1050
106,2026-09-10,1065
106,2026-09-10,1080
106,2026-09-10,1095
106,2026-09-10,1110
106,2026-09-10,1125
106,2026-09-10,1140
106,2026-09-10,1155
106,2026-09-10,1170
106,2026-09-10,1185
106,2026-09-10,1200
106,2026-09-10,1215
106,2026-09-10,1230
106,2026-09-10,1245
106,2026-09-10,1260
106,2026-09-10,1275
106,2026-09-10,1290
106,2026-09-10,1305
106,2026-09-10,1320
106,2026-09-10,1335
106,2026-09-10,1350
106,2026-09-10,1365
106,2026-09-10,1380
106,2026-09-10,1395
106,2026-09-10,1410
106,2026-09-10,1425
107,2026-09-10,0
107,2026-09-10,15
107,2026-09-10,30
107,2026-09-10,45
107,2026-09-10,60
107,2026-09-10,75
107,2026-09-10,90
107,2026-09-10,105
107,2026-09-10,120
107,2026-09-10,135
107,2026-09-10,150
107,2026-09-10,165
107,2026-09-10,180
107,2026-09-10,195
107,2026-09-10,210
107,2026-09-10,225
107,2026-09-10,240
107,2026-09-10,255
107,2026-09-10,270
107,2026-09-10,285
107,2026-09-10,300
107,2026-09-10,315
107,2026-09-10,330
107,2026-09-10,345
107,2026-09-10,360
107,2026-09-10,375
107,2026-09-10,390
107,2026-09-10,405
107,2026-09-10,420
107,2026-09-10,435
107,2026-09-10,450
107,2026-09-10,465
107,2026-09-10,480
107,2026-09-10,495
107,2026-09-10,510
107,2026-09-10,525
107,2026-09-10,540
107,2026-09-10,555
107,2026-09-10,570
107,2026-09-10,585
107,2026-09-10,600
107,2026-09-10,615
107,2026-09-10,630
107,2026-09-10,645
107,2026-09-10,660
107,2026-09-10,675
107,2026-09-10,690
107,2026-09-10,705
107,2026-09-10,720
107,2026-09-10,735
107,2026-09-10,750
107,2026-09-10,765
107,2026-09-10,780
107,2026-09-10,795
107,2026-09-10,810
107,2026-09-10,825
107,2026-09-10,1020
107,2026-09-10,1035
107,2026-09-10,1050
107,2026-09-10,1065
107,2026-09-10,1080
107,2026-09-10,1095
107,2026-09-10,1110
107,2026-09-10,1125
107,2026-09-10,1140
107,2026-09-10,1155
107,2026-09-10,1170
107,2026-09-10,1185
107,2026-09-10,1200
107,2026-09-10,1215
107,2026-09-10,1230
107,2026-09-10,1245
107,2026-09-10,1260
107,2026-09-10,1275
107,2026-09-10,1290
107,2026-09-10,1305
107,2026-09-10,1320
107,2026-09-10,1335
107,2026-09-10,1350
107,2026-09-10,1365
107,2026-09-10,1380
107,2026-09-10,1395
107,2026-09-10,1410
107,2026-09-10,1425
108,2026-09-10,0
108,2026-09-10,15
108,2026-09-10,30
108,2026-09-10,45
108,2026-09-10,60
108,2026-09-10,75
108,2026-09-10,90
108,2026-09-10,105
108,2026-09-10,120
108,2026-09-10,135
108,2026-09-10,150
108,2026-09-10,165
108,2026-09-10,180
108,2026-09-10,195
108,2026-09-10,210
108,2026-09-10,225
108,2026-09-10,240
108,2026-09-10,255
108,2026-09-10,270
108,2026-09-10,285
108,2026-09-10,300
108,2026-09-10,315
108,2026-09-10,330
108,2026-09-10,345
108,2026-09-10,360
108,2026-09-10,375
108,2026-09-10,390
108,2026-09-10,405
108,2026-09-10,420
108,2026-09-10,435
108,2026-09-10,450
108,2026-09-10,465
108,2026-09-10,480
108,2026-09-10,495
108,2026-09-10,510
108,2026-09-10,525
108,2026-09-10,540
108,2026-09-10,555
108,2026-09-10,570
108,2026-09-10,585
108,2026-09-10,600
108,2026-09-10,615
108,2026-09-10,630
108,2026-09-10,645
108,2026-09-10,660
108,2026-09-10,675
108,2026-09-10,690
108,2026-09-10,705
108,2026-09-10,720
108,2026-09-10,735
108,2026-09-10,750
108,2026-09-10,765
108,2026-09-10,780
108,2026-09-10,795
108,2026-09-10,810
108,2026-09-10,825
108,2026-09-10,840
108,2026-09-10,855
108,2026-09-10,870
108,2026-09-10,885
108,2026-09-10,900
108,2026-09-10,915
108,2026-09-10,930
108,2026-09-10,945
108,2026-09-10,960
108,2026-09-10,975
108,2026-09-10,990
108,2026-09-10,1005
108,2026-09-10,1020
108,2026-09-10,1035
108,2026-09-10,1050
108,2026-09-10,1065
108,2026-09-10,1080
108,2026-09-10,1095
108,2026-09-10,1110
108,2026-09-10,1125
108,2026-09-10,1140
108,2026-09-10,1155
108,2026-09-10,1170
108,2026-09-10,1185
108,2026-09-10,1200
108,2026-09-10,1215
108,2026-09-10,1230
108,2026-09-10,1245
108,2026-09-10,1260
108,2026-09-10,1275
108,2026-09-10,1290
108,2026-09-10,1305
108,2026-09-10,1320
108,2026-09-10,1335
108,2026-09-10,1350
108,2026-09-10,1365
108,2026-09-10,1380
108,2026-09-10,1395
108,2026-09-10,1410
108,2026-09-10,1425
109,2026-09-10,0
109,2026-09-10,15
109,2026-09-10,30
109,2026-09-10,45
109,2026-09-10,60
109,2026-09-10,75
109,2026-09-10,90
109,2026-09-10,105
109,2026-09-10,120
109,2026-09-10,135
109,2026-09-10,150
109,2026-09-10,165
109,2026-09-10,180
109,2026-09-10,195
109,2026-09-10,210
109,2026-09-10,225
109,2026-09-10,240
109,2026-09-10,255
109,2026-09-10,270
109,2026-09-10,285
109,2026-09-10,300
109,2026-09-10,315
109,2026-09-10,330
109,2026-09-10,345
109,2026-09-10,360
109,2026-09-10,375
109,2026-09-10,390
109,2026-09-10,405
109,2026-09-10,420
109,2026-09-10,435
109,2026-09-10,450
109,2026-09-10,465
109,2026-09-10,480
109,2026-09-10,495
109,2026-09-10,510
109,2026-09-10,525
109,2026-09-10,540
109,2026-09-10,555
109,2026-09-10,570
109,2026-09-10,585
109,2026-09-10,600
109,2026-09-10,615
109,2026-09-10,630
109,2026-09-10,645
109,2026-09-10,660
109,2026-09-10,675
109,2026-09-10,690
109,2026-09-10,705
109,2026-09-10,720
109,2026-09-10,735
109,2026-09-10,750
109,2026-09-10,765
109,2026-09-10,780
109,2026-09-10,795
109,2026-09-10,810
109,2026-09-10,825
109,2026-09-10,840
109,2026-09-10,855
109,2026-09-10,870
109,2026-09-10,885
109,2026-09-10,900
109,2026-09-10,915
109,2026-09-10,930
109,2026-09-10,945
109,2026-09-10,960
109,2026-09-10,975
109,2026-09-10,990
109,2026-09-10,1005
109,2026-09-10,1020
109,2026-09-10,1035
109,2026-09-10,1050
109,2026-09-10,1065
109,2026-09-10,1080
109,2026-09-10,1095
109,2026-09-10,1110
109,2026-09-10,1125
109,2026-09-10,1140
109,2026-09-10,1155
109,2026-09-10,1170
109,2026-09-10,1185
109,2026-09-10,1200
109,2026-09-10,1215
109,2026-09-10,1230
109,2026-09-10,1245
109,2026-09-10,1260
109,2026-09-10,1275
109,2026-09-10,1290
109,2026-09-10,1305
109,2026-09-10,1320
109,2026-09-10,1335
109,2026-09-10,1350
109,2026-09-10,1365
109,2026-09-10,1380
109,2026-09-10,1395
109,2026-09-10,1410
109,2026-09-10,1425
110,2026-09-10,0
110,2026-09-10,15
110,2026-09-10,30
110,2026-09-10,45
110,2026-09-10,60
110,2026-09-10,75
110,2026-09-10,90
110,2026-09-10,105
110,2026-09-10,120
110,2026-09-10,135
110,2026-09-10,150
110,2026-09-10,165
110,2026-09-10,180
110,2026-09-10,195
110,2026-09-10,210
110,2026-09-10,225
110,2026-09-10,240
110,2026-09-10,255
110,2026-09-10,270
110,2026-09-10,285
110,2026-09-10,300
110,2026-09-10,315
110,2026-09-10,330
110,2026-09-10,345
110,2026-09-10,360
110,2026-09-10,375
110,2026-09-10,390
110,2026-09-10,405
110,2026-09-10,420
110,2026-09-10,435
110,2026-09-10,450
110,2026-09-10,465
110,2026-09-10,480
110,2026-09-10,495
110,2026-09-10,510
110,2026-09-10,525
110,2026-09-10,540
110,2026-09-10,555
110,2026-09-10,570
110,2026-09-10,585
110,2026-09-10,600
110,2026-09-10,615
110,2026-09-10,630
110,2026-09-10,645
110,2026-09-10,660
110,2026-09-10,675
110,2026-09-10,690
110,2026-09-10,705
110,2026-09-10,720
110,2026-09-10,735
110,2026-09-10,750
110,2026-09-10,765
110,2026-09-10,780
110,2026-09-10,795
110,2026-09-10,810
110,2026-09-10,825
110,2026-09-10,840
110,2026-09-10,855
110,2026-09-10,870
110,2026-09-10,885
110,2026-09-10,900
110,2026-09-10,915
110,2026-09-10,930
110,2026-09-10,945
110,2026-09-10,960
110,2026-09-10,975
110,2026-09-10,990
110,2026-09-10,1005
110,2026-09-10,1020
110,2026-09-10,1035
110,2026-09-10,1050
110,2026-09-10,1065
110,2026-09-10,1080
110,2026-09-10,1095
110,2026-09-10,1110
110,2026-09-10,1125
110,2026-09-10,1140
110,2026-09-10,1155
110,2026-09-10,1170
110,2026-09-10,1185
110,2026-09-10,1200
110,2026-09-10,1215
110,2026-09-10,1230
110,2026-09-10,1245
110,2026-09-10,1260
110,2026-09-10,1275
110,2026-09-10,1290
110,2026-09-10,1305
110,2026-09-10,1320
110,2026-09-10,1335
110,2026-09-10,1350
110,2026-09-10,1365
110,2026-09-10,1380
110,2026-09-10,1395
110,2026-09-10,1410
110,2026-09-10,1425
111,2026-09-10,0
111,2026-09-10,15
111,2026-09-10,30
111,2026-09-10,45
111,2026-09-10,60
111,2026-09-10,75
111,2026-09-10,90
111,2026-09-10,105
111,2026-09-10,120
111,2026-09-10,135
111,2026-09-10,150
111,2026-09-10,165
111,2026-09-10,180
111,2026-09-10,195
111,2026-09-10,210
111,2026-09-10,225
111,2026-09-10,240
111,2026-09-10,255
111,2026-09-10,270
111,2026-09-10,285
111,2026-09-10,300
111,2026-09-10,315
111,2026-09-10,330
111,2026-09-10,345
111,2026-09-10,360
111,2026-09-10,375
111,2026-09-10,390
111,2026-09-10,405
111,2026-09-10,420
111,2026-09-10,435
111,2026-09-10,450
111,2026-09-10,465
111,2026-09-10,480
111,2026-09-10,495
111,2026-09-10,510
111,2026-09-10,525
111,2026-09-10,540
111,2026-09-10,555
111,2026-09-10,570
111,2026-09-10,585
111,2026-09-10,600
111,2026-09-10,615
111,2026-09-10,630
111,2026-09-10,645
111,2026-09-10,660
111,2026-09-10,675
111,2026-09-10,690
111,2026-09-10,705
111,2026-09-10,720
111,2026-09-10,735
111,2026-09-10,750
111,2026-09-10,765
111,2026-09-10,780
111,2026-09-10,795
111,2026-09-10,810
111,2026-09-10,825
111,2026-09-10,840
111,2026-09-10,855
111,2026-09-10,870
111,2026-09-10,885
111,2026-09-10,900
111,2026-09-10,915
111,2026-09-10,930
111,2026-09-10,945
111,2026-09-10,960
111,2026-09-10,975
111,2026-09-10,990
111,2026-09-10,1005
111,2026-09-10,1020
111,2026-09-10,1035
111,2026-09-10,1050
111,2026-09-10,1065
111,2026-09-10,1080
111,2026-09-10,1095
111,2026-09-10,1110
111,2026-09-10,1125
111,2026-09-10,1140
111,2026-09-10,1155
111,2026-09-10,1170
111,2026-09-10,1185
111,2026-09-10,1200
111,2026-09-10,1215
111,2026-09-10,1230
111,2026-09-10,1245
111,2026-09-10,1260
111,2026-09-10,1275
111,2026-09-10,1290
111,2026-09-10,1305
111,2026-09-10,1320
111,2026-09-10,1335
111,2026-09-10,1350
111,2026-09-10,1365
111,2026-09-10,1380
111,2026-09-10,1395
111,2026-09-10,1410
111,2026-09-10,1425
112,2026-09-10,0
112,2026-09-10,15
112,2026-09-10,30
112,2026-09-10,45
112,2026-09-10,60
112,2026-09-10,75
112,2026-09-10,90
112,2026-09-10,105
112,2026-09-10,120
112,2026-09-10,135
112,2026-09-10,150
112,2026-09-10,165
112,2026-09-10,180
112,2026-09-10,195
112,2026-09-10,210
112,2026-09-10,225
112,2026-09-10,240
112,2026-09-10,255
112,2026-09-10,270
112,2026-09-10,285
112,2026-09-10,300
112,2026-09-10,315
112,2026-09-10,330
112,2026-09-10,345
112,2026-09-10,360
112,2026-09-10,375
112,2026-09-10,390
112,2026-09-10,405
112,2026-09-10,420
112,2026-09-10,435
112,2026-09-10,450
112,2026-09-10,465
112,2026-09-10,480
112,2026-09-10,495
112,2026-09-10,510
112,2026-09-10,525
112,2026-09-10,540
112,2026-09-10,555
112,2026-09-10,570
112,2026-09-10,585
112,2026-09-10,600
112,2026-09-10,615
112,2026-09-10,630
112,2026-09-10,645
112,2026-09-10,660
112,2026-09-10,675
112,2026-09-10,690
112,2026-09-10,705
112,2026-09-10,720
112,2026-09-10,735
112,2026-09-10,750
112,2026-09-10,765
112,2026-09-10,780
112,2026-09-10,795
112,2026-09-10,810
112,2026-09-10,825
112,2026-09-10,840
112,2026-09-10,855
112,2026-09-10,870
112,2026-09-10,885
112,2026-09-10,900
112,2026-09-10,915
112,2026-09-10,930
112,2026-09-10,945
112,2026-09-10,960
112,2026-09-10,975
112,2026-09-10,990
112,2026-09-10,1005
112,2026-09-10,1020
112,2026-09-10,1035
112,2026-09-10,1050
112,2026-09-10,1065
112,2026-09-10,1080
112,2026-09-10,1095
112,2026-09-10,1110
112,2026-09-10,1125
112,2026-09-10,1140
112,2026-09-10,1155
112,2026-09-10,1170
112,2026-09-10,1185
112,2026-09-10,1200
112,2026-09-10,1215
112,2026-09-10,1230
112,2026-09-10,1245
112,2026-09-10,1260
112,2026-09-10,1275
112,2026-09-10,1290
112,2026-09-10,1305
112,2026-09-10,1320
112,2026-09-10,1335
112,2026-09-10,1350
112,2026-09-10,1365
112,2026-09-10,1380
112,2026-09-10,1395
112,2026-09-10,1410
112,2026-09-10,1425
113,2026-09-10,0
113,2026-09-10,15
113,2026-09-10,30
113,2026-09-10,45
113,2026-09-10,60
113,2026-09-10,75
113,2026-09-10,90
113,2026-09-10,105
113,2026-09-10,120
113,2026-09-10,135
113,2026-09-10,150
113,2026-09-10,165
113,2026-09-10,180
113,2026-09-10,195
113,2026-09-10,210
113,2026-09-10,225
113,2026-09-10,240
113,2026-09-10,255
113,2026-09-10,270
113,2026-09-10,285
113,2026-09-10,300
113,2026-09-10,315
113,2026-09-10,330
113,2026-09-10,345
113,2026-09-10,360
113,2026-09-10,375
113,2026-09-10,390
113,2026-09-10,405
113,2026-09-10,420
113,2026-09-10,435
113,2026-09-10,450
113,2026-09-10,465
113,2026-09-10,480
113,2026-09-10,495
113,2026-09-10,510
113,2026-09-10,525
113,2026-09-10,540
113,2026-09-10,555
114,2026-09-10,0
114,2026-09-10,15
114,2026-09-10,30
114,2026-09-10,45
114,2026-09-10,60
114,2026-09-10,75
114,2026-09-10,90
114,2026-09-10,105
114,2026-09-10,120
114,2026-09-10,135
114,2026-09-10,150
114,2026-09-10,165
114,2026-09-10,180
114,2026-09-10,195
114,2026-09-10,210
114,2026-09-10,225
114,2026-09-10,240
114,2026-09-10,255
114,2026-09-10,270
114,2026-09-10,285
114,2026-09-10,300
114,2026-09-10,315
114,2026-09-10,330
114,2026-09-10,345
114,2026-09-10,360
114,2026-09-10,375
114,2026-09-10,390
114,2026-09-10,405
114,2026-09-10,420
114,2026-09-10,435
114,2026-09-10,990
114,2026-09-10,1005
114,2026-09-10,1020
114,2026-09-10,1035
114,2026-09-10,1050
114,2026-09-10,1065
114,2026-09-10,1080
114,2026-09-10,1095
114,2026-09-10,1110
114,2026-09-10,1125
114,2026-09-10,1140
114,2026-09-10,1155
114,2026-09-10,1170
114,2026-09-10,1185
114,2026-09-10,1200
114,2026-09-10,1215
114,2026-09-10,1230
114,2026-09-10,1245
114,2026-09-10,1260
114,2026-09-10,1275
114,2026-09-10,1290
114,2026-09-10,1305
114,2026-09-10,1320
114,2026-09-10,1335
114,2026-09-10,1350
114,2026-09-10,1365
114,2026-09-10,1380
114,2026-09-10,1395
114,2026-09-10,1410
114,2026-09-10,1425
115,2026-09-10,0
115,2026-09-10,15
115,2026-09-10,30
115,2026-09-10,45
115,2026-09-10,60
115,2026-09-10,75
115,2026-09-10,90
115,2026-09-10,105
115,2026-09-10,120
115,2026-09-10,135
115,2026-09-10,150
115,2026-09-10,165
115,2026-09-10,180
115,2026-09-10,195
115,2026-09-10,210
115,2026-09-10,225
115,2026-09-10,240
115,2026-09-10,255
115,2026-09-10,270
115,2026-09-10,285
115,2026-09-10,300
115,2026-09-10,315
115,2026-09-10,330
115,2026-09-10,345
115,2026-09-10,360
115,2026-09-10,375
115,2026-09-10,390
115,2026-09-10,405
115,2026-09-10,420
115,2026-09-10,435
115,2026-09-10,450
115,2026-09-10,465
115,2026-09-10,480
115,2026-09-10,495
115,2026-09-10,510
115,2026-09-10,525
115,2026-09-10,540
115,2026-09-10,555
115,2026-09-10,570
115,2026-09-10,585
115,2026-09-10,600
115,2026-09-10,615
115,2026-09-10,630
115,2026-09-10,645
115,2026-09-10,660
115,2026-09-10,675
115,2026-09-10,690
115,2026-09-10,705
115,2026-09-10,720
115,2026-09-10,735
115,2026-09-10,750
115,2026-09-10,765
115,2026-09-10,780
115,2026-09-10,795
115,2026-09-10,810
115,2026-09-10,825
115,2026-09-10,840
115,2026-09-10,855
115,2026-09-10,870
115,2026-09-10,885
115,2026-09-10,900
115,2026-09-10,915
115,2026-09-10,930
115,2026-09-10,945
115,2026-09-10,960
115,2026-09-10,975
115,2026-09-10,990
115,2026-09-10,1005
115,2026-09-10,1020
115,2026-09-10,1035
115,2026-09-10,1050
115,2026-09-10,1065
115,2026-09-10,1080
115,2026-09-10,1095
115,2026-09-10,1110
115,2026-09-10,1125
115,2026-09-10,1140
115,2026-09-10,1155
115,2026-09-10,1170
115,2026-09-10,1185
115,2026-09-10,1200
115,2026-09-10,1215
115,2026-09-10,1230
115,2026-09-10,1245
115,2026-09-10,1260
115,2026-09-10,1275
115,2026-09-10,1290
115,2026-09-10,1305
115,2026-09-10,1320
115,2026-09-10,1335
115,2026-09-10,1350
115,2026-09-10,1365
115,2026-09-10,1380
115,2026-09-10,1395
115,2026-09-10,1410
115,2026-09-10,1425
116,2026-09-10,0
116,2026-09-10,15
116,2026-09-10,30
116,2026-09-10,45
116,2026-09-10,60
116,2026-09-10,75
116,2026-09-10,90
116,2026-09-10,105
116,2026-09-10,120
116,2026-09-10,135
116,2026-09-10,150
116,2026-09-10,165
116,2026-09-10,180
116,2026-09-10,195
116,2026-09-10,210
116,2026-09-10,225
116,2026-09-10,240
116,2026-09-10,255
116,2026-09-10,270
116,2026-09-10,285
116,2026-09-10,300
116,2026-09-10,315
116,2026-09-10,330
116,2026-09-10,345
116,2026-09-10,360
116,2026-09-10,375
116,2026-09-10,390
116,2026-09-10,405
116,2026-09-10,420
116,2026-09-10,435
116,2026-09-10,450
116,2026-09-10,465
116,2026-09-10,480
116,2026-09-10,495
116,2026-09-10,510
116,2026-09-10,525
116,2026-09-10,540
116,2026-09-10,555
116,2026-09-10,570
116,2026-09-10,585
116,2026-09-10,600
116,2026-09-10,615
116,2026-09-10,630
116,2026-09-10,645
116,2026-09-10,660
116,2026-09-10,675
116,2026-09-10,690
116,2026-09-10,705
116,2026-09-10,720
116,2026-09-10,735
116,2026-09-10,750
116,2026-09-10,765
116,2026-09-10,780
116,2026-09-10,795
116,2026-09-10,810
116,2026-09-10,825
116,2026-09-10,840
116,2026-09-10,855
116,2026-09-10,870
116,2026-09-10,885
116,2026-09-10,900
116,2026-09-10,915
116,2026-09-10,930
116,2026-09-10,945
116,2026-09-10,960
116,2026-09-10,975
116,2026-09-10,990
116,2026-09-10,1005
116,2026-09-10,1020
116,2026-09-10,1035
116,2026-09-10,1350
116,2026-09-10,1365
116,2026-09-10,1380
116,2026-09-10,1395
116,2026-09-10,1410
116,2026-09-10,1425
117,2026-09-10,0
117,2026-09-10,15
117,2026-09-10,30
117,2026-09-10,45
117,2026-09-10,60
117,2026-09-10,75
117,2026-09-10,90
117,2026-09-10,105
117,2026-09-10,120
117,2026-09-10,135
117,2026-09-10,150
117,2026-09-10,165
117,2026-09-10,180
117,2026-09-10,195
117,2026-09-10,210
117,2026-09-10,225
117,2026-09-10,240
117,2026-09-10,255
117,2026-09-10,270
117,2026-09-10,285
117,2026-09-10,300
117,2026-09-10,315
117,2026-09-10,330
117,2026-09-10,345
117,2026-09-10,360
117,2026-09-10,375
117,2026-09-10,390
117,2026-09-10,405
117,2026-09-10,420
117,2026-09-10,435
117,2026-09-10,450
117,2026-09-10,465
117,2026-09-10,480
117,2026-09-10,495
117,2026-09-10,510
117,2026-09-10,525
117,2026-09-10,540
117,2026-09-10,555
117,2026-09-10,570
117,2026-09-10,585
117,2026-09-10,600
117,2026-09-10,615
117,2026-09-10,630
117,2026-09-10,645
117,2026-09-10,660
117,2026-09-10,675
117,2026-09-10,690
117,2026-09-10,705
117,2026-09-10,720
117,2026-09-10,735
117,2026-09-10,750
117,2026-09-10,765
117,2026-09-10,780
117,2026-09-10,795
117,2026-09-10,810
117,2026-09-10,825
117,2026-09-10,840
117,2026-09-10,855
117,2026-09-10,870
117,2026-09-10,885
117,2026-09-10,900
117,2026-09-10,915
117,2026-09-10,930
117,2026-09-10,945
117,2026-09-10,960
117,2026-09-10,975
117,2026-09-10,990
117,2026-09-10,1005
117,2026-09-10,1020
117,2026-09-10,1035
117,2026-09-10,1050
117,2026-09-10,1065
117,2026-09-10,1080
117,2026-09-10,1095
117,2026-09-10,1110
117,2026-09-10,1125
117,2026-09-10,1140
117,2026-09-10,1155
117,2026-09-10,1170
117,2026-09-10,1185
117,2026-09-10,1200
117,2026-09-10,1215
117,2026-09-10,1230
117,2026-09-10,1245
117,2026-09-10,1260
117,2026-09-10,1275
117,2026-09-10,1290
117,2026-09-10,1305
117,2026-09-10,1320
117,2026-09-10,1335
117,2026-09-10,1350
117,2026-09-10,1365
117,2026-09-10,1380
117,2026-09-10,1395
117,2026-09-10,1410
117,2026-09-10,1425
31,2026-09-11,0
31,2026-09-11,15
31,2026-09-11,30
31,2026-09-11,45
31,2026-09-11,60
31,2026-09-11,75
31,2026-09-11,90
31,2026-09-11,105
31,2026-09-11,120
31,2026-09-11,135
31,2026-09-11,150
31,2026-09-11,165
31,2026-09-11,180
31,2026-09-11,195
31,2026-09-11,210
31,2026-09-11,225
31,2026-09-11,240
31,2026-09-11,255
31,2026-09-11,270
31,2026-09-11,285
31,2026-09-11,300
31,2026-09-11,315
31,2026-09-11,330
31,2026-09-11,345
31,2026-09-11,360
31,2026-09-11,375
31,2026-09-11,390
31,2026-09-11,405
31,2026-09-11,420
31,2026-09-11,435
31,2026-09-11,450
31,2026-09-11,465
31,2026-09-11,480
31,2026-09-11,495
31,2026-09-11,510
31,2026-09-11,525
31,2026-09-11,540
31,2026-09-11,555
31,2026-09-11,570
31,2026-09-11,585
31,2026-09-11,600
31,2026-09-11,615
31,2026-09-11,630
31,2026-09-11,645
31,2026-09-11,660
31,2026-09-11,675
31,2026-09-11,690
31,2026-09-11,705
31,2026-09-11,720
31,2026-09-11,735
31,2026-09-11,750
31,2026-09-11,765
31,2026-09-11,840
31,2026-09-11,855
31,2026-09-11,870
31,2026-09-11,885
31,2026-09-11,900
31,2026-09-11,915
31,2026-09-11,930
31,2026-09-11,945
31,2026-09-11,960
31,2026-09-11,975
31,2026-09-11,990
31,2026-09-11,1005
31,2026-09-11,1020
31,2026-09-11,1035
31,2026-09-11,1050
31,2026-09-11,1065
31,2026-09-11,1080
31,2026-09-11,1095
31,2026-09-11,1110
31,2026-09-11,1125
31,2026-09-11,1140
31,2026-09-11,1155
31,2026-09-11,1170
31,2026-09-11,1185
31,2026-09-11,1200
31,2026-09-11,1215
31,2026-09-11,1230
31,2026-09-11,1245
31,2026-09-11,1260
31,2026-09-11,1275
31,2026-09-11,1290
31,2026-09-11,1305
31,2026-09-11,1320
31,2026-09-11,1335
31,2026-09-11,1350
31,2026-09-11,1365
31,2026-09-11,1380
31,2026-09-11,1395
31,2026-09-11,1410
31,2026-09-11,1425
45,2026-09-11,0
45,2026-09-11,15
45,2026-09-11,30
45,2026-09-11,45
45,2026-09-11,60
45,2026-09-11,75
45,2026-09-11,90
45,2026-09-11,105
45,2026-09-11,120
45,2026-09-11,135
45,2026-09-11,150
45,2026-09-11,165
45,2026-09-11,180
45,2026-09-11,195
45,2026-09-11,210
45,2026-09-11,225
45,2026-09-11,240
45,2026-09-11,255
45,2026-09-11,270
45,2026-09-11,285
45,2026-09-11,300
45,2026-09-11,315
45,2026-09-11,330
45,2026-09-11,345
45,2026-09-11,360
45,2026-09-11,375
45,2026-09-11,390
45,2026-09-11,405
45,2026-09-11,420
45,2026-09-11,435
45,2026-09-11,450
45,2026-09-11,465
45,2026-09-11,480
45,2026-09-11,495
45,2026-09-11,510
45,2026-09-11,525
45,2026-09-11,540
45,2026-09-11,555
45,2026-09-11,570
45,2026-09-11,585
45,2026-09-11,600
45,2026-09-11,615
45,2026-09-11,630
45,2026-09-11,645
45,2026-09-11,960
45,2026-09-11,975
45,2026-09-11,990
45,2026-09-11,1005
45,2026-09-11,1020
45,2026-09-11,1035
45,2026-09-11,1050
45,2026-09-11,1065
45,2026-09-11,1080
45,2026-09-11,1095
45,2026-09-11,1110
45,2026-09-11,1125
45,2026-09-11,1140
45,2026-09-11,1155
45,2026-09-11,1170
45,2026-09-11,1185
45,2026-09-11,1200
45,2026-09-11,1215
45,2026-09-11,1230
45,2026-09-11,1245
45,2026-09-11,1260
45,2026-09-11,1275
45,2026-09-11,1290
45,2026-09-11,1305
45,2026-09-11,1320
45,2026-09-11,1335
45,2026-09-11,1350
45,2026-09-11,1365
45,2026-09-11,1380
45,2026-09-11,1395
45,2026-09-11,1410
45,2026-09-11,1425
67,2026-09-11,0
67,2026-09-11,15
67,2026-09-11,30
67,2026-09-11,45
67,2026-09-11,60
67,2026-09-11,75
67,2026-09-11,90
67,2026-09-11,105
67,2026-09-11,120
67,2026-09-11,135
67,2026-09-11,150
67,2026-09-11,165
67,2026-09-11,180
67,2026-09-11,195
67,2026-09-11,210
67,2026-09-11,225
67,2026-09-11,240
67,2026-09-11,255
67,2026-09-11,270
67,2026-09-11,285
67,2026-09-11,300
67,2026-09-11,315
67,2026-09-11,330
67,2026-09-11,345
67,2026-09-11,360
67,2026-09-11,375
67,2026-09-11,390
67,2026-09-11,405
67,2026-09-11,420
67,2026-09-11,435
67,2026-09-11,450
67,2026-09-11,465
67,2026-09-11,480
67,2026-09-11,495
67,2026-09-11,510
67,2026-09-11,525
67,2026-09-11,540
67,2026-09-11,555
67,2026-09-11,570
67,2026-09-11,585
67,2026-09-11,600
67,2026-09-11,615
67,2026-09-11,630
67,2026-09-11,855
67,2026-09-11,870
67,2026-09-11,885
67,2026-09-11,900
67,2026-09-11,915
67,2026-09-11,930
67,2026-09-11,945
67,2026-09-11,960
67,2026-09-11,975
67,2026-09-11,990
67,2026-09-11,1005
67,2026-09-11,1020
67,2026-09-11,1035
67,2026-09-11,1050
67,2026-09-11,1065
67,2026-09-11,1080
67,2026-09-11,1095
67,2026-09-11,1110
67,2026-09-11,1125
67,2026-09-11,1140
67,2026-09-11,1155
67,2026-09-11,1170
67,2026-09-11,1185
67,2026-09-11,1200
67,2026-09-11,1215
67,2026-09-11,1230
67,2026-09-11,1245
67,2026-09-11,1260
67,2026-09-11,1275
67,2026-09-11,1290
67,2026-09-11,1305
67,2026-09-11,1320
67,2026-09-11,1335
67,2026-09-11,1350
67,2026-09-11,1365
67,2026-09-11,1380
67,2026-09-11,1395
67,2026-09-11,1410
67,2026-09-11,1425
91,2026-09-11,0
91,2026-09-11,15
91,2026-09-11,30
91,2026-09-11,45
91,2026-09-11,60
91,2026-09-11,75
91,2026-09-11,90
91,2026-09-11,105
91,2026-09-11,120
91,2026-09-11,135
91,2026-09-11,150
91,2026-09-11,165
91,2026-09-11,180
91,2026-09-11,195
91,2026-09-11,210
91,2026-09-11,225
91,2026-09-11,240
91,2026-09-11,255
91,2026-09-11,270
91,2026-09-11,285
91,2026-09-11,300
91,2026-09-11,315
91,2026-09-11,330
91,2026-09-11,345
91,2026-09-11,360
91,2026-09-11,375
91,2026-09-11,390
91,2026-09-11,405
91,2026-09-11,420
91,2026-09-11,435
91,2026-09-11,450
91,2026-09-11,465
91,2026-09-11,480
91,2026-09-11,495
91,2026-09-11,510
91,2026-09-11,525
91,2026-09-11,540
91,2026-09-11,555
91,2026-09-11,570
91,2026-09-11,585
91,2026-09-11,600
91,2026-09-11,615
91,2026-09-11,630
91,2026-09-11,645
91,2026-09-11,660
91,2026-09-11,675
91,2026-09-11,690
91,2026-09-11,705
91,2026-09-11,720
91,2026-09-11,735
91,2026-09-11,750
91,2026-09-11,765
91,2026-09-11,780
91,2026-09-11,795
91,2026-09-11,810
91,2026-09-11,825
91,2026-09-11,840
91,2026-09-11,855
91,2026-09-11,870
91,2026-09-11,885
91,2026-09-11,900
91,2026-09-11,915
91,2026-09-11,930
91,2026-09-11,945
91,2026-09-11,960
91,2026-09-11,975
91,2026-09-11,990
91,2026-09-11,1005
91,2026-09-11,1020
91,2026-09-11,1035
91,2026-09-11,1050
91,2026-09-11,1065
91,2026-09-11,1080
91,2026-09-11,1095
91,2026-09-11,1110
91,2026-09-11,1125
91,2026-09-11,1140
91,2026-09-11,1155
91,2026-09-11,1170
91,2026-09-11,1185
91,2026-09-11,1200
91,2026-09-11,1215
91,2026-09-11,1230
91,2026-09-11,1245
91,2026-09-11,1260
91,2026-09-11,1275
91,2026-09-11,1290
91,2026-09-11,1305
91,2026-09-11,1320
91,2026-09-11,1335
91,2026-09-11,1350
91,2026-09-11,1365
91,2026-09-11,1380
91,2026-09-11,1395
91,2026-09-11,1410
91,2026-09-11,1425
92,2026-09-11,0
92,2026-09-11,15
92,2026-09-11,30
92,2026-09-11,45
92,2026-09-11,60
92,2026-09-11,75
92,2026-09-11,90
92,2026-09-11,105
92,2026-09-11,120
92,2026-09-11,135
92,2026-09-11,150
92,2026-09-11,165
92,2026-09-11,180
92,2026-09-11,195
92,2026-09-11,210
92,2026-09-11,225
92,2026-09-11,240
92,2026-09-11,255
92,2026-09-11,270
92,2026-09-11,285
92,2026-09-11,300
92,2026-09-11,315
92,2026-09-11,330
92,2026-09-11,345
92,2026-09-11,360
92,2026-09-11,375
92,2026-09-11,390
92,2026-09-11,405
92,2026-09-11,420
92,2026-09-11,435
92,2026-09-11,450
92,2026-09-11,465
92,2026-09-11,480
92,2026-09-11,495
92,2026-09-11,510
92,2026-09-11,525
92,2026-09-11,540
92,2026-09-11,555
92,2026-09-11,570
92,2026-09-11,585
92,2026-09-11,600
92,2026-09-11,615
92,2026-09-11,630
92,2026-09-11,645
92,2026-09-11,660
92,2026-09-11,675
92,2026-09-11,690
92,2026-09-11,705
92,2026-09-11,720
92,2026-09-11,735
92,2026-09-11,750
92,2026-09-11,765
92,2026-09-11,780
92,2026-09-11,795
92,2026-09-11,810
92,2026-09-11,825
92,2026-09-11,840
92,2026-09-11,855
92,2026-09-11,870
92,2026-09-11,885
92,2026-09-11,900
92,2026-09-11,915
92,2026-09-11,930
92,2026-09-11,945
92,2026-09-11,960
92,2026-09-11,975
92,2026-09-11,990
92,2026-09-11,1005
92,2026-09-11,1020
92,2026-09-11,1035
92,2026-09-11,1050
92,2026-09-11,1065
92,2026-09-11,1080
92,2026-09-11,1095
92,2026-09-11,1110
92,2026-09-11,1125
92,2026-09-11,1140
92,2026-09-11,1155
92,2026-09-11,1170
92,2026-09-11,1185
92,2026-09-11,1200
92,2026-09-11,1215
92,2026-09-11,1230
92,2026-09-11,1245
92,2026-09-11,1260
92,2026-09-11,1275
92,2026-09-11,1290
92,2026-09-11,1305
92,2026-09-11,1320
92,2026-09-11,1335
92,2026-09-11,1350
92,2026-09-11,1365
92,2026-09-11,1380
92,2026-09-11,1395
92,2026-09-11,1410
92,2026-09-11,1425
93,2026-09-11,0
93,2026-09-11,15
93,2026-09-11,30
93,2026-09-11,45
93,2026-09-11,60
93,2026-09-11,75
93,2026-09-11,90
93,2026-09-11,105
93,2026-09-11,120
93,2026-09-11,135
93,2026-09-11,150
93,2026-09-11,165
93,2026-09-11,180
93,2026-09-11,195
93,2026-09-11,210
93,2026-09-11,225
93,2026-09-11,240
93,2026-09-11,255
93,2026-09-11,270
93,2026-09-11,285
93,2026-09-11,300
93,2026-09-11,315
93,2026-09-11,330
93,2026-09-11,345
93,2026-09-11,360
93,2026-09-11,375
93,2026-09-11,390
93,2026-09-11,405
93,2026-09-11,420
93,2026-09-11,435
93,2026-09-11,450
93,2026-09-11,465
93,2026-09-11,1065
93,2026-09-11,1080
93,2026-09-11,1095
93,2026-09-11,1110
93,2026-09-11,1125
93,2026-09-11,1140
93,2026-09-11,1155
93,2026-09-11,1170
93,2026-09-11,1185
93,2026-09-11,1200
93,2026-09-11,1215
93,2026-09-11,1230
93,2026-09-11,1245
93,2026-09-11,1260
93,2026-09-11,1275
93,2026-09-11,1290
93,2026-09-11,1305
93,2026-09-11,1320
93,2026-09-11,1335
93,2026-09-11,1350
93,2026-09-11,1365
93,2026-09-11,1380
93,2026-09-11,1395
93,2026-09-11,1410
93,2026-09-11,1425
94,2026-09-11,0
94,2026-09-11,15
94,2026-09-11,30
94,2026-09-11,45
94,2026-09-11,60
94,2026-09-11,75
94,2026-09-11,90
94,2026-09-11,105
94,2026-09-11,120
94,2026-09-11,135
94,2026-09-11,150
94,2026-09-11,165
94,2026-09-11,180
94,2026-09-11,195
94,2026-09-11,210
94,2026-09-11,225
94,2026-09-11,240
94,2026-09-11,255
94,2026-09-11,270
94,2026-09-11,285
94,2026-09-11,300
94,2026-09-11,315
94,2026-09-11,330
94,2026-09-11,345
94,2026-09-11,360
94,2026-09-11,375
94,2026-09-11,390
94,2026-09-11,405
94,2026-09-11,420
94,2026-09-11,435
94,2026-09-11,450
94,2026-09-11,465
94,2026-09-11,480
94,2026-09-11,495
94,2026-09-11,510
94,2026-09-11,525
94,2026-09-11,900
94,2026-09-11,915
94,2026-09-11,930
94,2026-09-11,945
94,2026-09-11,960
94,2026-09-11,975
94,2026-09-11,990
94,2026-09-11,1005
94,2026-09-11,1020
94,2026-09-11,1035
94,2026-09-11,1050
94,2026-09-11,1065
94,2026-09-11,1080
94,2026-09-11,1095
94,2026-09-11,1110
94,2026-09-11,1125
94,2026-09-11,1140
94,2026-09-11,1155
94,2026-09-11,1170
94,2026-09-11,1185
94,2026-09-11,1200
94,2026-09-11,1215
94,2026-09-11,1230
94,2026-09-11,1245
94,2026-09-11,1260
94,2026-09-11,1275
94,2026-09-11,1290
94,2026-09-11,1305
94,2026-09-11,1320
94,2026-09-11,1335
94,2026-09-11,1350
94,2026-09-11,1365
94,2026-09-11,1380
94,2026-09-11,1395
94,2026-09-11,1410
94,2026-09-11,1425
96,2026-09-11,0
96,2026-09-11,15
96,2026-09-11,30
96,2026-09-11,45
96,2026-09-11,60
96,2026-09-11,75
96,2026-09-11,90
96,2026-09-11,105
96,2026-09-11,120
96,2026-09-11,135
96,2026-09-11,150
96,2026-09-11,165
96,2026-09-11,180
96,2026-09-11,195
96,2026-09-11,210
96,2026-09-11,225
96,2026-09-11,240
96,2026-09-11,255
96,2026-09-11,270
96,2026-09-11,285
96,2026-09-11,300
96,2026-09-11,315
96,2026-09-11,330
96,2026-09-11,345
96,2026-09-11,360
96,2026-09-11,375
96,2026-09-11,390
96,2026-09-11,405
96,2026-09-11,420
96,2026-09-11,435
96,2026-09-11,450
96,2026-09-11,465
96,2026-09-11,480
96,2026-09-11,495
96,2026-09-11,510
96,2026-09-11,525
96,2026-09-11,540
96,2026-09-11,555
96,2026-09-11,570
96,2026-09-11,585
96,2026-09-11,600
96,2026-09-11,615
96,2026-09-11,630
96,2026-09-11,645
96,2026-09-11,660
96,2026-09-11,675
96,2026-09-11,690
96,2026-09-11,705
96,2026-09-11,720
96,2026-09-11,735
96,2026-09-11,750
96,2026-09-11,765
96,2026-09-11,780
96,2026-09-11,795
96,2026-09-11,810
96,2026-09-11,825
96,2026-09-11,840
96,2026-09-11,855
96,2026-09-11,870
96,2026-09-11,885
96,2026-09-11,900
96,2026-09-11,915
96,2026-09-11,930
96,2026-09-11,945
96,2026-09-11,960
96,2026-09-11,975
96,2026-09-11,990
96,2026-09-11,1005
96,2026-09-11,1020
96,2026-09-11,1035
96,2026-09-11,1050
96,2026-09-11,1065
96,2026-09-11,1080
96,2026-09-11,1095
96,2026-09-11,1110
96,2026-09-11,1125
96,2026-09-11,1140
96,2026-09-11,1155
96,2026-09-11,1170
96,2026-09-11,1185
96,2026-09-11,1200
96,2026-09-11,1215
96,2026-09-11,1230
96,2026-09-11,1245
96,2026-09-11,1260
96,2026-09-11,1275
96,2026-09-11,1290
96,2026-09-11,1305
96,2026-09-11,1320
96,2026-09-11,1335
96,2026-09-11,1350
96,2026-09-11,1365
96,2026-09-11,1380
96,2026-09-11,1395
96,2026-09-11,1410
96,2026-09-11,1425
97,2026-09-11,600
97,2026-09-11,615
97,2026-09-11,630
97,2026-09-11,645
97,2026-09-11,660
97,2026-09-11,675
97,2026-09-11,690
97,2026-09-11,705
97,2026-09-11,720
97,2026-09-11,735
97,2026-09-11,750
97,2026-09-11,765
97,2026-09-11,780
97,2026-09-11,795
97,2026-09-11,810
97,2026-09-11,825
97,2026-09-11,840
97,2026-09-11,855
97,2026-09-11,870
97,2026-09-11,885
97,2026-09-11,900
97,2026-09-11,915
97,2026-09-11,930
97,2026-09-11,945
97,2026-09-11,960
97,2026-09-11,975
97,2026-09-11,990
97,2026-09-11,1005
98,2026-09-11,0
98,2026-09-11,15
98,2026-09-11,30
98,2026-09-11,45
98,2026-09-11,60
98,2026-09-11,75
98,2026-09-11,90
98,2026-09-11,105
98,2026-09-11,120
98,2026-09-11,135
98,2026-09-11,150
98,2026-09-11,165
98,2026-09-11,180
98,2026-09-11,195
98,2026-09-11,210
98,2026-09-11,225
98,2026-09-11,240
98,2026-09-11,255
98,2026-09-11,270
98,2026-09-11,285
98,2026-09-11,300
98,2026-09-11,315
98,2026-09-11,330
98,2026-09-11,345
98,2026-09-11,360
98,2026-09-11,375
98,2026-09-11,390
98,2026-09-11,405
98,2026-09-11,420
98,2026-09-11,435
98,2026-09-11,450
98,2026-09-11,465
98,2026-09-11,480
98,2026-09-11,495
98,2026-09-11,510
98,2026-09-11,525
98,2026-09-11,540
98,2026-09-11,555
98,2026-09-11,570
98,2026-09-11,585
98,2026-09-11,600
98,2026-09-11,615
98,2026-09-11,630
98,2026-09-11,645
98,2026-09-11,660
98,2026-09-11,675
98,2026-09-11,690
98,2026-09-11,705
98,2026-09-11,720
98,2026-09-11,735
98,2026-09-11,1410
98,2026-09-11,1425
99,2026-09-11,0
99,2026-09-11,15
99,2026-09-11,30
99,2026-09-11,45
99,2026-09-11,60
99,2026-09-11,75
99,2026-09-11,90
99,2026-09-11,105
99,2026-09-11,120
99,2026-09-11,135
99,2026-09-11,150
99,2026-09-11,165
99,2026-09-11,180
99,2026-09-11,195
99,2026-09-11,210
99,2026-09-11,225
99,2026-09-11,240
99,2026-09-11,255
99,2026-09-11,270
99,2026-09-11,285
99,2026-09-11,300
99,2026-09-11,315
99,2026-09-11,330
99,2026-09-11,345
99,2026-09-11,360
99,2026-09-11,375
99,2026-09-11,390
99,2026-09-11,405
99,2026-09-11,420
99,2026-09-11,435
99,2026-09-11,870
99,2026-09-11,885
99,2026-09-11,900
99,2026-09-11,915
99,2026-09-11,930
99,2026-09-11,945
99,2026-09-11,960
99,2026-09-11,975
99,2026-09-11,990
99,2026-09-11,1005
99,2026-09-11,1020
99,2026-09-11,1035
99,2026-09-11,1050
99,2026-09-11,1065
99,2026-09-11,1080
99,2026-09-11,1095
99,2026-09-11,1110
99,2026-09-11,1125
99,2026-09-11,1140
99,2026-09-11,1155
99,2026-09-11,1170
99,2026-09-11,1185
99,2026-09-11,1200
99,2026-09-11,1215
99,2026-09-11,1230
99,2026-09-11,1245
99,2026-09-11,1260
99,2026-09-11,1275
99,2026-09-11,1290
99,2026-09-11,1305
99,2026-09-11,1320
99,2026-09-11,1335
99,2026-09-11,1350
99,2026-09-11,1365
99,2026-09-11,1380
99,2026-09-11,1395
99,2026-09-11,1410
99,2026-09-11,1425
100,2026-09-11,765
100,2026-09-11,780
100,2026-09-11,795
100,2026-09-11,810
100,2026-09-11,825
100,2026-09-11,840
100,2026-09-11,855
100,2026-09-11,870
100,2026-09-11,885
100,2026-09-11,900
100,2026-09-11,915
100,2026-09-11,930
100,2026-09-11,945
100,2026-09-11,960
100,2026-09-11,975
100,2026-09-11,990
100,2026-09-11,1005
100,2026-09-11,1020
100,2026-09-11,1035
100,2026-09-11,1050
100,2026-09-11,1065
101,2026-09-11,930
101,2026-09-11,945
101,2026-09-11,960
101,2026-09-11,975
101,2026-09-11,990
101,2026-09-11,1005
101,2026-09-11,1020
101,2026-09-11,1035
101,2026-09-11,1050
101,2026-09-11,1065
101,2026-09-11,1080
101,2026-09-11,1095
101,2026-09-11,1110
101,2026-09-11,1125
102,2026-09-11,1080
102,2026-09-11,1095
102,2026-09-11,1110
102,2026-09-11,1125
102,2026-09-11,1140
102,2026-09-11,1155
102,2026-09-11,1170
102,2026-09-11,1185
102,2026-09-11,1200
102,2026-09-11,1215
102,2026-09-11,1230
102,2026-09-11,1245
102,2026-09-11,1260
102,2026-09-11,1275
102,2026-09-11,1290
102,2026-09-11,1305
105,2026-09-11,780
105,2026-09-11,795
105,2026-09-11,810
105,2026-09-11,825
105,2026-09-11,840
105,2026-09-11,855
105,2026-09-11,870
105,2026-09-11,885
105,2026-09-11,900
105,2026-09-11,915
105,2026-09-11,930
105,2026-09-11,945
105,2026-09-11,960
105,2026-09-11,975
105,2026-09-11,990
105,2026-09-11,1005
105,2026-09-11,1020
105,2026-09-11,1035
105,2026-09-11,1050
105,2026-09-11,1065
105,2026-09-11,1080
105,2026-09-11,1095
105,2026-09-11,1110
105,2026-09-11,1125
105,2026-09-11,1140
105,2026-09-11,1155
105,2026-09-11,1170
105,2026-09-11,1185
105,2026-09-11,1200
105,2026-09-11,1215
105,2026-09-11,1230
105,2026-09-11,1245
105,2026-09-11,1260
105,2026-09-11,1275
105,2026-09-11,1290
105,2026-09-11,1305
106,2026-09-11,0
106,2026-09-11,15
106,2026-09-11,30
106,2026-09-11,45
106,2026-09-11,60
106,2026-09-11,75
106,2026-09-11,90
106,2026-09-11,105
106,2026-09-11,120
106,2026-09-11,135
106,2026-09-11,150
106,2026-09-11,165
106,2026-09-11,180
106,2026-09-11,195
106,2026-09-11,210
106,2026-09-11,225
106,2026-09-11,240
106,2026-09-11,255
106,2026-09-11,270
106,2026-09-11,285
106,2026-09-11,300
106,2026-09-11,315
106,2026-09-11,330
106,2026-09-11,345
106,2026-09-11,360
106,2026-09-11,375
106,2026-09-11,390
106,2026-09-11,405
106,2026-09-11,420
106,2026-09-11,435
106,2026-09-11,450
106,2026-09-11,465
106,2026-09-11,480
106,2026-09-11,495
106,2026-09-11,510
106,2026-09-11,525
106,2026-09-11,540
106,2026-09-11,555
106,2026-09-11,570
106,2026-09-11,585
106,2026-09-11,600
106,2026-09-11,615
106,2026-09-11,630
106,2026-09-11,645
106,2026-09-11,660
106,2026-09-11,675
106,2026-09-11,690
106,2026-09-11,705
106,2026-09-11,720
106,2026-09-11,735
106,2026-09-11,750
106,2026-09-11,765
106,2026-09-11,780
106,2026-09-11,795
106,2026-09-11,810
106,2026-09-11,825
106,2026-09-11,840
106,2026-09-11,855
106,2026-09-11,870
106,2026-09-11,885
106,2026-09-11,900
106,2026-09-11,915
106,2026-09-11,930
106,2026-09-11,945
106,2026-09-11,960
106,2026-09-11,975
106,2026-09-11,990
106,2026-09-11,1005
106,2026-09-11,1020
106,2026-09-11,1035
106,2026-09-11,1050
106,2026-09-11,1065
106,2026-09-11,1080
106,2026-09-11,1095
106,2026-09-11,1110
106,2026-09-11,1125
106,2026-09-11,1140
106,2026-09-11,1155
106,2026-09-11,1170
106,2026-09-11,1185
106,2026-09-11,1200
106,2026-09-11,1215
106,2026-09-11,1230
106,2026-09-11,1245
106,2026-09-11,1260
106,2026-09-11,1275
106,2026-09-11,1290
106,2026-09-11,1305
106,2026-09-11,1320
106,2026-09-11,1335
106,2026-09-11,1350
106,2026-09-11,1365
106,2026-09-11,1380
106,2026-09-11,1395
106,2026-09-11,1410
106,2026-09-11,1425
107,2026-09-11,0
107,2026-09-11,15
107,2026-09-11,30
107,2026-09-11,45
107,2026-09-11,60
107,2026-09-11,75
107,2026-09-11,90
107,2026-09-11,105
107,2026-09-11,120
107,2026-09-11,135
107,2026-09-11,150
107,2026-09-11,165
107,2026-09-11,180
107,2026-09-11,195
107,2026-09-11,210
107,2026-09-11,225
107,2026-09-11,240
107,2026-09-11,255
107,2026-09-11,270
107,2026-09-11,285
107,2026-09-11,300
107,2026-09-11,315
107,2026-09-11,330
107,2026-09-11,345
107,2026-09-11,360
107,2026-09-11,375
107,2026-09-11,390
107,2026-09-11,405
107,2026-09-11,420
107,2026-09-11,435
107,2026-09-11,450
107,2026-09-11,465
107,2026-09-11,480
107,2026-09-11,495
107,2026-09-11,510
107,2026-09-11,525
107,2026-09-11,540
107,2026-09-11,555
107,2026-09-11,570
107,2026-09-11,585
107,2026-09-11,600
107,2026-09-11,615
107,2026-09-11,630
107,2026-09-11,645
107,2026-09-11,660
107,2026-09-11,675
107,2026-09-11,690
107,2026-09-11,705
107,2026-09-11,720
107,2026-09-11,735
107,2026-09-11,750
107,2026-09-11,765
107,2026-09-11,780
107,2026-09-11,795
107,2026-09-11,810
107,2026-09-11,825
107,2026-09-11,840
107,2026-09-11,855
107,2026-09-11,870
107,2026-09-11,885
107,2026-09-11,900
107,2026-09-11,915
107,2026-09-11,930
107,2026-09-11,945
107,2026-09-11,960
107,2026-09-11,975
107,2026-09-11,990
107,2026-09-11,1005
107,2026-09-11,1020
107,2026-09-11,1035
107,2026-09-11,1050
107,2026-09-11,1065
107,2026-09-11,1080
107,2026-09-11,1095
107,2026-09-11,1110
107,2026-09-11,1125
107,2026-09-11,1140
107,2026-09-11,1155
107,2026-09-11,1170
107,2026-09-11,1185
107,2026-09-11,1200
107,2026-09-11,1215
107,2026-09-11,1230
107,2026-09-11,1245
107,2026-09-11,1260
107,2026-09-11,1275
107,2026-09-11,1290
107,2026-09-11,1305
107,2026-09-11,1320
107,2026-09-11,1335
107,2026-09-11,1350
107,2026-09-11,1365
107,2026-09-11,1380
107,2026-09-11,1395
107,2026-09-11,1410
107,2026-09-11,1425
108,2026-09-11,0
108,2026-09-11,15
108,2026-09-11,30
108,2026-09-11,45
108,2026-09-11,60
108,2026-09-11,75
108,2026-09-11,90
108,2026-09-11,105
108,2026-09-11,120
108,2026-09-11,135
108,2026-09-11,150
108,2026-09-11,165
108,2026-09-11,180
108,2026-09-11,195
108,2026-09-11,210
108,2026-09-11,225
108,2026-09-11,240
108,2026-09-11,255
108,2026-09-11,270
108,2026-09-11,285
108,2026-09-11,300
108,2026-09-11,315
108,2026-09-11,330
108,2026-09-11,345
108,2026-09-11,360
108,2026-09-11,375
108,2026-09-11,390
108,2026-09-11,405
108,2026-09-11,420
108,2026-09-11,435
108,2026-09-11,450
108,2026-09-11,465
108,2026-09-11,480
108,2026-09-11,495
108,2026-09-11,510
108,2026-09-11,525
108,2026-09-11,540
108,2026-09-11,555
108,2026-09-11,570
108,2026-09-11,585
108,2026-09-11,600
108,2026-09-11,615
108,2026-09-11,630
108,2026-09-11,645
108,2026-09-11,660
108,2026-09-11,675
108,2026-09-11,690
108,2026-09-11,705
108,2026-09-11,720
108,2026-09-11,735
108,2026-09-11,750
108,2026-09-11,765
108,2026-09-11,780
108,2026-09-11,795
108,2026-09-11,810
108,2026-09-11,825
108,2026-09-11,840
108,2026-09-11,855
108,2026-09-11,870
108,2026-09-11,885
108,2026-09-11,900
108,2026-09-11,915
108,2026-09-11,930
108,2026-09-11,945
108,2026-09-11,960
108,2026-09-11,975
108,2026-09-11,990
108,2026-09-11,1005
108,2026-09-11,1020
108,2026-09-11,1035
108,2026-09-11,1050
108,2026-09-11,1065
108,2026-09-11,1080
108,2026-09-11,1095
108,2026-09-11,1110
108,2026-09-11,1125
108,2026-09-11,1140
108,2026-09-11,1155
108,2026-09-11,1170
108,2026-09-11,1185
108,2026-09-11,1200
108,2026-09-11,1215
108,2026-09-11,1230
108,2026-09-11,1245
108,2026-09-11,1260
108,2026-09-11,1275
108,2026-09-11,1290
108,2026-09-11,1305
108,2026-09-11,1320
108,2026-09-11,1335
108,2026-09-11,1350
108,2026-09-11,1365
108,2026-09-11,1380
108,2026-09-11,1395
108,2026-09-11,1410
108,2026-09-11,1425
109,2026-09-11,0
109,2026-09-11,15
109,2026-09-11,30
109,2026-09-11,45
109,2026-09-11,60
109,2026-09-11,75
109,2026-09-11,90
109,2026-09-11,105
109,2026-09-11,120
109,2026-09-11,135
109,2026-09-11,150
109,2026-09-11,165
109,2026-09-11,180
109,2026-09-11,195
109,2026-09-11,210
109,2026-09-11,225
109,2026-09-11,240
109,2026-09-11,255
109,2026-09-11,270
109,2026-09-11,285
109,2026-09-11,300
109,2026-09-11,315
109,2026-09-11,330
109,2026-09-11,345
109,2026-09-11,360
109,2026-09-11,375
109,2026-09-11,390
109,2026-09-11,405
109,2026-09-11,420
109,2026-09-11,435
109,2026-09-11,450
109,2026-09-11,465
109,2026-09-11,480
109,2026-09-11,495
109,2026-09-11,510
109,2026-09-11,525
109,2026-09-11,540
109,2026-09-11,555
109,2026-09-11,570
109,2026-09-11,585
109,2026-09-11,600
109,2026-09-11,615
109,2026-09-11,630
109,2026-09-11,645
109,2026-09-11,660
109,2026-09-11,675
109,2026-09-11,690
109,2026-09-11,705
109,2026-09-11,720
109,2026-09-11,735
109,2026-09-11,750
109,2026-09-11,765
109,2026-09-11,780
109,2026-09-11,795
109,2026-09-11,810
109,2026-09-11,825
109,2026-09-11,840
109,2026-09-11,855
109,2026-09-11,870
109,2026-09-11,885
109,2026-09-11,900
109,2026-09-11,915
109,2026-09-11,930
109,2026-09-11,945
109,2026-09-11,960
109,2026-09-11,975
109,2026-09-11,990
109,2026-09-11,1005
109,2026-09-11,1020
109,2026-09-11,1035
109,2026-09-11,1050
109,2026-09-11,1065
109,2026-09-11,1080
109,2026-09-11,1095
109,2026-09-11,1110
109,2026-09-11,1125
109,2026-09-11,1140
109,2026-09-11,1155
109,2026-09-11,1170
109,2026-09-11,1185
109,2026-09-11,1200
109,2026-09-11,1215
109,2026-09-11,1230
109,2026-09-11,1245
109,2026-09-11,1260
109,2026-09-11,1275
109,2026-09-11,1290
109,2026-09-11,1305
109,2026-09-11,1320
109,2026-09-11,1335
109,2026-09-11,1350
109,2026-09-11,1365
109,2026-09-11,1380
109,2026-09-11,1395
109,2026-09-11,1410
109,2026-09-11,1425
110,2026-09-11,0
110,2026-09-11,15
110,2026-09-11,30
110,2026-09-11,45
110,2026-09-11,60
110,2026-09-11,75
110,2026-09-11,90
110,2026-09-11,105
110,2026-09-11,120
110,2026-09-11,135
110,2026-09-11,150
110,2026-09-11,165
110,2026-09-11,180
110,2026-09-11,195
110,2026-09-11,210
110,2026-09-11,225
110,2026-09-11,240
110,2026-09-11,255
110,2026-09-11,270
110,2026-09-11,285
110,2026-09-11,300
110,2026-09-11,315
110,2026-09-11,330
110,2026-09-11,345
110,2026-09-11,360
110,2026-09-11,375
110,2026-09-11,390
110,2026-09-11,405
110,2026-09-11,420
110,2026-09-11,435
110,2026-09-11,450
110,2026-09-11,465
110,2026-09-11,480
110,2026-09-11,495
110,2026-09-11,510
110,2026-09-11,525
110,2026-09-11,540
110,2026-09-11,555
110,2026-09-11,570
110,2026-09-11,585
110,2026-09-11,600
110,2026-09-11,615
110,2026-09-11,630
110,2026-09-11,645
110,2026-09-11,660
110,2026-09-11,675
110,2026-09-11,690
110,2026-09-11,705
110,2026-09-11,720
110,2026-09-11,735
110,2026-09-11,750
110,2026-09-11,765
110,2026-09-11,780
110,2026-09-11,795
110,2026-09-11,810
110,2026-09-11,825
110,2026-09-11,840
110,2026-09-11,855
111,2026-09-11,0
111,2026-09-11,15
111,2026-09-11,30
111,2026-09-11,45
111,2026-09-11,60
111,2026-09-11,75
111,2026-09-11,90
111,2026-09-11,105
111,2026-09-11,120
111,2026-09-11,135
111,2026-09-11,150
111,2026-09-11,165
111,2026-09-11,180
111,2026-09-11,195
111,2026-09-11,210
111,2026-09-11,225
111,2026-09-11,240
111,2026-09-11,255
111,2026-09-11,270
111,2026-09-11,285
111,2026-09-11,300
111,2026-09-11,315
111,2026-09-11,330
111,2026-09-11,345
111,2026-09-11,360
111,2026-09-11,375
111,2026-09-11,390
111,2026-09-11,405
111,2026-09-11,420
111,2026-09-11,435
111,2026-09-11,450
111,2026-09-11,465
111,2026-09-11,480
111,2026-09-11,495
111,2026-09-11,510
111,2026-09-11,525
111,2026-09-11,540
111,2026-09-11,555
111,2026-09-11,720
111,2026-09-11,735
111,2026-09-11,750
111,2026-09-11,765
111,2026-09-11,780
111,2026-09-11,795
111,2026-09-11,810
111,2026-09-11,825
111,2026-09-11,840
111,2026-09-11,855
111,2026-09-11,870
111,2026-09-11,885
111,2026-09-11,900
111,2026-09-11,915
111,2026-09-11,930
111,2026-09-11,945
111,2026-09-11,960
111,2026-09-11,975
111,2026-09-11,990
111,2026-09-11,1005
111,2026-09-11,1020
111,2026-09-11,1035
111,2026-09-11,1050
111,2026-09-11,1065
111,2026-09-11,1080
111,2026-09-11,1095
111,2026-09-11,1110
111,2026-09-11,1125
111,2026-09-11,1140
111,2026-09-11,1155
111,2026-09-11,1170
111,2026-09-11,1185
111,2026-09-11,1200
111,2026-09-11,1215
111,2026-09-11,1230
111,2026-09-11,1245
111,2026-09-11,1260
111,2026-09-11,1275
111,2026-09-11,1290
111,2026-09-11,1305
111,2026-09-11,1320
111,2026-09-11,1335
111,2026-09-11,1350
111,2026-09-11,1365
111,2026-09-11,1380
111,2026-09-11,1395
111,2026-09-11,1410
111,2026-09-11,1425
112,2026-09-11,0
112,2026-09-11,15
112,2026-09-11,30
112,2026-09-11,45
112,2026-09-11,60
112,2026-09-11,75
112,2026-09-11,90
112,2026-09-11,105
112,2026-09-11,120
112,2026-09-11,135
112,2026-09-11,150
112,2026-09-11,165
112,2026-09-11,180
112,2026-09-11,195
112,2026-09-11,210
112,2026-09-11,225
112,2026-09-11,240
112,2026-09-11,255
112,2026-09-11,270
112,2026-09-11,285
112,2026-09-11,300
112,2026-09-11,315
112,2026-09-11,330
112,2026-09-11,345
112,2026-09-11,360
112,2026-09-11,375
112,2026-09-11,390
112,2026-09-11,405
112,2026-09-11,420
112,2026-09-11,435
112,2026-09-11,450
112,2026-09-11,465
112,2026-09-11,480
112,2026-09-11,495
112,2026-09-11,510
112,2026-09-11,525
112,2026-09-11,540
112,2026-09-11,555
112,2026-09-11,570
112,2026-09-11,585
112,2026-09-11,600
112,2026-09-11,615
112,2026-09-11,630
112,2026-09-11,645
112,2026-09-11,660
112,2026-09-11,675
112,2026-09-11,690
112,2026-09-11,705
112,2026-09-11,720
112,2026-09-11,735
112,2026-09-11,750
112,2026-09-11,765
112,2026-09-11,780
112,2026-09-11,795
112,2026-09-11,810
112,2026-09-11,825
112,2026-09-11,840
112,2026-09-11,855
112,2026-09-11,870
112,2026-09-11,885
112,2026-09-11,900
112,2026-09-11,915
112,2026-09-11,930
112,2026-09-11,945
112,2026-09-11,960
112,2026-09-11,975
112,2026-09-11,990
112,2026-09-11,1005
112,2026-09-11,1020
112,2026-09-11,1035
112,2026-09-11,1050
112,2026-09-11,1065
112,2026-09-11,1080
112,2026-09-11,1095
112,2026-09-11,1110
112,2026-09-11,1125
112,2026-09-11,1140
112,2026-09-11,1155
112,2026-09-11,1170
112,2026-09-11,1185
112,2026-09-11,1200
112,2026-09-11,1215
112,2026-09-11,1230
112,2026-09-11,1245
112,2026-09-11,1260
112,2026-09-11,1275
112,2026-09-11,1290
112,2026-09-11,1305
112,2026-09-11,1320
112,2026-09-11,1335
112,2026-09-11,1350
112,2026-09-11,1365
112,2026-09-11,1380
112,2026-09-11,1395
112,2026-09-11,1410
112,2026-09-11,1425
113,2026-09-11,735
113,2026-09-11,750
113,2026-09-11,765
113,2026-09-11,780
113,2026-09-11,795
113,2026-09-11,810
113,2026-09-11,825
113,2026-09-11,840
113,2026-09-11,855
113,2026-09-11,870
113,2026-09-11,885
113,2026-09-11,900
113,2026-09-11,915
113,2026-09-11,930
113,2026-09-11,945
113,2026-09-11,960
113,2026-09-11,975
113,2026-09-11,990
113,2026-09-11,1005
113,2026-09-11,1020
113,2026-09-11,1035
113,2026-09-11,1050
113,2026-09-11,1065
113,2026-09-11,1080
113,2026-09-11,1095
113,2026-09-11,1110
113,2026-09-11,1125
113,2026-09-11,1140
113,2026-09-11,1155
113,2026-09-11,1170
113,2026-09-11,1185
113,2026-09-11,1200
113,2026-09-11,1215
113,2026-09-11,1230
113,2026-09-11,1245
113,2026-09-11,1260
113,2026-09-11,1275
113,2026-09-11,1290
113,2026-09-11,1305
113,2026-09-11,1320
113,2026-09-11,1335
113,2026-09-11,1350
113,2026-09-11,1365
113,2026-09-11,1380
113,2026-09-11,1395
113,2026-09-11,1410
113,2026-09-11,1425
114,2026-09-11,0
114,2026-09-11,15
114,2026-09-11,30
114,2026-09-11,45
114,2026-09-11,60
114,2026-09-11,75
114,2026-09-11,90
114,2026-09-11,105
114,2026-09-11,120
114,2026-09-11,135
114,2026-09-11,150
114,2026-09-11,165
114,2026-09-11,180
114,2026-09-11,195
114,2026-09-11,210
114,2026-09-11,225
114,2026-09-11,240
114,2026-09-11,255
114,2026-09-11,270
114,2026-09-11,285
114,2026-09-11,300
114,2026-09-11,315
114,2026-09-11,330
114,2026-09-11,345
114,2026-09-11,360
114,2026-09-11,375
114,2026-09-11,390
114,2026-09-11,405
114,2026-09-11,420
114,2026-09-11,435
114,2026-09-11,450
114,2026-09-11,465
114,2026-09-11,480
114,2026-09-11,495
114,2026-09-11,810
114,2026-09-11,825
114,2026-09-11,840
114,2026-09-11,855
114,2026-09-11,870
114,2026-09-11,885
114,2026-09-11,900
114,2026-09-11,915
114,2026-09-11,930
114,2026-09-11,945
114,2026-09-11,960
114,2026-09-11,975
114,2026-09-11,990
114,2026-09-11,1005
114,2026-09-11,1020
114,2026-09-11,1035
114,2026-09-11,1050
114,2026-09-11,1065
114,2026-09-11,1080
114,2026-09-11,1095
114,2026-09-11,1110
114,2026-09-11,1125
114,2026-09-11,1140
114,2026-09-11,1155
114,2026-09-11,1170
114,2026-09-11,1185
114,2026-09-11,1200
114,2026-09-11,1215
114,2026-09-11,1230
114,2026-09-11,1245
114,2026-09-11,1260
114,2026-09-11,1275
114,2026-09-11,1290
114,2026-09-11,1305
114,2026-09-11,1320
114,2026-09-11,1335
114,2026-09-11,1350
114,2026-09-11,1365
114,2026-09-11,1380
114,2026-09-11,1395
114,2026-09-11,1410
114,2026-09-11,1425
115,2026-09-11,0
115,2026-09-11,15
115,2026-09-11,30
115,2026-09-11,45
115,2026-09-11,60
115,2026-09-11,75
115,2026-09-11,90
115,2026-09-11,105
115,2026-09-11,120
115,2026-09-11,135
115,2026-09-11,150
115,2026-09-11,165
115,2026-09-11,180
115,2026-09-11,195
115,2026-09-11,210
115,2026-09-11,225
115,2026-09-11,240
115,2026-09-11,255
115,2026-09-11,270
115,2026-09-11,285
115,2026-09-11,300
115,2026-09-11,315
115,2026-09-11,330
115,2026-09-11,345
115,2026-09-11,360
115,2026-09-11,375
115,2026-09-11,390
115,2026-09-11,405
115,2026-09-11,420
115,2026-09-11,435
115,2026-09-11,450
115,2026-09-11,465
115,2026-09-11,480
115,2026-09-11,495
115,2026-09-11,510
115,2026-09-11,525
115,2026-09-11,540
115,2026-09-11,555
115,2026-09-11,570
115,2026-09-11,585
115,2026-09-11,600
115,2026-09-11,615
115,2026-09-11,630
115,2026-09-11,645
115,2026-09-11,660
115,2026-09-11,675
115,2026-09-11,690
115,2026-09-11,705
115,2026-09-11,720
115,2026-09-11,735
115,2026-09-11,750
115,2026-09-11,765
115,2026-09-11,780
115,2026-09-11,795
115,2026-09-11,810
115,2026-09-11,825
115,2026-09-11,840
115,2026-09-11,855
115,2026-09-11,870
115,2026-09-11,885
115,2026-09-11,900
115,2026-09-11,915
115,2026-09-11,930
115,2026-09-11,945
115,2026-09-11,960
115,2026-09-11,975
115,2026-09-11,990
115,2026-09-11,1005
115,2026-09-11,1020
115,2026-09-11,1035
115,2026-09-11,1050
115,2026-09-11,1065
115,2026-09-11,1080
115,2026-09-11,1095
115,2026-09-11,1110
115,2026-09-11,1125
115,2026-09-11,1140
115,2026-09-11,1155
115,2026-09-11,1170
115,2026-09-11,1185
115,2026-09-11,1200
115,2026-09-11,1215
115,2026-09-11,1230
115,2026-09-11,1245
115,2026-09-11,1260
115,2026-09-11,1275
115,2026-09-11,1290
115,2026-09-11,1305
115,2026-09-11,1320
115,2026-09-11,1335
115,2026-09-11,1350
115,2026-09-11,1365
115,2026-09-11,1380
115,2026-09-11,1395
115,2026-09-11,1410
115,2026-09-11,1425
116,2026-09-11,0
116,2026-09-11,15
116,2026-09-11,30
116,2026-09-11,45
116,2026-09-11,60
116,2026-09-11,75
116,2026-09-11,90
116,2026-09-11,105
116,2026-09-11,120
116,2026-09-11,135
116,2026-09-11,150
116,2026-09-11,165
116,2026-09-11,180
116,2026-09-11,195
116,2026-09-11,210
116,2026-09-11,225
116,2026-09-11,240
116,2026-09-11,255
116,2026-09-11,270
116,2026-09-11,285
116,2026-09-11,300
116,2026-09-11,315
116,2026-09-11,330
116,2026-09-11,345
116,2026-09-11,360
116,2026-09-11,375
116,2026-09-11,390
116,2026-09-11,405
116,2026-09-11,420
116,2026-09-11,435
116,2026-09-11,450
116,2026-09-11,465
116,2026-09-11,480
116,2026-09-11,495
116,2026-09-11,510
116,2026-09-11,525
116,2026-09-11,540
116,2026-09-11,555
116,2026-09-11,570
116,2026-09-11,585
116,2026-09-11,600
116,2026-09-11,615
116,2026-09-11,630
116,2026-09-11,645
116,2026-09-11,660
116,2026-09-11,675
116,2026-09-11,690
116,2026-09-11,705
116,2026-09-11,720
116,2026-09-11,735
116,2026-09-11,750
116,2026-09-11,765
116,2026-09-11,780
116,2026-09-11,795
116,2026-09-11,810
116,2026-09-11,825
116,2026-09-11,840
116,2026-09-11,855
116,2026-09-11,870
116,2026-09-11,885
116,2026-09-11,900
116,2026-09-11,915
116,2026-09-11,930
116,2026-09-11,945
116,2026-09-11,960
116,2026-09-11,975
116,2026-09-11,990
116,2026-09-11,1005
116,2026-09-11,1020
116,2026-09-11,1035
116,2026-09-11,1050
116,2026-09-11,1065
116,2026-09-11,1080
116,2026-09-11,1095
116,2026-09-11,1110
116,2026-09-11,1125
116,2026-09-11,1140
116,2026-09-11,1155
116,2026-09-11,1170
116,2026-09-11,1185
116,2026-09-11,1200
116,2026-09-11,1215
116,2026-09-11,1230
116,2026-09-11,1245
116,2026-09-11,1260
116,2026-09-11,1275
116,2026-09-11,1290
116,2026-09-11,1305
116,2026-09-11,1320
116,2026-09-11,1335
116,2026-09-11,1350
116,2026-09-11,1365
116,2026-09-11,1380
116,2026-09-11,1395
116,2026-09-11,1410
116,2026-09-11,1425
117,2026-09-11,0
117,2026-09-11,15
117,2026-09-11,30
117,2026-09-11,45
117,2026-09-11,60
117,2026-09-11,75
117,2026-09-11,90
117,2026-09-11,105
117,2026-09-11,120
117,2026-09-11,135
117,2026-09-11,150
117,2026-09-11,165
117,2026-09-11,180
117,2026-09-11,195
117,2026-09-11,210
117,2026-09-11,225
117,2026-09-11,240
117,2026-09-11,255
117,2026-09-11,270
117,2026-09-11,285
117,2026-09-11,300
117,2026-09-11,315
117,2026-09-11,330
117,2026-09-11,345
117,2026-09-11,360
117,2026-09-11,375
117,2026-09-11,390
117,2026-09-11,405
117,2026-09-11,420
117,2026-09-11,435
117,2026-09-11,450
117,2026-09-11,465
117,2026-09-11,480
117,2026-09-11,495
117,2026-09-11,510
117,2026-09-11,525
117,2026-09-11,540
117,2026-09-11,555
117,2026-09-11,570
117,2026-09-11,585
117,2026-09-11,600
117,2026-09-11,615
117,2026-09-11,630
117,2026-09-11,645
117,2026-09-11,660
117,2026-09-11,675
117,2026-09-11,690
117,2026-09-11,705
117,2026-09-11,720
117,2026-09-11,735
117,2026-09-11,750
117,2026-09-11,765
117,2026-09-11,780
117,2026-09-11,795
117,2026-09-11,810
117,2026-09-11,825
117,2026-09-11,840
117,2026-09-11,855
117,2026-09-11,870
117,2026-09-11,885
117,2026-09-11,900
117,2026-09-11,915
117,2026-09-11,930
117,2026-09-11,945
117,2026-09-11,960
117,2026-09-11,975
117,2026-09-11,990
117,2026-09-11,1005
117,2026-09-11,1020
117,2026-09-11,1035
117,2026-09-11,1050
117,2026-09-11,1065
117,2026-09-11,1080
117,2026-09-11,1095
117,2026-09-11,1110
117,2026-09-11,1125
117,2026-09-11,1140
117,2026-09-11,1155
117,2026-09-11,1170
117,2026-09-11,1185
117,2026-09-11,1200
117,2026-09-11,1215
117,2026-09-11,1230
117,2026-09-11,1245
117,2026-09-11,1260
117,2026-09-11,1275
117,2026-09-11,1290
117,2026-09-11,1305
117,2026-09-11,1320
117,2026-09-11,1335
117,2026-09-11,1350
117,2026-09-11,1365
117,2026-09-11,1380
117,2026-09-11,1395
117,2026-09-11,1410
117,2026-09-11,1425
31,2026-09-12,0
31,2026-09-12,15
31,2026-09-12,30
31,2026-09-12,45
31,2026-09-12,60
31,2026-09-12,75
31,2026-09-12,90
31,2026-09-12,105
31,2026-09-12,120
31,2026-09-12,135
31,2026-09-12,150
31,2026-09-12,165
31,2026-09-12,180
31,2026-09-12,195
31,2026-09-12,210
31,2026-09-12,225
31,2026-09-12,240
31,2026-09-12,255
31,2026-09-12,270
31,2026-09-12,285
31,2026-09-12,300
31,2026-09-12,315
31,2026-09-12,330
31,2026-09-12,345
31,2026-09-12,360
31,2026-09-12,375
31,2026-09-12,390
31,2026-09-12,405
31,2026-09-12,420
31,2026-09-12,435
31,2026-09-12,450
31,2026-09-12,465
31,2026-09-12,480
31,2026-09-12,495
31,2026-09-12,510
31,2026-09-12,525
31,2026-09-12,540
31,2026-09-12,555
31,2026-09-12,570
31,2026-09-12,585
31,2026-09-12,600
31,2026-09-12,615
31,2026-09-12,630
31,2026-09-12,645
31,2026-09-12,660
31,2026-09-12,675
31,2026-09-12,690
31,2026-09-12,705
31,2026-09-12,720
31,2026-09-12,735
31,2026-09-12,750
31,2026-09-12,765
31,2026-09-12,780
31,2026-09-12,795
31,2026-09-12,810
31,2026-09-12,825
31,2026-09-12,840
31,2026-09-12,855
31,2026-09-12,870
31,2026-09-12,885
31,2026-09-12,900
31,2026-09-12,915
31,2026-09-12,930
31,2026-09-12,945
31,2026-09-12,960
31,2026-09-12,975
31,2026-09-12,990
31,2026-09-12,1005
31,2026-09-12,1020
31,2026-09-12,1035
31,2026-09-12,1050
31,2026-09-12,1065
31,2026-09-12,1080
31,2026-09-12,1095
31,2026-09-12,1110
31,2026-09-12,1125
31,2026-09-12,1140
31,2026-09-12,1155
31,2026-09-12,1170
31,2026-09-12,1185
31,2026-09-12,1200
31,2026-09-12,1215
31,2026-09-12,1230
31,2026-09-12,1245
31,2026-09-12,1260
31,2026-09-12,1275
31,2026-09-12,1290
31,2026-09-12,1305
31,2026-09-12,1320
31,2026-09-12,1335
31,2026-09-12,1350
31,2026-09-12,1365
31,2026-09-12,1380
31,2026-09-12,1395
31,2026-09-12,1410
31,2026-09-12,1425
45,2026-09-12,0
45,2026-09-12,15
45,2026-09-12,30
45,2026-09-12,45
45,2026-09-12,60
45,2026-09-12,75
45,2026-09-12,90
45,2026-09-12,105
45,2026-09-12,120
45,2026-09-12,135
45,2026-09-12,150
45,2026-09-12,165
45,2026-09-12,180
45,2026-09-12,195
45,2026-09-12,210
45,2026-09-12,225
45,2026-09-12,240
45,2026-09-12,255
45,2026-09-12,270
45,2026-09-12,285
45,2026-09-12,300
45,2026-09-12,315
45,2026-09-12,330
45,2026-09-12,345
45,2026-09-12,360
45,2026-09-12,375
45,2026-09-12,390
45,2026-09-12,405
45,2026-09-12,420
45,2026-09-12,435
45,2026-09-12,450
45,2026-09-12,465
45,2026-09-12,480
45,2026-09-12,495
45,2026-09-12,510
45,2026-09-12,525
45,2026-09-12,540
45,2026-09-12,555
45,2026-09-12,570
45,2026-09-12,585
45,2026-09-12,600
45,2026-09-12,615
45,2026-09-12,630
45,2026-09-12,645
45,2026-09-12,660
45,2026-09-12,675
45,2026-09-12,690
45,2026-09-12,705
45,2026-09-12,720
45,2026-09-12,735
45,2026-09-12,750
45,2026-09-12,765
45,2026-09-12,780
45,2026-09-12,795
45,2026-09-12,810
45,2026-09-12,825
45,2026-09-12,840
45,2026-09-12,855
45,2026-09-12,870
45,2026-09-12,885
45,2026-09-12,900
45,2026-09-12,915
45,2026-09-12,930
45,2026-09-12,945
45,2026-09-12,960
45,2026-09-12,975
45,2026-09-12,990
45,2026-09-12,1005
45,2026-09-12,1020
45,2026-09-12,1035
45,2026-09-12,1050
45,2026-09-12,1065
45,2026-09-12,1080
45,2026-09-12,1095
45,2026-09-12,1110
45,2026-09-12,1125
45,2026-09-12,1140
45,2026-09-12,1155
45,2026-09-12,1170
45,2026-09-12,1185
45,2026-09-12,1200
45,2026-09-12,1215
45,2026-09-12,1230
45,2026-09-12,1245
45,2026-09-12,1260
45,2026-09-12,1275
45,2026-09-12,1290
45,2026-09-12,1305
45,2026-09-12,1320
45,2026-09-12,1335
45,2026-09-12,1350
45,2026-09-12,1365
45,2026-09-12,1380
45,2026-09-12,1395
45,2026-09-12,1410
45,2026-09-12,1425
67,2026-09-12,0
67,2026-09-12,15
67,2026-09-12,30
67,2026-09-12,45
67,2026-09-12,60
67,2026-09-12,75
67,2026-09-12,90
67,2026-09-12,105
67,2026-09-12,120
67,2026-09-12,135
67,2026-09-12,150
67,2026-09-12,165
67,2026-09-12,180
67,2026-09-12,195
67,2026-09-12,210
67,2026-09-12,225
67,2026-09-12,240
67,2026-09-12,255
67,2026-09-12,270
67,2026-09-12,285
67,2026-09-12,300
67,2026-09-12,315
67,2026-09-12,330
67,2026-09-12,345
67,2026-09-12,360
67,2026-09-12,375
67,2026-09-12,390
67,2026-09-12,405
67,2026-09-12,420
67,2026-09-12,435
67,2026-09-12,450
67,2026-09-12,465
67,2026-09-12,480
67,2026-09-12,495
67,2026-09-12,510
67,2026-09-12,525
67,2026-09-12,540
67,2026-09-12,555
67,2026-09-12,570
67,2026-09-12,585
67,2026-09-12,600
67,2026-09-12,615
67,2026-09-12,630
67,2026-09-12,645
67,2026-09-12,660
67,2026-09-12,675
67,2026-09-12,690
67,2026-09-12,705
67,2026-09-12,720
67,2026-09-12,735
67,2026-09-12,750
67,2026-09-12,765
67,2026-09-12,780
67,2026-09-12,795
67,2026-09-12,810
67,2026-09-12,825
67,2026-09-12,840
67,2026-09-12,855
67,2026-09-12,870
67,2026-09-12,885
67,2026-09-12,900
67,2026-09-12,915
67,2026-09-12,930
67,2026-09-12,945
67,2026-09-12,960
67,2026-09-12,975
67,2026-09-12,990
67,2026-09-12,1005
67,2026-09-12,1020
67,2026-09-12,1035
67,2026-09-12,1050
67,2026-09-12,1065
67,2026-09-12,1080
67,2026-09-12,1095
67,2026-09-12,1110
67,2026-09-12,1125
67,2026-09-12,1140
67,2026-09-12,1155
67,2026-09-12,1170
67,2026-09-12,1185
67,2026-09-12,1200
67,2026-09-12,1215
67,2026-09-12,1230
67,2026-09-12,1245
67,2026-09-12,1260
67,2026-09-12,1275
67,2026-09-12,1290
67,2026-09-12,1305
67,2026-09-12,1320
67,2026-09-12,1335
67,2026-09-12,1350
67,2026-09-12,1365
67,2026-09-12,1380
67,2026-09-12,1395
67,2026-09-12,1410
67,2026-09-12,1425
70,2026-09-12,0
70,2026-09-12,15
70,2026-09-12,30
70,2026-09-12,45
70,2026-09-12,60
70,2026-09-12,75
70,2026-09-12,90
70,2026-09-12,105
70,2026-09-12,120
70,2026-09-12,135
70,2026-09-12,150
70,2026-09-12,165
70,2026-09-12,180
70,2026-09-12,195
70,2026-09-12,210
70,2026-09-12,225
70,2026-09-12,240
70,2026-09-12,255
70,2026-09-12,270
70,2026-09-12,285
70,2026-09-12,300
70,2026-09-12,315
70,2026-09-12,330
70,2026-09-12,345
70,2026-09-12,360
70,2026-09-12,375
70,2026-09-12,390
70,2026-09-12,405
70,2026-09-12,420
70,2026-09-12,435
70,2026-09-12,450
70,2026-09-12,465
70,2026-09-12,480
70,2026-09-12,495
70,2026-09-12,510
70,2026-09-12,525
70,2026-09-12,540
70,2026-09-12,555
70,2026-09-12,570
70,2026-09-12,585
70,2026-09-12,600
70,2026-09-12,615
70,2026-09-12,630
70,2026-09-12,645
70,2026-09-12,660
70,2026-09-12,675
70,2026-09-12,690
70,2026-09-12,705
70,2026-09-12,720
70,2026-09-12,735
70,2026-09-12,750
70,2026-09-12,765
70,2026-09-12,780
70,2026-09-12,795
70,2026-09-12,810
70,2026-09-12,825
70,2026-09-12,840
70,2026-09-12,855
70,2026-09-12,870
70,2026-09-12,885
70,2026-09-12,900
70,2026-09-12,915
70,2026-09-12,930
70,2026-09-12,945
70,2026-09-12,960
70,2026-09-12,975
70,2026-09-12,990
70,2026-09-12,1005
70,2026-09-12,1020
70,2026-09-12,1035
70,2026-09-12,1050
70,2026-09-12,1065
70,2026-09-12,1080
70,2026-09-12,1095
70,2026-09-12,1110
70,2026-09-12,1125
70,2026-09-12,1140
70,2026-09-12,1155
70,2026-09-12,1170
70,2026-09-12,1185
70,2026-09-12,1200
70,2026-09-12,1215
70,2026-09-12,1230
70,2026-09-12,1245
70,2026-09-12,1260
70,2026-09-12,1275
70,2026-09-12,1290
70,2026-09-12,1305
70,2026-09-12,1320
70,2026-09-12,1335
70,2026-09-12,1350
70,2026-09-12,1365
70,2026-09-12,1380
70,2026-09-12,1395
70,2026-09-12,1410
70,2026-09-12,1425
91,2026-09-12,0
91,2026-09-12,15
91,2026-09-12,30
91,2026-09-12,45
91,2026-09-12,60
91,2026-09-12,75
91,2026-09-12,90
91,2026-09-12,105
91,2026-09-12,120
91,2026-09-12,135
91,2026-09-12,150
91,2026-09-12,165
91,2026-09-12,180
91,2026-09-12,195
91,2026-09-12,210
91,2026-09-12,225
91,2026-09-12,240
91,2026-09-12,255
91,2026-09-12,270
91,2026-09-12,285
91,2026-09-12,300
91,2026-09-12,315
91,2026-09-12,330
91,2026-09-12,345
91,2026-09-12,360
91,2026-09-12,375
91,2026-09-12,390
91,2026-09-12,405
91,2026-09-12,420
91,2026-09-12,435
91,2026-09-12,450
91,2026-09-12,465
91,2026-09-12,480
91,2026-09-12,495
91,2026-09-12,510
91,2026-09-12,525
91,2026-09-12,540
91,2026-09-12,555
91,2026-09-12,570
91,2026-09-12,585
91,2026-09-12,600
91,2026-09-12,615
91,2026-09-12,630
91,2026-09-12,645
91,2026-09-12,660
91,2026-09-12,675
91,2026-09-12,690
91,2026-09-12,705
91,2026-09-12,720
91,2026-09-12,735
91,2026-09-12,750
91,2026-09-12,765
91,2026-09-12,780
91,2026-09-12,795
91,2026-09-12,810
91,2026-09-12,825
91,2026-09-12,840
91,2026-09-12,855
91,2026-09-12,870
91,2026-09-12,885
91,2026-09-12,900
91,2026-09-12,915
91,2026-09-12,930
91,2026-09-12,945
91,2026-09-12,960
91,2026-09-12,975
91,2026-09-12,990
91,2026-09-12,1005
91,2026-09-12,1020
91,2026-09-12,1035
91,2026-09-12,1050
91,2026-09-12,1065
91,2026-09-12,1080
91,2026-09-12,1095
91,2026-09-12,1110
91,2026-09-12,1125
91,2026-09-12,1140
91,2026-09-12,1155
91,2026-09-12,1170
91,2026-09-12,1185
91,2026-09-12,1200
91,2026-09-12,1215
91,2026-09-12,1230
91,2026-09-12,1245
91,2026-09-12,1260
91,2026-09-12,1275
91,2026-09-12,1290
91,2026-09-12,1305
91,2026-09-12,1320
91,2026-09-12,1335
91,2026-09-12,1350
91,2026-09-12,1365
91,2026-09-12,1380
91,2026-09-12,1395
91,2026-09-12,1410
91,2026-09-12,1425
92,2026-09-12,0
92,2026-09-12,15
92,2026-09-12,30
92,2026-09-12,45
92,2026-09-12,60
92,2026-09-12,75
92,2026-09-12,90
92,2026-09-12,105
92,2026-09-12,120
92,2026-09-12,135
92,2026-09-12,150
92,2026-09-12,165
92,2026-09-12,180
92,2026-09-12,195
92,2026-09-12,210
92,2026-09-12,225
92,2026-09-12,240
92,2026-09-12,255
92,2026-09-12,270
92,2026-09-12,285
92,2026-09-12,300
92,2026-09-12,315
92,2026-09-12,330
92,2026-09-12,345
92,2026-09-12,360
92,2026-09-12,375
92,2026-09-12,390
92,2026-09-12,405
92,2026-09-12,420
92,2026-09-12,435
92,2026-09-12,450
92,2026-09-12,465
92,2026-09-12,600
92,2026-09-12,615
92,2026-09-12,630
92,2026-09-12,645
92,2026-09-12,660
92,2026-09-12,675
92,2026-09-12,690
92,2026-09-12,705
92,2026-09-12,720
92,2026-09-12,735
92,2026-09-12,750
92,2026-09-12,765
92,2026-09-12,780
92,2026-09-12,795
92,2026-09-12,810
92,2026-09-12,825
92,2026-09-12,840
92,2026-09-12,855
92,2026-09-12,870
92,2026-09-12,885
92,2026-09-12,900
92,2026-09-12,915
92,2026-09-12,930
92,2026-09-12,945
92,2026-09-12,960
92,2026-09-12,975
92,2026-09-12,990
92,2026-09-12,1005
92,2026-09-12,1020
92,2026-09-12,1035
92,2026-09-12,1050
92,2026-09-12,1065
92,2026-09-12,1080
92,2026-09-12,1095
92,2026-09-12,1110
92,2026-09-12,1125
92,2026-09-12,1140
92,2026-09-12,1155
92,2026-09-12,1170
92,2026-09-12,1185
92,2026-09-12,1200
92,2026-09-12,1215
92,2026-09-12,1230
92,2026-09-12,1245
92,2026-09-12,1260
92,2026-09-12,1275
92,2026-09-12,1290
92,2026-09-12,1305
92,2026-09-12,1320
92,2026-09-12,1335
92,2026-09-12,1350
92,2026-09-12,1365
92,2026-09-12,1380
92,2026-09-12,1395
92,2026-09-12,1410
92,2026-09-12,1425
93,2026-09-12,0
93,2026-09-12,15
93,2026-09-12,30
93,2026-09-12,45
93,2026-09-12,60
93,2026-09-12,75
93,2026-09-12,90
93,2026-09-12,105
93,2026-09-12,120
93,2026-09-12,135
93,2026-09-12,150
93,2026-09-12,165
93,2026-09-12,180
93,2026-09-12,195
93,2026-09-12,210
93,2026-09-12,225
93,2026-09-12,240
93,2026-09-12,255
93,2026-09-12,270
93,2026-09-12,285
93,2026-09-12,300
93,2026-09-12,315
93,2026-09-12,330
93,2026-09-12,345
93,2026-09-12,360
93,2026-09-12,375
93,2026-09-12,390
93,2026-09-12,405
93,2026-09-12,420
93,2026-09-12,435
93,2026-09-12,450
93,2026-09-12,465
93,2026-09-12,480
93,2026-09-12,495
93,2026-09-12,510
93,2026-09-12,525
93,2026-09-12,540
93,2026-09-12,555
93,2026-09-12,570
93,2026-09-12,585
93,2026-09-12,600
93,2026-09-12,615
93,2026-09-12,630
93,2026-09-12,645
93,2026-09-12,660
93,2026-09-12,675
93,2026-09-12,690
93,2026-09-12,705
93,2026-09-12,720
93,2026-09-12,735
93,2026-09-12,750
93,2026-09-12,765
93,2026-09-12,780
93,2026-09-12,795
93,2026-09-12,810
93,2026-09-12,825
93,2026-09-12,840
93,2026-09-12,855
93,2026-09-12,870
93,2026-09-12,885
93,2026-09-12,900
93,2026-09-12,915
93,2026-09-12,930
93,2026-09-12,945
93,2026-09-12,960
93,2026-09-12,975
93,2026-09-12,990
93,2026-09-12,1005
93,2026-09-12,1020
93,2026-09-12,1035
93,2026-09-12,1050
93,2026-09-12,1065
93,2026-09-12,1080
93,2026-09-12,1095
93,2026-09-12,1110
93,2026-09-12,1125
93,2026-09-12,1140
93,2026-09-12,1155
93,2026-09-12,1170
93,2026-09-12,1185
93,2026-09-12,1200
93,2026-09-12,1215
93,2026-09-12,1230
93,2026-09-12,1245
93,2026-09-12,1260
93,2026-09-12,1275
93,2026-09-12,1290
93,2026-09-12,1305
93,2026-09-12,1320
93,2026-09-12,1335
93,2026-09-12,1350
93,2026-09-12,1365
93,2026-09-12,1380
93,2026-09-12,1395
93,2026-09-12,1410
93,2026-09-12,1425
94,2026-09-12,0
94,2026-09-12,15
94,2026-09-12,30
94,2026-09-12,45
94,2026-09-12,60
94,2026-09-12,75
94,2026-09-12,90
94,2026-09-12,105
94,2026-09-12,120
94,2026-09-12,135
94,2026-09-12,150
94,2026-09-12,165
94,2026-09-12,180
94,2026-09-12,195
94,2026-09-12,210
94,2026-09-12,225
94,2026-09-12,240
94,2026-09-12,255
94,2026-09-12,270
94,2026-09-12,285
94,2026-09-12,300
94,2026-09-12,315
94,2026-09-12,330
94,2026-09-12,345
94,2026-09-12,360
94,2026-09-12,375
94,2026-09-12,390
94,2026-09-12,405
94,2026-09-12,420
94,2026-09-12,435
94,2026-09-12,450
94,2026-09-12,465
94,2026-09-12,480
94,2026-09-12,495
94,2026-09-12,510
94,2026-09-12,525
94,2026-09-12,540
94,2026-09-12,555
94,2026-09-12,570
94,2026-09-12,585
94,2026-09-12,600
94,2026-09-12,615
94,2026-09-12,630
94,2026-09-12,645
94,2026-09-12,660
94,2026-09-12,675
94,2026-09-12,690
94,2026-09-12,705
94,2026-09-12,720
94,2026-09-12,735
94,2026-09-12,750
94,2026-09-12,765
94,2026-09-12,780
94,2026-09-12,795
94,2026-09-12,810
94,2026-09-12,825
94,2026-09-12,840
94,2026-09-12,855
94,2026-09-12,870
94,2026-09-12,885
94,2026-09-12,900
94,2026-09-12,915
94,2026-09-12,930
94,2026-09-12,945
94,2026-09-12,960
94,2026-09-12,975
94,2026-09-12,990
94,2026-09-12,1005
94,2026-09-12,1020
94,2026-09-12,1035
94,2026-09-12,1050
94,2026-09-12,1065
94,2026-09-12,1080
94,2026-09-12,1095
94,2026-09-12,1110
94,2026-09-12,1125
94,2026-09-12,1140
94,2026-09-12,1155
94,2026-09-12,1170
94,2026-09-12,1185
94,2026-09-12,1200
94,2026-09-12,1215
94,2026-09-12,1230
94,2026-09-12,1245
94,2026-09-12,1260
94,2026-09-12,1275
94,2026-09-12,1290
94,2026-09-12,1305
94,2026-09-12,1320
94,2026-09-12,1335
94,2026-09-12,1350
94,2026-09-12,1365
94,2026-09-12,1380
94,2026-09-12,1395
94,2026-09-12,1410
94,2026-09-12,1425
95,2026-09-12,0
95,2026-09-12,15
95,2026-09-12,30
95,2026-09-12,45
95,2026-09-12,60
95,2026-09-12,75
95,2026-09-12,90
95,2026-09-12,105
95,2026-09-12,120
95,2026-09-12,135
95,2026-09-12,150
95,2026-09-12,165
95,2026-09-12,180
95,2026-09-12,195
95,2026-09-12,210
95,2026-09-12,225
95,2026-09-12,240
95,2026-09-12,255
95,2026-09-12,270
95,2026-09-12,285
95,2026-09-12,300
95,2026-09-12,315
95,2026-09-12,330
95,2026-09-12,345
95,2026-09-12,360
95,2026-09-12,375
95,2026-09-12,390
95,2026-09-12,405
95,2026-09-12,420
95,2026-09-12,435
95,2026-09-12,450
95,2026-09-12,465
95,2026-09-12,480
95,2026-09-12,495
95,2026-09-12,510
95,2026-09-12,525
95,2026-09-12,540
95,2026-09-12,555
95,2026-09-12,570
95,2026-09-12,585
95,2026-09-12,600
95,2026-09-12,615
95,2026-09-12,630
95,2026-09-12,645
95,2026-09-12,660
95,2026-09-12,675
95,2026-09-12,690
95,2026-09-12,705
95,2026-09-12,720
95,2026-09-12,735
95,2026-09-12,750
95,2026-09-12,765
95,2026-09-12,780
95,2026-09-12,795
95,2026-09-12,810
95,2026-09-12,825
95,2026-09-12,840
95,2026-09-12,855
95,2026-09-12,870
95,2026-09-12,885
95,2026-09-12,900
95,2026-09-12,915
95,2026-09-12,930
95,2026-09-12,945
95,2026-09-12,960
95,2026-09-12,975
95,2026-09-12,990
95,2026-09-12,1005
95,2026-09-12,1020
95,2026-09-12,1035
95,2026-09-12,1050
95,2026-09-12,1065
95,2026-09-12,1080
95,2026-09-12,1095
95,2026-09-12,1110
95,2026-09-12,1125
95,2026-09-12,1140
95,2026-09-12,1155
95,2026-09-12,1170
95,2026-09-12,1185
95,2026-09-12,1200
95,2026-09-12,1215
95,2026-09-12,1230
95,2026-09-12,1245
95,2026-09-12,1260
95,2026-09-12,1275
95,2026-09-12,1290
95,2026-09-12,1305
95,2026-09-12,1320
95,2026-09-12,1335
95,2026-09-12,1350
95,2026-09-12,1365
95,2026-09-12,1380
95,2026-09-12,1395
95,2026-09-12,1410
95,2026-09-12,1425
96,2026-09-12,0
96,2026-09-12,15
96,2026-09-12,30
96,2026-09-12,45
96,2026-09-12,60
96,2026-09-12,75
96,2026-09-12,90
96,2026-09-12,105
96,2026-09-12,120
96,2026-09-12,135
96,2026-09-12,150
96,2026-09-12,165
96,2026-09-12,180
96,2026-09-12,195
96,2026-09-12,210
96,2026-09-12,225
96,2026-09-12,240
96,2026-09-12,255
96,2026-09-12,270
96,2026-09-12,285
96,2026-09-12,300
96,2026-09-12,315
96,2026-09-12,330
96,2026-09-12,345
96,2026-09-12,360
96,2026-09-12,375
96,2026-09-12,390
96,2026-09-12,405
96,2026-09-12,420
96,2026-09-12,435
96,2026-09-12,450
96,2026-09-12,465
96,2026-09-12,480
96,2026-09-12,495
96,2026-09-12,510
96,2026-09-12,525
96,2026-09-12,540
96,2026-09-12,555
96,2026-09-12,570
96,2026-09-12,585
96,2026-09-12,600
96,2026-09-12,615
96,2026-09-12,630
96,2026-09-12,645
96,2026-09-12,660
96,2026-09-12,675
96,2026-09-12,690
96,2026-09-12,705
96,2026-09-12,720
96,2026-09-12,735
96,2026-09-12,750
96,2026-09-12,765
96,2026-09-12,780
96,2026-09-12,795
96,2026-09-12,810
96,2026-09-12,825
96,2026-09-12,840
96,2026-09-12,855
96,2026-09-12,870
96,2026-09-12,885
96,2026-09-12,900
96,2026-09-12,915
96,2026-09-12,930
96,2026-09-12,945
96,2026-09-12,960
96,2026-09-12,975
96,2026-09-12,990
96,2026-09-12,1005
96,2026-09-12,1020
96,2026-09-12,1035
96,2026-09-12,1050
96,2026-09-12,1065
96,2026-09-12,1080
96,2026-09-12,1095
96,2026-09-12,1110
96,2026-09-12,1125
96,2026-09-12,1140
96,2026-09-12,1155
96,2026-09-12,1170
96,2026-09-12,1185
96,2026-09-12,1200
96,2026-09-12,1215
96,2026-09-12,1230
96,2026-09-12,1245
96,2026-09-12,1260
96,2026-09-12,1275
96,2026-09-12,1290
96,2026-09-12,1305
96,2026-09-12,1320
96,2026-09-12,1335
96,2026-09-12,1350
96,2026-09-12,1365
96,2026-09-12,1380
96,2026-09-12,1395
96,2026-09-12,1410
96,2026-09-12,1425
97,2026-09-12,0
97,2026-09-12,15
97,2026-09-12,30
97,2026-09-12,45
97,2026-09-12,60
97,2026-09-12,75
97,2026-09-12,90
97,2026-09-12,105
97,2026-09-12,120
97,2026-09-12,135
97,2026-09-12,150
97,2026-09-12,165
97,2026-09-12,180
97,2026-09-12,195
97,2026-09-12,210
97,2026-09-12,225
97,2026-09-12,240
97,2026-09-12,255
97,2026-09-12,270
97,2026-09-12,285
97,2026-09-12,300
97,2026-09-12,315
97,2026-09-12,330
97,2026-09-12,345
97,2026-09-12,360
97,2026-09-12,375
97,2026-09-12,390
97,2026-09-12,405
97,2026-09-12,420
97,2026-09-12,435
97,2026-09-12,450
97,2026-09-12,465
97,2026-09-12,480
97,2026-09-12,495
97,2026-09-12,510
97,2026-09-12,525
97,2026-09-12,540
97,2026-09-12,555
97,2026-09-12,570
97,2026-09-12,585
97,2026-09-12,600
97,2026-09-12,615
97,2026-09-12,630
97,2026-09-12,645
97,2026-09-12,660
97,2026-09-12,675
97,2026-09-12,690
97,2026-09-12,705
97,2026-09-12,720
97,2026-09-12,735
97,2026-09-12,750
97,2026-09-12,765
97,2026-09-12,780
97,2026-09-12,795
97,2026-09-12,810
97,2026-09-12,825
97,2026-09-12,840
97,2026-09-12,855
97,2026-09-12,870
97,2026-09-12,885
97,2026-09-12,900
97,2026-09-12,915
97,2026-09-12,930
97,2026-09-12,945
97,2026-09-12,960
97,2026-09-12,975
97,2026-09-12,990
97,2026-09-12,1005
97,2026-09-12,1020
97,2026-09-12,1035
97,2026-09-12,1050
97,2026-09-12,1065
97,2026-09-12,1080
97,2026-09-12,1095
97,2026-09-12,1110
97,2026-09-12,1125
97,2026-09-12,1140
97,2026-09-12,1155
97,2026-09-12,1170
97,2026-09-12,1185
97,2026-09-12,1200
97,2026-09-12,1215
97,2026-09-12,1230
97,2026-09-12,1245
97,2026-09-12,1260
97,2026-09-12,1275
97,2026-09-12,1290
97,2026-09-12,1305
97,2026-09-12,1320
97,2026-09-12,1335
97,2026-09-12,1350
97,2026-09-12,1365
97,2026-09-12,1380
97,2026-09-12,1395
97,2026-09-12,1410
97,2026-09-12,1425
99,2026-09-12,0
99,2026-09-12,15
99,2026-09-12,30
99,2026-09-12,45
99,2026-09-12,60
99,2026-09-12,75
99,2026-09-12,90
99,2026-09-12,105
99,2026-09-12,120
99,2026-09-12,135
99,2026-09-12,150
99,2026-09-12,165
99,2026-09-12,180
99,2026-09-12,195
99,2026-09-12,210
99,2026-09-12,225
99,2026-09-12,240
99,2026-09-12,255
99,2026-09-12,270
99,2026-09-12,285
99,2026-09-12,300
99,2026-09-12,315
99,2026-09-12,330
99,2026-09-12,345
99,2026-09-12,360
99,2026-09-12,375
99,2026-09-12,390
99,2026-09-12,405
99,2026-09-12,420
99,2026-09-12,435
99,2026-09-12,450
99,2026-09-12,465
99,2026-09-12,480
99,2026-09-12,495
99,2026-09-12,510
99,2026-09-12,525
99,2026-09-12,540
99,2026-09-12,555
99,2026-09-12,570
99,2026-09-12,585
99,2026-09-12,600
99,2026-09-12,615
99,2026-09-12,630
99,2026-09-12,645
99,2026-09-12,660
99,2026-09-12,675
99,2026-09-12,690
99,2026-09-12,705
99,2026-09-12,720
99,2026-09-12,735
99,2026-09-12,750
99,2026-09-12,765
99,2026-09-12,780
99,2026-09-12,795
99,2026-09-12,810
99,2026-09-12,825
99,2026-09-12,840
99,2026-09-12,855
99,2026-09-12,870
99,2026-09-12,885
99,2026-09-12,900
99,2026-09-12,915
99,2026-09-12,930
99,2026-09-12,945
99,2026-09-12,960
99,2026-09-12,975
99,2026-09-12,990
99,2026-09-12,1005
99,2026-09-12,1020
99,2026-09-12,1035
99,2026-09-12,1050
99,2026-09-12,1065
99,2026-09-12,1080
99,2026-09-12,1095
99,2026-09-12,1110
99,2026-09-12,1125
99,2026-09-12,1140
99,2026-09-12,1155
99,2026-09-12,1170
99,2026-09-12,1185
99,2026-09-12,1200
99,2026-09-12,1215
99,2026-09-12,1230
99,2026-09-12,1245
99,2026-09-12,1260
99,2026-09-12,1275
99,2026-09-12,1290
99,2026-09-12,1305
99,2026-09-12,1320
99,2026-09-12,1335
99,2026-09-12,1350
99,2026-09-12,1365
99,2026-09-12,1380
99,2026-09-12,1395
99,2026-09-12,1410
99,2026-09-12,1425
100,2026-09-12,540
100,2026-09-12,555
100,2026-09-12,570
100,2026-09-12,585
100,2026-09-12,600
100,2026-09-12,615
100,2026-09-12,630
100,2026-09-12,645
100,2026-09-12,660
100,2026-09-12,675
100,2026-09-12,690
100,2026-09-12,705
100,2026-09-12,720
100,2026-09-12,735
100,2026-09-12,750
100,2026-09-12,765
100,2026-09-12,780
100,2026-09-12,795
100,2026-09-12,810
100,2026-09-12,825
100,2026-09-12,840
100,2026-09-12,855
100,2026-09-12,870
100,2026-09-12,885
100,2026-09-12,900
100,2026-09-12,915
100,2026-09-12,930
100,2026-09-12,945
100,2026-09-12,960
100,2026-09-12,975
100,2026-09-12,990
100,2026-09-12,1005
100,2026-09-12,1020
100,2026-09-12,1035
100,2026-09-12,1050
100,2026-09-12,1065
101,2026-09-12,540
101,2026-09-12,555
101,2026-09-12,570
101,2026-09-12,585
101,2026-09-12,600
101,2026-09-12,615
101,2026-09-12,630
101,2026-09-12,645
101,2026-09-12,660
101,2026-09-12,675
101,2026-09-12,690
101,2026-09-12,705
101,2026-09-12,720
101,2026-09-12,735
101,2026-09-12,750
101,2026-09-12,765
101,2026-09-12,780
101,2026-09-12,795
103,2026-09-12,0
103,2026-09-12,15
103,2026-09-12,30
103,2026-09-12,45
103,2026-09-12,60
103,2026-09-12,75
103,2026-09-12,90
103,2026-09-12,105
103,2026-09-12,120
103,2026-09-12,135
103,2026-09-12,150
103,2026-09-12,165
103,2026-09-12,180
103,2026-09-12,195
103,2026-09-12,210
103,2026-09-12,225
103,2026-09-12,240
103,2026-09-12,255
103,2026-09-12,270
103,2026-09-12,285
103,2026-09-12,300
103,2026-09-12,315
103,2026-09-12,330
103,2026-09-12,345
103,2026-09-12,360
103,2026-09-12,375
103,2026-09-12,390
103,2026-09-12,405
103,2026-09-12,420
103,2026-09-12,435
103,2026-09-12,450
103,2026-09-12,465
103,2026-09-12,480
103,2026-09-12,495
103,2026-09-12,510
103,2026-09-12,525
103,2026-09-12,540
103,2026-09-12,555
103,2026-09-12,570
103,2026-09-12,585
103,2026-09-12,600
103,2026-09-12,615
103,2026-09-12,630
103,2026-09-12,645
103,2026-09-12,660
103,2026-09-12,675
103,2026-09-12,690
103,2026-09-12,705
103,2026-09-12,720
103,2026-09-12,735
103,2026-09-12,750
103,2026-09-12,765
103,2026-09-12,780
103,2026-09-12,795
103,2026-09-12,810
103,2026-09-12,825
103,2026-09-12,840
103,2026-09-12,855
103,2026-09-12,870
103,2026-09-12,885
103,2026-09-12,900
103,2026-09-12,915
103,2026-09-12,930
103,2026-09-12,945
103,2026-09-12,960
103,2026-09-12,975
103,2026-09-12,990
103,2026-09-12,1005
103,2026-09-12,1020
103,2026-09-12,1035
103,2026-09-12,1050
103,2026-09-12,1065
103,2026-09-12,1080
103,2026-09-12,1095
103,2026-09-12,1110
103,2026-09-12,1125
103,2026-09-12,1140
103,2026-09-12,1155
103,2026-09-12,1170
103,2026-09-12,1185
103,2026-09-12,1200
103,2026-09-12,1215
103,2026-09-12,1230
103,2026-09-12,1245
103,2026-09-12,1260
103,2026-09-12,1275
103,2026-09-12,1290
103,2026-09-12,1305
103,2026-09-12,1320
103,2026-09-12,1335
103,2026-09-12,1350
103,2026-09-12,1365
103,2026-09-12,1380
103,2026-09-12,1395
103,2026-09-12,1410
103,2026-09-12,1425
105,2026-09-12,0
105,2026-09-12,15
105,2026-09-12,30
105,2026-09-12,45
105,2026-09-12,60
105,2026-09-12,75
105,2026-09-12,90
105,2026-09-12,105
105,2026-09-12,120
105,2026-09-12,135
105,2026-09-12,150
105,2026-09-12,165
105,2026-09-12,180
105,2026-09-12,195
105,2026-09-12,210
105,2026-09-12,225
105,2026-09-12,240
105,2026-09-12,255
105,2026-09-12,270
105,2026-09-12,285
105,2026-09-12,300
105,2026-09-12,315
105,2026-09-12,330
105,2026-09-12,345
105,2026-09-12,360
105,2026-09-12,375
105,2026-09-12,390
105,2026-09-12,405
105,2026-09-12,420
105,2026-09-12,435
105,2026-09-12,450
105,2026-09-12,465
105,2026-09-12,480
105,2026-09-12,495
105,2026-09-12,510
105,2026-09-12,525
105,2026-09-12,540
105,2026-09-12,555
105,2026-09-12,570
105,2026-09-12,585
105,2026-09-12,600
105,2026-09-12,615
105,2026-09-12,630
105,2026-09-12,645
105,2026-09-12,660
105,2026-09-12,675
105,2026-09-12,690
105,2026-09-12,705
105,2026-09-12,720
105,2026-09-12,735
105,2026-09-12,750
105,2026-09-12,765
105,2026-09-12,780
105,2026-09-12,795
105,2026-09-12,810
105,2026-09-12,825
105,2026-09-12,840
105,2026-09-12,855
105,2026-09-12,870
105,2026-09-12,885
105,2026-09-12,900
105,2026-09-12,915
105,2026-09-12,930
105,2026-09-12,945
105,2026-09-12,960
105,2026-09-12,975
105,2026-09-12,990
105,2026-09-12,1005
105,2026-09-12,1020
105,2026-09-12,1035
105,2026-09-12,1050
105,2026-09-12,1065
105,2026-09-12,1080
105,2026-09-12,1095
105,2026-09-12,1110
105,2026-09-12,1125
105,2026-09-12,1140
105,2026-09-12,1155
105,2026-09-12,1170
105,2026-09-12,1185
105,2026-09-12,1200
105,2026-09-12,1215
105,2026-09-12,1230
105,2026-09-12,1245
105,2026-09-12,1260
105,2026-09-12,1275
105,2026-09-12,1290
105,2026-09-12,1305
105,2026-09-12,1320
105,2026-09-12,1335
105,2026-09-12,1350
105,2026-09-12,1365
105,2026-09-12,1380
105,2026-09-12,1395
105,2026-09-12,1410
105,2026-09-12,1425
107,2026-09-12,0
107,2026-09-12,15
107,2026-09-12,30
107,2026-09-12,45
107,2026-09-12,60
107,2026-09-12,75
107,2026-09-12,90
107,2026-09-12,105
107,2026-09-12,120
107,2026-09-12,135
107,2026-09-12,150
107,2026-09-12,165
107,2026-09-12,180
107,2026-09-12,195
107,2026-09-12,210
107,2026-09-12,225
107,2026-09-12,240
107,2026-09-12,255
107,2026-09-12,270
107,2026-09-12,285
107,2026-09-12,300
107,2026-09-12,315
107,2026-09-12,330
107,2026-09-12,345
107,2026-09-12,360
107,2026-09-12,375
107,2026-09-12,390
107,2026-09-12,405
107,2026-09-12,420
107,2026-09-12,435
107,2026-09-12,450
107,2026-09-12,465
107,2026-09-12,480
107,2026-09-12,495
107,2026-09-12,510
107,2026-09-12,525
107,2026-09-12,540
107,2026-09-12,555
107,2026-09-12,570
107,2026-09-12,585
107,2026-09-12,600
107,2026-09-12,615
107,2026-09-12,630
107,2026-09-12,645
107,2026-09-12,660
107,2026-09-12,675
107,2026-09-12,690
107,2026-09-12,705
107,2026-09-12,720
107,2026-09-12,735
107,2026-09-12,750
107,2026-09-12,765
107,2026-09-12,780
107,2026-09-12,795
107,2026-09-12,810
107,2026-09-12,825
107,2026-09-12,840
107,2026-09-12,855
107,2026-09-12,870
107,2026-09-12,885
107,2026-09-12,900
107,2026-09-12,915
107,2026-09-12,930
107,2026-09-12,945
107,2026-09-12,960
107,2026-09-12,975
107,2026-09-12,990
107,2026-09-12,1005
107,2026-09-12,1020
107,2026-09-12,1035
107,2026-09-12,1050
107,2026-09-12,1065
107,2026-09-12,1080
107,2026-09-12,1095
107,2026-09-12,1110
107,2026-09-12,1125
107,2026-09-12,1140
107,2026-09-12,1155
107,2026-09-12,1170
107,2026-09-12,1185
107,2026-09-12,1200
107,2026-09-12,1215
107,2026-09-12,1230
107,2026-09-12,1245
107,2026-09-12,1260
107,2026-09-12,1275
107,2026-09-12,1290
107,2026-09-12,1305
107,2026-09-12,1320
107,2026-09-12,1335
107,2026-09-12,1350
107,2026-09-12,1365
107,2026-09-12,1380
107,2026-09-12,1395
107,2026-09-12,1410
107,2026-09-12,1425
108,2026-09-12,0
108,2026-09-12,15
108,2026-09-12,30
108,2026-09-12,45
108,2026-09-12,60
108,2026-09-12,75
108,2026-09-12,90
108,2026-09-12,105
108,2026-09-12,120
108,2026-09-12,135
108,2026-09-12,150
108,2026-09-12,165
108,2026-09-12,180
108,2026-09-12,195
108,2026-09-12,210
108,2026-09-12,225
108,2026-09-12,240
108,2026-09-12,255
108,2026-09-12,270
108,2026-09-12,285
108,2026-09-12,300
108,2026-09-12,315
108,2026-09-12,330
108,2026-09-12,345
108,2026-09-12,360
108,2026-09-12,375
108,2026-09-12,390
108,2026-09-12,405
108,2026-09-12,420
108,2026-09-12,435
108,2026-09-12,450
108,2026-09-12,465
108,2026-09-12,480
108,2026-09-12,495
108,2026-09-12,510
108,2026-09-12,525
108,2026-09-12,540
108,2026-09-12,555
108,2026-09-12,570
108,2026-09-12,585
108,2026-09-12,600
108,2026-09-12,615
108,2026-09-12,630
108,2026-09-12,645
108,2026-09-12,660
108,2026-09-12,675
108,2026-09-12,690
108,2026-09-12,705
108,2026-09-12,720
108,2026-09-12,735
108,2026-09-12,750
108,2026-09-12,765
108,2026-09-12,780
108,2026-09-12,795
108,2026-09-12,810
108,2026-09-12,825
108,2026-09-12,840
108,2026-09-12,855
108,2026-09-12,870
108,2026-09-12,885
108,2026-09-12,900
108,2026-09-12,915
108,2026-09-12,930
108,2026-09-12,945
108,2026-09-12,960
108,2026-09-12,975
108,2026-09-12,990
108,2026-09-12,1005
108,2026-09-12,1020
108,2026-09-12,1035
108,2026-09-12,1050
108,2026-09-12,1065
108,2026-09-12,1080
108,2026-09-12,1095
108,2026-09-12,1110
108,2026-09-12,1125
108,2026-09-12,1140
108,2026-09-12,1155
108,2026-09-12,1170
108,2026-09-12,1185
108,2026-09-12,1200
108,2026-09-12,1215
108,2026-09-12,1230
108,2026-09-12,1245
108,2026-09-12,1260
108,2026-09-12,1275
108,2026-09-12,1290
108,2026-09-12,1305
108,2026-09-12,1320
108,2026-09-12,1335
108,2026-09-12,1350
108,2026-09-12,1365
108,2026-09-12,1380
108,2026-09-12,1395
108,2026-09-12,1410
108,2026-09-12,1425
109,2026-09-12,0
109,2026-09-12,15
109,2026-09-12,30
109,2026-09-12,45
109,2026-09-12,60
109,2026-09-12,75
109,2026-09-12,90
109,2026-09-12,105
109,2026-09-12,120
109,2026-09-12,135
109,2026-09-12,150
109,2026-09-12,165
109,2026-09-12,180
109,2026-09-12,195
109,2026-09-12,210
109,2026-09-12,225
109,2026-09-12,240
109,2026-09-12,255
109,2026-09-12,270
109,2026-09-12,285
109,2026-09-12,300
109,2026-09-12,315
109,2026-09-12,330
109,2026-09-12,345
109,2026-09-12,360
109,2026-09-12,375
109,2026-09-12,390
109,2026-09-12,405
109,2026-09-12,420
109,2026-09-12,435
109,2026-09-12,450
109,2026-09-12,465
109,2026-09-12,480
109,2026-09-12,495
109,2026-09-12,510
109,2026-09-12,525
109,2026-09-12,540
109,2026-09-12,555
109,2026-09-12,570
109,2026-09-12,585
109,2026-09-12,600
109,2026-09-12,615
109,2026-09-12,630
109,2026-09-12,645
109,2026-09-12,660
109,2026-09-12,675
109,2026-09-12,690
109,2026-09-12,705
109,2026-09-12,720
109,2026-09-12,735
109,2026-09-12,750
109,2026-09-12,765
109,2026-09-12,780
109,2026-09-12,795
109,2026-09-12,810
109,2026-09-12,825
109,2026-09-12,840
109,2026-09-12,855
109,2026-09-12,870
109,2026-09-12,885
109,2026-09-12,900
109,2026-09-12,915
109,2026-09-12,930
109,2026-09-12,945
109,2026-09-12,960
109,2026-09-12,975
109,2026-09-12,990
109,2026-09-12,1005
109,2026-09-12,1020
109,2026-09-12,1035
109,2026-09-12,1050
109,2026-09-12,1065
109,2026-09-12,1080
109,2026-09-12,1095
109,2026-09-12,1110
109,2026-09-12,1125
109,2026-09-12,1140
109,2026-09-12,1155
109,2026-09-12,1170
109,2026-09-12,1185
109,2026-09-12,1200
109,2026-09-12,1215
109,2026-09-12,1230
109,2026-09-12,1245
109,2026-09-12,1260
109,2026-09-12,1275
109,2026-09-12,1290
109,2026-09-12,1305
109,2026-09-12,1320
109,2026-09-12,1335
109,2026-09-12,1350
109,2026-09-12,1365
109,2026-09-12,1380
109,2026-09-12,1395
109,2026-09-12,1410
109,2026-09-12,1425
111,2026-09-12,0
111,2026-09-12,15
111,2026-09-12,30
111,2026-09-12,45
111,2026-09-12,60
111,2026-09-12,75
111,2026-09-12,90
111,2026-09-12,105
111,2026-09-12,120
111,2026-09-12,135
111,2026-09-12,150
111,2026-09-12,165
111,2026-09-12,180
111,2026-09-12,195
111,2026-09-12,210
111,2026-09-12,225
111,2026-09-12,240
111,2026-09-12,255
111,2026-09-12,270
111,2026-09-12,285
111,2026-09-12,300
111,2026-09-12,315
111,2026-09-12,330
111,2026-09-12,345
111,2026-09-12,360
111,2026-09-12,375
111,2026-09-12,390
111,2026-09-12,405
111,2026-09-12,420
111,2026-09-12,435
111,2026-09-12,450
111,2026-09-12,465
111,2026-09-12,480
111,2026-09-12,495
111,2026-09-12,510
111,2026-09-12,525
111,2026-09-12,540
111,2026-09-12,555
111,2026-09-12,570
111,2026-09-12,585
111,2026-09-12,600
111,2026-09-12,615
111,2026-09-12,630
111,2026-09-12,645
111,2026-09-12,660
111,2026-09-12,675
111,2026-09-12,690
111,2026-09-12,705
111,2026-09-12,720
111,2026-09-12,735
111,2026-09-12,750
111,2026-09-12,765
111,2026-09-12,780
111,2026-09-12,795
111,2026-09-12,810
111,2026-09-12,825
111,2026-09-12,840
111,2026-09-12,855
111,2026-09-12,870
111,2026-09-12,885
111,2026-09-12,900
111,2026-09-12,915
111,2026-09-12,930
111,2026-09-12,945
111,2026-09-12,960
111,2026-09-12,975
111,2026-09-12,990
111,2026-09-12,1005
111,2026-09-12,1020
111,2026-09-12,1035
111,2026-09-12,1050
111,2026-09-12,1065
111,2026-09-12,1080
111,2026-09-12,1095
111,2026-09-12,1110
111,2026-09-12,1125
111,2026-09-12,1140
111,2026-09-12,1155
111,2026-09-12,1170
111,2026-09-12,1185
111,2026-09-12,1200
111,2026-09-12,1215
111,2026-09-12,1230
111,2026-09-12,1245
111,2026-09-12,1260
111,2026-09-12,1275
111,2026-09-12,1290
111,2026-09-12,1305
111,2026-09-12,1320
111,2026-09-12,1335
111,2026-09-12,1350
111,2026-09-12,1365
111,2026-09-12,1380
111,2026-09-12,1395
111,2026-09-12,1410
111,2026-09-12,1425
112,2026-09-12,0
112,2026-09-12,15
112,2026-09-12,30
112,2026-09-12,45
112,2026-09-12,60
112,2026-09-12,75
112,2026-09-12,90
112,2026-09-12,105
112,2026-09-12,120
112,2026-09-12,135
112,2026-09-12,150
112,2026-09-12,165
112,2026-09-12,180
112,2026-09-12,195
112,2026-09-12,210
112,2026-09-12,225
112,2026-09-12,240
112,2026-09-12,255
112,2026-09-12,270
112,2026-09-12,285
112,2026-09-12,300
112,2026-09-12,315
112,2026-09-12,330
112,2026-09-12,345
112,2026-09-12,360
112,2026-09-12,375
112,2026-09-12,390
112,2026-09-12,405
112,2026-09-12,420
112,2026-09-12,435
112,2026-09-12,450
112,2026-09-12,465
112,2026-09-12,480
112,2026-09-12,495
112,2026-09-12,510
112,2026-09-12,525
112,2026-09-12,540
112,2026-09-12,555
112,2026-09-12,570
112,2026-09-12,585
112,2026-09-12,600
112,2026-09-12,615
112,2026-09-12,630
112,2026-09-12,645
112,2026-09-12,660
112,2026-09-12,675
112,2026-09-12,690
112,2026-09-12,705
112,2026-09-12,720
112,2026-09-12,735
112,2026-09-12,750
112,2026-09-12,765
112,2026-09-12,780
112,2026-09-12,795
112,2026-09-12,810
112,2026-09-12,825
112,2026-09-12,840
112,2026-09-12,855
112,2026-09-12,870
112,2026-09-12,885
112,2026-09-12,900
112,2026-09-12,915
112,2026-09-12,930
112,2026-09-12,945
112,2026-09-12,960
112,2026-09-12,975
112,2026-09-12,990
112,2026-09-12,1005
112,2026-09-12,1020
112,2026-09-12,1035
112,2026-09-12,1050
112,2026-09-12,1065
112,2026-09-12,1080
112,2026-09-12,1095
112,2026-09-12,1110
112,2026-09-12,1125
112,2026-09-12,1140
112,2026-09-12,1155
112,2026-09-12,1170
112,2026-09-12,1185
112,2026-09-12,1200
112,2026-09-12,1215
112,2026-09-12,1230
112,2026-09-12,1245
112,2026-09-12,1260
112,2026-09-12,1275
112,2026-09-12,1290
112,2026-09-12,1305
112,2026-09-12,1320
112,2026-09-12,1335
112,2026-09-12,1350
112,2026-09-12,1365
112,2026-09-12,1380
112,2026-09-12,1395
112,2026-09-12,1410
112,2026-09-12,1425
113,2026-09-12,0
113,2026-09-12,15
113,2026-09-12,30
113,2026-09-12,45
113,2026-09-12,60
113,2026-09-12,75
113,2026-09-12,90
113,2026-09-12,105
113,2026-09-12,120
113,2026-09-12,135
113,2026-09-12,150
113,2026-09-12,165
113,2026-09-12,180
113,2026-09-12,195
113,2026-09-12,210
113,2026-09-12,225
113,2026-09-12,240
113,2026-09-12,255
113,2026-09-12,270
113,2026-09-12,285
113,2026-09-12,300
113,2026-09-12,315
113,2026-09-12,330
113,2026-09-12,345
113,2026-09-12,360
113,2026-09-12,375
113,2026-09-12,390
113,2026-09-12,405
113,2026-09-12,420
113,2026-09-12,435
113,2026-09-12,450
113,2026-09-12,465
113,2026-09-12,480
113,2026-09-12,495
113,2026-09-12,510
113,2026-09-12,525
113,2026-09-12,540
113,2026-09-12,555
113,2026-09-12,570
113,2026-09-12,585
113,2026-09-12,600
113,2026-09-12,615
113,2026-09-12,630
113,2026-09-12,645
113,2026-09-12,660
113,2026-09-12,675
113,2026-09-12,690
113,2026-09-12,705
113,2026-09-12,720
113,2026-09-12,735
113,2026-09-12,750
113,2026-09-12,765
113,2026-09-12,780
113,2026-09-12,795
113,2026-09-12,810
113,2026-09-12,825
113,2026-09-12,840
113,2026-09-12,855
113,2026-09-12,870
113,2026-09-12,885
113,2026-09-12,900
113,2026-09-12,915
113,2026-09-12,930
113,2026-09-12,945
113,2026-09-12,960
113,2026-09-12,975
113,2026-09-12,990
113,2026-09-12,1005
113,2026-09-12,1020
113,2026-09-12,1035
113,2026-09-12,1050
113,2026-09-12,1065
113,2026-09-12,1080
113,2026-09-12,1095
113,2026-09-12,1110
113,2026-09-12,1125
113,2026-09-12,1140
113,2026-09-12,1155
113,2026-09-12,1170
113,2026-09-12,1185
113,2026-09-12,1200
113,2026-09-12,1215
113,2026-09-12,1230
113,2026-09-12,1245
113,2026-09-12,1260
113,2026-09-12,1275
113,2026-09-12,1290
113,2026-09-12,1305
113,2026-09-12,1320
113,2026-09-12,1335
113,2026-09-12,1350
113,2026-09-12,1365
113,2026-09-12,1380
113,2026-09-12,1395
113,2026-09-12,1410
113,2026-09-12,1425
115,2026-09-12,0
115,2026-09-12,15
115,2026-09-12,30
115,2026-09-12,45
115,2026-09-12,60
115,2026-09-12,75
115,2026-09-12,90
115,2026-09-12,105
115,2026-09-12,120
115,2026-09-12,135
115,2026-09-12,150
115,2026-09-12,165
115,2026-09-12,180
115,2026-09-12,195
115,2026-09-12,210
115,2026-09-12,225
115,2026-09-12,240
115,2026-09-12,255
115,2026-09-12,270
115,2026-09-12,285
115,2026-09-12,300
115,2026-09-12,315
115,2026-09-12,330
115,2026-09-12,345
115,2026-09-12,360
115,2026-09-12,375
115,2026-09-12,390
115,2026-09-12,405
115,2026-09-12,420
115,2026-09-12,435
115,2026-09-12,450
115,2026-09-12,465
115,2026-09-12,480
115,2026-09-12,495
115,2026-09-12,510
115,2026-09-12,525
115,2026-09-12,540
115,2026-09-12,555
115,2026-09-12,570
115,2026-09-12,585
115,2026-09-12,600
115,2026-09-12,615
115,2026-09-12,630
115,2026-09-12,645
115,2026-09-12,660
115,2026-09-12,675
115,2026-09-12,690
115,2026-09-12,705
115,2026-09-12,720
115,2026-09-12,735
115,2026-09-12,750
115,2026-09-12,765
115,2026-09-12,780
115,2026-09-12,795
115,2026-09-12,810
115,2026-09-12,825
115,2026-09-12,840
115,2026-09-12,855
115,2026-09-12,870
115,2026-09-12,885
115,2026-09-12,900
115,2026-09-12,915
115,2026-09-12,930
115,2026-09-12,945
115,2026-09-12,960
115,2026-09-12,975
115,2026-09-12,990
115,2026-09-12,1005
115,2026-09-12,1020
115,2026-09-12,1035
115,2026-09-12,1050
115,2026-09-12,1065
115,2026-09-12,1080
115,2026-09-12,1095
115,2026-09-12,1110
115,2026-09-12,1125
115,2026-09-12,1140
115,2026-09-12,1155
115,2026-09-12,1170
115,2026-09-12,1185
115,2026-09-12,1200
115,2026-09-12,1215
115,2026-09-12,1230
115,2026-09-12,1245
115,2026-09-12,1260
115,2026-09-12,1275
115,2026-09-12,1290
115,2026-09-12,1305
115,2026-09-12,1320
115,2026-09-12,1335
115,2026-09-12,1350
115,2026-09-12,1365
115,2026-09-12,1380
115,2026-09-12,1395
115,2026-09-12,1410
115,2026-09-12,1425
116,2026-09-12,0
116,2026-09-12,15
116,2026-09-12,30
116,2026-09-12,45
116,2026-09-12,60
116,2026-09-12,75
116,2026-09-12,90
116,2026-09-12,105
116,2026-09-12,120
116,2026-09-12,135
116,2026-09-12,150
116,2026-09-12,165
116,2026-09-12,180
116,2026-09-12,195
116,2026-09-12,210
116,2026-09-12,225
116,2026-09-12,240
116,2026-09-12,255
116,2026-09-12,270
116,2026-09-12,285
116,2026-09-12,300
116,2026-09-12,315
116,2026-09-12,330
116,2026-09-12,345
116,2026-09-12,360
116,2026-09-12,375
116,2026-09-12,390
116,2026-09-12,405
116,2026-09-12,420
116,2026-09-12,435
116,2026-09-12,450
116,2026-09-12,465
116,2026-09-12,480
116,2026-09-12,495
116,2026-09-12,510
116,2026-09-12,525
116,2026-09-12,540
116,2026-09-12,555
116,2026-09-12,570
116,2026-09-12,585
116,2026-09-12,600
116,2026-09-12,615
116,2026-09-12,630
116,2026-09-12,645
116,2026-09-12,660
116,2026-09-12,675
116,2026-09-12,690
116,2026-09-12,705
116,2026-09-12,720
116,2026-09-12,735
116,2026-09-12,750
116,2026-09-12,765
116,2026-09-12,780
116,2026-09-12,795
116,2026-09-12,810
116,2026-09-12,825
116,2026-09-12,840
116,2026-09-12,855
116,2026-09-12,870
116,2026-09-12,885
116,2026-09-12,900
116,2026-09-12,915
116,2026-09-12,930
116,2026-09-12,945
116,2026-09-12,960
116,2026-09-12,975
116,2026-09-12,990
116,2026-09-12,1005
116,2026-09-12,1020
116,2026-09-12,1035
116,2026-09-12,1050
116,2026-09-12,1065
116,2026-09-12,1080
116,2026-09-12,1095
116,2026-09-12,1110
116,2026-09-12,1125
116,2026-09-12,1140
116,2026-09-12,1155
116,2026-09-12,1170
116,2026-09-12,1185
116,2026-09-12,1200
116,2026-09-12,1215
116,2026-09-12,1230
116,2026-09-12,1245
116,2026-09-12,1260
116,2026-09-12,1275
116,2026-09-12,1290
116,2026-09-12,1305
116,2026-09-12,1320
116,2026-09-12,1335
116,2026-09-12,1350
116,2026-09-12,1365
116,2026-09-12,1380
116,2026-09-12,1395
116,2026-09-12,1410
116,2026-09-12,1425
45,2026-09-13,0
45,2026-09-13,15
45,2026-09-13,30
45,2026-09-13,45
45,2026-09-13,60
45,2026-09-13,75
45,2026-09-13,90
45,2026-09-13,105
45,2026-09-13,120
45,2026-09-13,135
45,2026-09-13,150
45,2026-09-13,165
45,2026-09-13,180
45,2026-09-13,195
45,2026-09-13,210
45,2026-09-13,225
45,2026-09-13,240
45,2026-09-13,255
45,2026-09-13,270
45,2026-09-13,285
45,2026-09-13,300
45,2026-09-13,315
45,2026-09-13,330
45,2026-09-13,345
45,2026-09-13,360
45,2026-09-13,375
45,2026-09-13,390
45,2026-09-13,405
45,2026-09-13,420
45,2026-09-13,435
45,2026-09-13,450
45,2026-09-13,465
45,2026-09-13,480
45,2026-09-13,495
45,2026-09-13,510
45,2026-09-13,525
45,2026-09-13,540
45,2026-09-13,555
45,2026-09-13,570
45,2026-09-13,585
45,2026-09-13,600
45,2026-09-13,615
45,2026-09-13,630
45,2026-09-13,645
45,2026-09-13,660
45,2026-09-13,675
45,2026-09-13,690
45,2026-09-13,705
45,2026-09-13,720
45,2026-09-13,735
45,2026-09-13,750
45,2026-09-13,765
45,2026-09-13,780
45,2026-09-13,795
45,2026-09-13,810
45,2026-09-13,825
45,2026-09-13,840
45,2026-09-13,855
45,2026-09-13,870
45,2026-09-13,885
45,2026-09-13,900
45,2026-09-13,915
45,2026-09-13,930
45,2026-09-13,945
45,2026-09-13,960
45,2026-09-13,975
45,2026-09-13,990
45,2026-09-13,1005
45,2026-09-13,1020
45,2026-09-13,1035
45,2026-09-13,1050
45,2026-09-13,1065
45,2026-09-13,1080
45,2026-09-13,1095
45,2026-09-13,1110
45,2026-09-13,1125
45,2026-09-13,1140
45,2026-09-13,1155
45,2026-09-13,1170
45,2026-09-13,1185
45,2026-09-13,1200
45,2026-09-13,1215
45,2026-09-13,1230
45,2026-09-13,1245
45,2026-09-13,1260
45,2026-09-13,1275
45,2026-09-13,1290
45,2026-09-13,1305
45,2026-09-13,1320
45,2026-09-13,1335
45,2026-09-13,1350
45,2026-09-13,1365
45,2026-09-13,1380
45,2026-09-13,1395
45,2026-09-13,1410
45,2026-09-13,1425
67,2026-09-13,0
67,2026-09-13,15
67,2026-09-13,30
67,2026-09-13,45
67,2026-09-13,60
67,2026-09-13,75
67,2026-09-13,90
67,2026-09-13,105
67,2026-09-13,120
67,2026-09-13,135
67,2026-09-13,150
67,2026-09-13,165
67,2026-09-13,180
67,2026-09-13,195
67,2026-09-13,210
67,2026-09-13,225
67,2026-09-13,240
67,2026-09-13,255
67,2026-09-13,270
67,2026-09-13,285
67,2026-09-13,300
67,2026-09-13,315
67,2026-09-13,330
67,2026-09-13,345
67,2026-09-13,360
67,2026-09-13,375
67,2026-09-13,390
67,2026-09-13,405
67,2026-09-13,420
67,2026-09-13,435
67,2026-09-13,450
67,2026-09-13,465
67,2026-09-13,480
67,2026-09-13,495
67,2026-09-13,510
67,2026-09-13,525
67,2026-09-13,540
67,2026-09-13,555
67,2026-09-13,570
67,2026-09-13,585
67,2026-09-13,600
67,2026-09-13,615
67,2026-09-13,630
67,2026-09-13,645
67,2026-09-13,660
67,2026-09-13,675
67,2026-09-13,690
67,2026-09-13,705
67,2026-09-13,720
67,2026-09-13,735
67,2026-09-13,750
67,2026-09-13,765
67,2026-09-13,780
67,2026-09-13,795
67,2026-09-13,810
67,2026-09-13,825
67,2026-09-13,840
67,2026-09-13,855
67,2026-09-13,870
67,2026-09-13,885
67,2026-09-13,900
67,2026-09-13,915
67,2026-09-13,930
67,2026-09-13,945
67,2026-09-13,960
67,2026-09-13,975
67,2026-09-13,990
67,2026-09-13,1005
67,2026-09-13,1020
67,2026-09-13,1035
67,2026-09-13,1050
67,2026-09-13,1065
67,2026-09-13,1080
67,2026-09-13,1095
67,2026-09-13,1110
67,2026-09-13,1125
67,2026-09-13,1140
67,2026-09-13,1155
67,2026-09-13,1170
67,2026-09-13,1185
67,2026-09-13,1200
67,2026-09-13,1215
67,2026-09-13,1230
67,2026-09-13,1245
67,2026-09-13,1260
67,2026-09-13,1275
67,2026-09-13,1290
67,2026-09-13,1305
67,2026-09-13,1320
67,2026-09-13,1335
67,2026-09-13,1350
67,2026-09-13,1365
67,2026-09-13,1380
67,2026-09-13,1395
67,2026-09-13,1410
67,2026-09-13,1425
91,2026-09-13,0
91,2026-09-13,15
91,2026-09-13,30
91,2026-09-13,45
91,2026-09-13,60
91,2026-09-13,75
91,2026-09-13,90
91,2026-09-13,105
91,2026-09-13,120
91,2026-09-13,135
91,2026-09-13,150
91,2026-09-13,165
91,2026-09-13,180
91,2026-09-13,195
91,2026-09-13,210
91,2026-09-13,225
91,2026-09-13,240
91,2026-09-13,255
91,2026-09-13,270
91,2026-09-13,285
91,2026-09-13,300
91,2026-09-13,315
91,2026-09-13,330
91,2026-09-13,345
91,2026-09-13,360
91,2026-09-13,375
91,2026-09-13,390
91,2026-09-13,405
91,2026-09-13,420
91,2026-09-13,435
91,2026-09-13,450
91,2026-09-13,465
91,2026-09-13,480
91,2026-09-13,495
91,2026-09-13,510
91,2026-09-13,525
91,2026-09-13,540
91,2026-09-13,555
91,2026-09-13,570
91,2026-09-13,585
91,2026-09-13,600
91,2026-09-13,615
91,2026-09-13,630
91,2026-09-13,645
91,2026-09-13,660
91,2026-09-13,675
91,2026-09-13,690
91,2026-09-13,705
91,2026-09-13,720
91,2026-09-13,735
91,2026-09-13,750
91,2026-09-13,765
91,2026-09-13,780
91,2026-09-13,795
91,2026-09-13,810
91,2026-09-13,825
91,2026-09-13,840
91,2026-09-13,855
91,2026-09-13,870
91,2026-09-13,885
91,2026-09-13,900
91,2026-09-13,915
91,2026-09-13,930
91,2026-09-13,945
91,2026-09-13,960
91,2026-09-13,975
91,2026-09-13,990
91,2026-09-13,1005
91,2026-09-13,1020
91,2026-09-13,1035
91,2026-09-13,1050
91,2026-09-13,1065
91,2026-09-13,1080
91,2026-09-13,1095
91,2026-09-13,1110
91,2026-09-13,1125
91,2026-09-13,1140
91,2026-09-13,1155
91,2026-09-13,1170
91,2026-09-13,1185
91,2026-09-13,1200
91,2026-09-13,1215
91,2026-09-13,1230
91,2026-09-13,1245
91,2026-09-13,1260
91,2026-09-13,1275
91,2026-09-13,1290
91,2026-09-13,1305
91,2026-09-13,1320
91,2026-09-13,1335
91,2026-09-13,1350
91,2026-09-13,1365
91,2026-09-13,1380
91,2026-09-13,1395
91,2026-09-13,1410
91,2026-09-13,1425
92,2026-09-13,0
92,2026-09-13,15
92,2026-09-13,30
92,2026-09-13,45
92,2026-09-13,60
92,2026-09-13,75
92,2026-09-13,90
92,2026-09-13,105
92,2026-09-13,120
92,2026-09-13,135
92,2026-09-13,150
92,2026-09-13,165
92,2026-09-13,180
92,2026-09-13,195
92,2026-09-13,210
92,2026-09-13,225
92,2026-09-13,240
92,2026-09-13,255
92,2026-09-13,270
92,2026-09-13,285
92,2026-09-13,300
92,2026-09-13,315
92,2026-09-13,330
92,2026-09-13,345
92,2026-09-13,360
92,2026-09-13,375
92,2026-09-13,390
92,2026-09-13,405
92,2026-09-13,420
92,2026-09-13,435
92,2026-09-13,450
92,2026-09-13,465
92,2026-09-13,600
92,2026-09-13,615
92,2026-09-13,630
92,2026-09-13,645
92,2026-09-13,660
92,2026-09-13,675
92,2026-09-13,690
92,2026-09-13,705
92,2026-09-13,720
92,2026-09-13,735
92,2026-09-13,750
92,2026-09-13,765
92,2026-09-13,780
92,2026-09-13,795
92,2026-09-13,810
92,2026-09-13,825
92,2026-09-13,840
92,2026-09-13,855
92,2026-09-13,870
92,2026-09-13,885
92,2026-09-13,900
92,2026-09-13,915
92,2026-09-13,930
92,2026-09-13,945
92,2026-09-13,960
92,2026-09-13,975
92,2026-09-13,990
92,2026-09-13,1005
92,2026-09-13,1020
92,2026-09-13,1035
92,2026-09-13,1050
92,2026-09-13,1065
92,2026-09-13,1080
92,2026-09-13,1095
92,2026-09-13,1110
92,2026-09-13,1125
92,2026-09-13,1140
92,2026-09-13,1155
92,2026-09-13,1170
92,2026-09-13,1185
92,2026-09-13,1200
92,2026-09-13,1215
92,2026-09-13,1230
92,2026-09-13,1245
92,2026-09-13,1260
92,2026-09-13,1275
92,2026-09-13,1290
92,2026-09-13,1305
92,2026-09-13,1320
92,2026-09-13,1335
92,2026-09-13,1350
92,2026-09-13,1365
92,2026-09-13,1380
92,2026-09-13,1395
92,2026-09-13,1410
92,2026-09-13,1425
93,2026-09-13,0
93,2026-09-13,15
93,2026-09-13,30
93,2026-09-13,45
93,2026-09-13,60
93,2026-09-13,75
93,2026-09-13,90
93,2026-09-13,105
93,2026-09-13,120
93,2026-09-13,135
93,2026-09-13,150
93,2026-09-13,165
93,2026-09-13,180
93,2026-09-13,195
93,2026-09-13,210
93,2026-09-13,225
93,2026-09-13,240
93,2026-09-13,255
93,2026-09-13,270
93,2026-09-13,285
93,2026-09-13,300
93,2026-09-13,315
93,2026-09-13,330
93,2026-09-13,345
93,2026-09-13,360
93,2026-09-13,375
93,2026-09-13,390
93,2026-09-13,405
93,2026-09-13,420
93,2026-09-13,435
93,2026-09-13,450
93,2026-09-13,465
93,2026-09-13,480
93,2026-09-13,495
93,2026-09-13,510
93,2026-09-13,525
93,2026-09-13,540
93,2026-09-13,555
93,2026-09-13,570
93,2026-09-13,585
93,2026-09-13,600
93,2026-09-13,615
93,2026-09-13,630
93,2026-09-13,645
93,2026-09-13,660
93,2026-09-13,675
93,2026-09-13,690
93,2026-09-13,705
93,2026-09-13,720
93,2026-09-13,735
93,2026-09-13,750
93,2026-09-13,765
93,2026-09-13,780
93,2026-09-13,795
93,2026-09-13,810
93,2026-09-13,825
93,2026-09-13,840
93,2026-09-13,855
93,2026-09-13,870
93,2026-09-13,885
93,2026-09-13,900
93,2026-09-13,915
93,2026-09-13,930
93,2026-09-13,945
93,2026-09-13,960
93,2026-09-13,975
93,2026-09-13,990
93,2026-09-13,1005
93,2026-09-13,1020
93,2026-09-13,1035
93,2026-09-13,1050
93,2026-09-13,1065
93,2026-09-13,1080
93,2026-09-13,1095
93,2026-09-13,1110
93,2026-09-13,1125
93,2026-09-13,1140
93,2026-09-13,1155
93,2026-09-13,1170
93,2026-09-13,1185
93,2026-09-13,1200
93,2026-09-13,1215
93,2026-09-13,1230
93,2026-09-13,1245
93,2026-09-13,1260
93,2026-09-13,1275
93,2026-09-13,1290
93,2026-09-13,1305
93,2026-09-13,1320
93,2026-09-13,1335
93,2026-09-13,1350
93,2026-09-13,1365
93,2026-09-13,1380
93,2026-09-13,1395
93,2026-09-13,1410
93,2026-09-13,1425
94,2026-09-13,0
94,2026-09-13,15
94,2026-09-13,30
94,2026-09-13,45
94,2026-09-13,60
94,2026-09-13,75
94,2026-09-13,90
94,2026-09-13,105
94,2026-09-13,120
94,2026-09-13,135
94,2026-09-13,150
94,2026-09-13,165
94,2026-09-13,180
94,2026-09-13,195
94,2026-09-13,210
94,2026-09-13,225
94,2026-09-13,240
94,2026-09-13,255
94,2026-09-13,270
94,2026-09-13,285
94,2026-09-13,300
94,2026-09-13,315
94,2026-09-13,330
94,2026-09-13,345
94,2026-09-13,360
94,2026-09-13,375
94,2026-09-13,390
94,2026-09-13,405
94,2026-09-13,420
94,2026-09-13,435
94,2026-09-13,450
94,2026-09-13,465
94,2026-09-13,480
94,2026-09-13,495
94,2026-09-13,510
94,2026-09-13,525
94,2026-09-13,540
94,2026-09-13,555
94,2026-09-13,570
94,2026-09-13,585
94,2026-09-13,600
94,2026-09-13,615
94,2026-09-13,630
94,2026-09-13,645
94,2026-09-13,660
94,2026-09-13,675
94,2026-09-13,690
94,2026-09-13,705
94,2026-09-13,720
94,2026-09-13,735
94,2026-09-13,750
94,2026-09-13,765
94,2026-09-13,780
94,2026-09-13,795
94,2026-09-13,810
94,2026-09-13,825
94,2026-09-13,840
94,2026-09-13,855
94,2026-09-13,870
94,2026-09-13,885
94,2026-09-13,900
94,2026-09-13,915
94,2026-09-13,930
94,2026-09-13,945
94,2026-09-13,960
94,2026-09-13,975
94,2026-09-13,990
94,2026-09-13,1005
94,2026-09-13,1020
94,2026-09-13,1035
94,2026-09-13,1050
94,2026-09-13,1065
94,2026-09-13,1080
94,2026-09-13,1095
94,2026-09-13,1110
94,2026-09-13,1125
94,2026-09-13,1140
94,2026-09-13,1155
94,2026-09-13,1170
94,2026-09-13,1185
94,2026-09-13,1200
94,2026-09-13,1215
94,2026-09-13,1230
94,2026-09-13,1245
94,2026-09-13,1260
94,2026-09-13,1275
94,2026-09-13,1290
94,2026-09-13,1305
94,2026-09-13,1320
94,2026-09-13,1335
94,2026-09-13,1350
94,2026-09-13,1365
94,2026-09-13,1380
94,2026-09-13,1395
94,2026-09-13,1410
94,2026-09-13,1425
95,2026-09-13,0
95,2026-09-13,15
95,2026-09-13,30
95,2026-09-13,45
95,2026-09-13,60
95,2026-09-13,75
95,2026-09-13,90
95,2026-09-13,105
95,2026-09-13,120
95,2026-09-13,135
95,2026-09-13,150
95,2026-09-13,165
95,2026-09-13,180
95,2026-09-13,195
95,2026-09-13,210
95,2026-09-13,225
95,2026-09-13,240
95,2026-09-13,255
95,2026-09-13,270
95,2026-09-13,285
95,2026-09-13,300
95,2026-09-13,315
95,2026-09-13,330
95,2026-09-13,345
95,2026-09-13,360
95,2026-09-13,375
95,2026-09-13,390
95,2026-09-13,405
95,2026-09-13,420
95,2026-09-13,435
95,2026-09-13,450
95,2026-09-13,465
95,2026-09-13,480
95,2026-09-13,495
95,2026-09-13,510
95,2026-09-13,525
95,2026-09-13,540
95,2026-09-13,555
95,2026-09-13,570
95,2026-09-13,585
95,2026-09-13,600
95,2026-09-13,615
95,2026-09-13,630
95,2026-09-13,645
95,2026-09-13,660
95,2026-09-13,675
95,2026-09-13,690
95,2026-09-13,705
95,2026-09-13,720
95,2026-09-13,735
95,2026-09-13,750
95,2026-09-13,765
95,2026-09-13,780
95,2026-09-13,795
95,2026-09-13,810
95,2026-09-13,825
95,2026-09-13,840
95,2026-09-13,855
95,2026-09-13,870
95,2026-09-13,885
95,2026-09-13,900
95,2026-09-13,915
95,2026-09-13,930
95,2026-09-13,945
95,2026-09-13,960
95,2026-09-13,975
95,2026-09-13,990
95,2026-09-13,1005
95,2026-09-13,1020
95,2026-09-13,1035
95,2026-09-13,1050
95,2026-09-13,1065
95,2026-09-13,1080
95,2026-09-13,1095
95,2026-09-13,1110
95,2026-09-13,1125
95,2026-09-13,1140
95,2026-09-13,1155
95,2026-09-13,1170
95,2026-09-13,1185
95,2026-09-13,1200
95,2026-09-13,1215
95,2026-09-13,1230
95,2026-09-13,1245
95,2026-09-13,1260
95,2026-09-13,1275
95,2026-09-13,1290
95,2026-09-13,1305
95,2026-09-13,1320
95,2026-09-13,1335
95,2026-09-13,1350
95,2026-09-13,1365
95,2026-09-13,1380
95,2026-09-13,1395
95,2026-09-13,1410
95,2026-09-13,1425
96,2026-09-13,0
96,2026-09-13,15
96,2026-09-13,30
96,2026-09-13,45
96,2026-09-13,60
96,2026-09-13,75
96,2026-09-13,90
96,2026-09-13,105
96,2026-09-13,120
96,2026-09-13,135
96,2026-09-13,150
96,2026-09-13,165
96,2026-09-13,180
96,2026-09-13,195
96,2026-09-13,210
96,2026-09-13,225
96,2026-09-13,240
96,2026-09-13,255
96,2026-09-13,270
96,2026-09-13,285
96,2026-09-13,300
96,2026-09-13,315
96,2026-09-13,330
96,2026-09-13,345
96,2026-09-13,360
96,2026-09-13,375
96,2026-09-13,390
96,2026-09-13,405
96,2026-09-13,420
96,2026-09-13,435
96,2026-09-13,450
96,2026-09-13,465
96,2026-09-13,480
96,2026-09-13,495
96,2026-09-13,510
96,2026-09-13,525
96,2026-09-13,540
96,2026-09-13,555
96,2026-09-13,570
96,2026-09-13,585
96,2026-09-13,600
96,2026-09-13,615
96,2026-09-13,630
96,2026-09-13,645
96,2026-09-13,660
96,2026-09-13,675
96,2026-09-13,690
96,2026-09-13,705
96,2026-09-13,720
96,2026-09-13,735
96,2026-09-13,750
96,2026-09-13,765
96,2026-09-13,780
96,2026-09-13,795
96,2026-09-13,810
96,2026-09-13,825
96,2026-09-13,840
96,2026-09-13,855
96,2026-09-13,870
96,2026-09-13,885
96,2026-09-13,900
96,2026-09-13,915
96,2026-09-13,930
96,2026-09-13,945
96,2026-09-13,960
96,2026-09-13,975
96,2026-09-13,990
96,2026-09-13,1005
96,2026-09-13,1020
96,2026-09-13,1035
96,2026-09-13,1050
96,2026-09-13,1065
96,2026-09-13,1080
96,2026-09-13,1095
96,2026-09-13,1110
96,2026-09-13,1125
96,2026-09-13,1140
96,2026-09-13,1155
96,2026-09-13,1170
96,2026-09-13,1185
96,2026-09-13,1200
96,2026-09-13,1215
96,2026-09-13,1230
96,2026-09-13,1245
96,2026-09-13,1260
96,2026-09-13,1275
96,2026-09-13,1290
96,2026-09-13,1305
96,2026-09-13,1320
96,2026-09-13,1335
96,2026-09-13,1350
96,2026-09-13,1365
96,2026-09-13,1380
96,2026-09-13,1395
96,2026-09-13,1410
96,2026-09-13,1425
97,2026-09-13,600
97,2026-09-13,615
97,2026-09-13,630
97,2026-09-13,645
97,2026-09-13,660
97,2026-09-13,675
97,2026-09-13,690
97,2026-09-13,705
97,2026-09-13,720
97,2026-09-13,735
97,2026-09-13,750
97,2026-09-13,765
97,2026-09-13,780
97,2026-09-13,795
97,2026-09-13,810
97,2026-09-13,825
97,2026-09-13,840
97,2026-09-13,855
97,2026-09-13,870
97,2026-09-13,885
97,2026-09-13,900
97,2026-09-13,915
97,2026-09-13,930
97,2026-09-13,945
97,2026-09-13,960
97,2026-09-13,975
97,2026-09-13,990
97,2026-09-13,1005
97,2026-09-13,1020
97,2026-09-13,1035
97,2026-09-13,1050
97,2026-09-13,1065
97,2026-09-13,1080
97,2026-09-13,1095
97,2026-09-13,1110
97,2026-09-13,1125
99,2026-09-13,0
99,2026-09-13,15
99,2026-09-13,30
99,2026-09-13,45
99,2026-09-13,60
99,2026-09-13,75
99,2026-09-13,90
99,2026-09-13,105
99,2026-09-13,120
99,2026-09-13,135
99,2026-09-13,150
99,2026-09-13,165
99,2026-09-13,180
99,2026-09-13,195
99,2026-09-13,210
99,2026-09-13,225
99,2026-09-13,240
99,2026-09-13,255
99,2026-09-13,270
99,2026-09-13,285
99,2026-09-13,300
99,2026-09-13,315
99,2026-09-13,330
99,2026-09-13,345
99,2026-09-13,360
99,2026-09-13,375
99,2026-09-13,390
99,2026-09-13,405
99,2026-09-13,420
99,2026-09-13,435
99,2026-09-13,450
99,2026-09-13,465
99,2026-09-13,480
99,2026-09-13,495
99,2026-09-13,510
99,2026-09-13,525
99,2026-09-13,540
99,2026-09-13,555
99,2026-09-13,570
99,2026-09-13,585
99,2026-09-13,600
99,2026-09-13,615
99,2026-09-13,630
99,2026-09-13,645
99,2026-09-13,660
99,2026-09-13,675
99,2026-09-13,690
99,2026-09-13,705
99,2026-09-13,720
99,2026-09-13,735
99,2026-09-13,750
99,2026-09-13,765
99,2026-09-13,780
99,2026-09-13,795
99,2026-09-13,810
99,2026-09-13,825
99,2026-09-13,840
99,2026-09-13,855
99,2026-09-13,870
99,2026-09-13,885
99,2026-09-13,900
99,2026-09-13,915
99,2026-09-13,930
99,2026-09-13,945
99,2026-09-13,960
99,2026-09-13,975
99,2026-09-13,990
99,2026-09-13,1005
99,2026-09-13,1020
99,2026-09-13,1035
99,2026-09-13,1050
99,2026-09-13,1065
99,2026-09-13,1080
99,2026-09-13,1095
99,2026-09-13,1110
99,2026-09-13,1125
99,2026-09-13,1140
99,2026-09-13,1155
99,2026-09-13,1170
99,2026-09-13,1185
99,2026-09-13,1200
99,2026-09-13,1215
99,2026-09-13,1230
99,2026-09-13,1245
99,2026-09-13,1260
99,2026-09-13,1275
99,2026-09-13,1290
99,2026-09-13,1305
99,2026-09-13,1320
99,2026-09-13,1335
99,2026-09-13,1350
99,2026-09-13,1365
99,2026-09-13,1380
99,2026-09-13,1395
99,2026-09-13,1410
99,2026-09-13,1425
102,2026-09-13,0
102,2026-09-13,15
102,2026-09-13,30
102,2026-09-13,45
102,2026-09-13,60
102,2026-09-13,75
102,2026-09-13,90
102,2026-09-13,105
102,2026-09-13,120
102,2026-09-13,135
102,2026-09-13,150
102,2026-09-13,165
102,2026-09-13,180
102,2026-09-13,195
102,2026-09-13,210
102,2026-09-13,225
102,2026-09-13,240
102,2026-09-13,255
102,2026-09-13,270
102,2026-09-13,285
102,2026-09-13,300
102,2026-09-13,315
102,2026-09-13,330
102,2026-09-13,345
102,2026-09-13,360
102,2026-09-13,375
102,2026-09-13,390
102,2026-09-13,405
102,2026-09-13,420
102,2026-09-13,435
102,2026-09-13,450
102,2026-09-13,465
102,2026-09-13,480
102,2026-09-13,495
102,2026-09-13,510
102,2026-09-13,525
102,2026-09-13,540
102,2026-09-13,555
102,2026-09-13,570
102,2026-09-13,585
102,2026-09-13,600
102,2026-09-13,615
102,2026-09-13,630
102,2026-09-13,645
102,2026-09-13,660
102,2026-09-13,675
102,2026-09-13,690
102,2026-09-13,705
102,2026-09-13,720
102,2026-09-13,735
102,2026-09-13,750
102,2026-09-13,765
102,2026-09-13,780
102,2026-09-13,795
102,2026-09-13,810
102,2026-09-13,825
102,2026-09-13,840
102,2026-09-13,855
102,2026-09-13,870
102,2026-09-13,885
102,2026-09-13,900
102,2026-09-13,915
102,2026-09-13,930
102,2026-09-13,945
102,2026-09-13,960
102,2026-09-13,975
102,2026-09-13,990
102,2026-09-13,1005
102,2026-09-13,1020
102,2026-09-13,1035
102,2026-09-13,1050
102,2026-09-13,1065
102,2026-09-13,1080
102,2026-09-13,1095
102,2026-09-13,1110
102,2026-09-13,1125
102,2026-09-13,1140
102,2026-09-13,1155
102,2026-09-13,1170
102,2026-09-13,1185
102,2026-09-13,1200
102,2026-09-13,1215
102,2026-09-13,1230
102,2026-09-13,1245
102,2026-09-13,1260
102,2026-09-13,1275
102,2026-09-13,1290
102,2026-09-13,1305
102,2026-09-13,1320
102,2026-09-13,1335
102,2026-09-13,1350
102,2026-09-13,1365
102,2026-09-13,1380
102,2026-09-13,1395
102,2026-09-13,1410
102,2026-09-13,1425
103,2026-09-13,0
103,2026-09-13,15
103,2026-09-13,30
103,2026-09-13,45
103,2026-09-13,60
103,2026-09-13,75
103,2026-09-13,90
103,2026-09-13,105
103,2026-09-13,120
103,2026-09-13,135
103,2026-09-13,150
103,2026-09-13,165
103,2026-09-13,180
103,2026-09-13,195
103,2026-09-13,210
103,2026-09-13,225
103,2026-09-13,240
103,2026-09-13,255
103,2026-09-13,270
103,2026-09-13,285
103,2026-09-13,300
103,2026-09-13,315
103,2026-09-13,330
103,2026-09-13,345
103,2026-09-13,360
103,2026-09-13,375
103,2026-09-13,390
103,2026-09-13,405
103,2026-09-13,420
103,2026-09-13,435
103,2026-09-13,450
103,2026-09-13,465
103,2026-09-13,480
103,2026-09-13,495
103,2026-09-13,510
103,2026-09-13,525
103,2026-09-13,540
103,2026-09-13,555
103,2026-09-13,570
103,2026-09-13,585
103,2026-09-13,600
103,2026-09-13,615
103,2026-09-13,630
103,2026-09-13,645
103,2026-09-13,660
103,2026-09-13,675
103,2026-09-13,690
103,2026-09-13,705
103,2026-09-13,720
103,2026-09-13,735
103,2026-09-13,750
103,2026-09-13,765
103,2026-09-13,780
103,2026-09-13,795
103,2026-09-13,810
103,2026-09-13,825
103,2026-09-13,840
103,2026-09-13,855
103,2026-09-13,870
103,2026-09-13,885
103,2026-09-13,900
103,2026-09-13,915
103,2026-09-13,930
103,2026-09-13,945
103,2026-09-13,960
103,2026-09-13,975
103,2026-09-13,990
103,2026-09-13,1005
103,2026-09-13,1020
103,2026-09-13,1035
103,2026-09-13,1050
103,2026-09-13,1065
103,2026-09-13,1080
103,2026-09-13,1095
103,2026-09-13,1110
103,2026-09-13,1125
103,2026-09-13,1140
103,2026-09-13,1155
103,2026-09-13,1170
103,2026-09-13,1185
103,2026-09-13,1200
103,2026-09-13,1215
103,2026-09-13,1230
103,2026-09-13,1245
103,2026-09-13,1260
103,2026-09-13,1275
103,2026-09-13,1290
103,2026-09-13,1305
103,2026-09-13,1320
103,2026-09-13,1335
103,2026-09-13,1350
103,2026-09-13,1365
103,2026-09-13,1380
103,2026-09-13,1395
103,2026-09-13,1410
103,2026-09-13,1425
106,2026-09-13,0
106,2026-09-13,15
106,2026-09-13,30
106,2026-09-13,45
106,2026-09-13,60
106,2026-09-13,75
106,2026-09-13,90
106,2026-09-13,105
106,2026-09-13,120
106,2026-09-13,135
106,2026-09-13,150
106,2026-09-13,165
106,2026-09-13,180
106,2026-09-13,195
106,2026-09-13,210
106,2026-09-13,225
106,2026-09-13,240
106,2026-09-13,255
106,2026-09-13,270
106,2026-09-13,285
106,2026-09-13,300
106,2026-09-13,315
106,2026-09-13,330
106,2026-09-13,345
106,2026-09-13,360
106,2026-09-13,375
106,2026-09-13,390
106,2026-09-13,405
106,2026-09-13,420
106,2026-09-13,435
106,2026-09-13,450
106,2026-09-13,465
106,2026-09-13,480
106,2026-09-13,495
106,2026-09-13,510
106,2026-09-13,525
106,2026-09-13,540
106,2026-09-13,555
106,2026-09-13,570
106,2026-09-13,585
106,2026-09-13,600
106,2026-09-13,615
106,2026-09-13,630
106,2026-09-13,645
106,2026-09-13,660
106,2026-09-13,675
106,2026-09-13,690
106,2026-09-13,705
106,2026-09-13,720
106,2026-09-13,735
106,2026-09-13,750
106,2026-09-13,765
106,2026-09-13,780
106,2026-09-13,795
106,2026-09-13,810
106,2026-09-13,825
106,2026-09-13,840
106,2026-09-13,855
106,2026-09-13,870
106,2026-09-13,885
106,2026-09-13,900
106,2026-09-13,915
106,2026-09-13,930
106,2026-09-13,945
106,2026-09-13,960
106,2026-09-13,975
106,2026-09-13,990
106,2026-09-13,1005
106,2026-09-13,1020
106,2026-09-13,1035
106,2026-09-13,1050
106,2026-09-13,1065
106,2026-09-13,1080
106,2026-09-13,1095
106,2026-09-13,1110
106,2026-09-13,1125
106,2026-09-13,1140
106,2026-09-13,1155
106,2026-09-13,1170
106,2026-09-13,1185
106,2026-09-13,1200
106,2026-09-13,1215
106,2026-09-13,1230
106,2026-09-13,1245
106,2026-09-13,1260
106,2026-09-13,1275
106,2026-09-13,1290
106,2026-09-13,1305
106,2026-09-13,1320
106,2026-09-13,1335
106,2026-09-13,1350
106,2026-09-13,1365
106,2026-09-13,1380
106,2026-09-13,1395
106,2026-09-13,1410
106,2026-09-13,1425
107,2026-09-13,0
107,2026-09-13,15
107,2026-09-13,30
107,2026-09-13,45
107,2026-09-13,60
107,2026-09-13,75
107,2026-09-13,90
107,2026-09-13,105
107,2026-09-13,120
107,2026-09-13,135
107,2026-09-13,150
107,2026-09-13,165
107,2026-09-13,180
107,2026-09-13,195
107,2026-09-13,210
107,2026-09-13,225
107,2026-09-13,240
107,2026-09-13,255
107,2026-09-13,270
107,2026-09-13,285
107,2026-09-13,300
107,2026-09-13,315
107,2026-09-13,330
107,2026-09-13,345
107,2026-09-13,360
107,2026-09-13,375
107,2026-09-13,390
107,2026-09-13,405
107,2026-09-13,420
107,2026-09-13,435
107,2026-09-13,450
107,2026-09-13,465
107,2026-09-13,480
107,2026-09-13,495
107,2026-09-13,510
107,2026-09-13,525
107,2026-09-13,540
107,2026-09-13,555
107,2026-09-13,570
107,2026-09-13,585
107,2026-09-13,600
107,2026-09-13,615
107,2026-09-13,630
107,2026-09-13,645
107,2026-09-13,660
107,2026-09-13,675
107,2026-09-13,690
107,2026-09-13,705
107,2026-09-13,720
107,2026-09-13,735
107,2026-09-13,750
107,2026-09-13,765
107,2026-09-13,780
107,2026-09-13,795
107,2026-09-13,810
107,2026-09-13,825
107,2026-09-13,840
107,2026-09-13,855
107,2026-09-13,870
107,2026-09-13,885
107,2026-09-13,900
107,2026-09-13,915
107,2026-09-13,930
107,2026-09-13,945
107,2026-09-13,960
107,2026-09-13,975
107,2026-09-13,990
107,2026-09-13,1005
107,2026-09-13,1020
107,2026-09-13,1035
107,2026-09-13,1050
107,2026-09-13,1065
107,2026-09-13,1080
107,2026-09-13,1095
107,2026-09-13,1110
107,2026-09-13,1125
107,2026-09-13,1140
107,2026-09-13,1155
107,2026-09-13,1170
107,2026-09-13,1185
107,2026-09-13,1200
107,2026-09-13,1215
107,2026-09-13,1230
107,2026-09-13,1245
107,2026-09-13,1260
107,2026-09-13,1275
107,2026-09-13,1290
107,2026-09-13,1305
107,2026-09-13,1320
107,2026-09-13,1335
107,2026-09-13,1350
107,2026-09-13,1365
107,2026-09-13,1380
107,2026-09-13,1395
107,2026-09-13,1410
107,2026-09-13,1425
108,2026-09-13,0
108,2026-09-13,15
108,2026-09-13,30
108,2026-09-13,45
108,2026-09-13,60
108,2026-09-13,75
108,2026-09-13,90
108,2026-09-13,105
108,2026-09-13,120
108,2026-09-13,135
108,2026-09-13,150
108,2026-09-13,165
108,2026-09-13,180
108,2026-09-13,195
108,2026-09-13,210
108,2026-09-13,225
108,2026-09-13,240
108,2026-09-13,255
108,2026-09-13,270
108,2026-09-13,285
108,2026-09-13,300
108,2026-09-13,315
108,2026-09-13,330
108,2026-09-13,345
108,2026-09-13,360
108,2026-09-13,375
108,2026-09-13,390
108,2026-09-13,405
108,2026-09-13,420
108,2026-09-13,435
108,2026-09-13,450
108,2026-09-13,465
108,2026-09-13,480
108,2026-09-13,495
108,2026-09-13,510
108,2026-09-13,525
108,2026-09-13,540
108,2026-09-13,555
108,2026-09-13,570
108,2026-09-13,585
108,2026-09-13,600
108,2026-09-13,615
108,2026-09-13,630
108,2026-09-13,645
108,2026-09-13,660
108,2026-09-13,675
108,2026-09-13,690
108,2026-09-13,705
108,2026-09-13,720
108,2026-09-13,735
108,2026-09-13,750
108,2026-09-13,765
108,2026-09-13,780
108,2026-09-13,795
108,2026-09-13,810
108,2026-09-13,825
108,2026-09-13,840
108,2026-09-13,855
108,2026-09-13,870
108,2026-09-13,885
108,2026-09-13,900
108,2026-09-13,915
108,2026-09-13,930
108,2026-09-13,945
108,2026-09-13,960
108,2026-09-13,975
108,2026-09-13,990
108,2026-09-13,1005
108,2026-09-13,1020
108,2026-09-13,1035
108,2026-09-13,1050
108,2026-09-13,1065
108,2026-09-13,1080
108,2026-09-13,1095
108,2026-09-13,1110
108,2026-09-13,1125
108,2026-09-13,1140
108,2026-09-13,1155
108,2026-09-13,1170
108,2026-09-13,1185
108,2026-09-13,1200
108,2026-09-13,1215
108,2026-09-13,1230
108,2026-09-13,1245
108,2026-09-13,1260
108,2026-09-13,1275
108,2026-09-13,1290
108,2026-09-13,1305
108,2026-09-13,1320
108,2026-09-13,1335
108,2026-09-13,1350
108,2026-09-13,1365
108,2026-09-13,1380
108,2026-09-13,1395
108,2026-09-13,1410
108,2026-09-13,1425
109,2026-09-13,0
109,2026-09-13,15
109,2026-09-13,30
109,2026-09-13,45
109,2026-09-13,60
109,2026-09-13,75
109,2026-09-13,90
109,2026-09-13,105
109,2026-09-13,120
109,2026-09-13,135
109,2026-09-13,150
109,2026-09-13,165
109,2026-09-13,180
109,2026-09-13,195
109,2026-09-13,210
109,2026-09-13,225
109,2026-09-13,240
109,2026-09-13,255
109,2026-09-13,270
109,2026-09-13,285
109,2026-09-13,300
109,2026-09-13,315
109,2026-09-13,330
109,2026-09-13,345
109,2026-09-13,360
109,2026-09-13,375
109,2026-09-13,390
109,2026-09-13,405
109,2026-09-13,420
109,2026-09-13,435
109,2026-09-13,450
109,2026-09-13,465
109,2026-09-13,480
109,2026-09-13,495
109,2026-09-13,510
109,2026-09-13,525
109,2026-09-13,540
109,2026-09-13,555
109,2026-09-13,570
109,2026-09-13,585
109,2026-09-13,600
109,2026-09-13,615
109,2026-09-13,630
109,2026-09-13,645
109,2026-09-13,660
109,2026-09-13,675
109,2026-09-13,690
109,2026-09-13,705
109,2026-09-13,720
109,2026-09-13,735
109,2026-09-13,750
109,2026-09-13,765
109,2026-09-13,780
109,2026-09-13,795
109,2026-09-13,810
109,2026-09-13,825
109,2026-09-13,840
109,2026-09-13,855
109,2026-09-13,870
109,2026-09-13,885
109,2026-09-13,900
109,2026-09-13,915
109,2026-09-13,930
109,2026-09-13,945
109,2026-09-13,960
109,2026-09-13,975
109,2026-09-13,990
109,2026-09-13,1005
109,2026-09-13,1020
109,2026-09-13,1035
109,2026-09-13,1050
109,2026-09-13,1065
109,2026-09-13,1080
109,2026-09-13,1095
109,2026-09-13,1110
109,2026-09-13,1125
109,2026-09-13,1140
109,2026-09-13,1155
109,2026-09-13,1170
109,2026-09-13,1185
109,2026-09-13,1200
109,2026-09-13,1215
109,2026-09-13,1230
109,2026-09-13,1245
109,2026-09-13,1260
109,2026-09-13,1275
109,2026-09-13,1290
109,2026-09-13,1305
109,2026-09-13,1320
109,2026-09-13,1335
109,2026-09-13,1350
109,2026-09-13,1365
109,2026-09-13,1380
109,2026-09-13,1395
109,2026-09-13,1410
109,2026-09-13,1425
111,2026-09-13,0
111,2026-09-13,15
111,2026-09-13,30
111,2026-09-13,45
111,2026-09-13,60
111,2026-09-13,75
111,2026-09-13,90
111,2026-09-13,105
111,2026-09-13,120
111,2026-09-13,135
111,2026-09-13,150
111,2026-09-13,165
111,2026-09-13,180
111,2026-09-13,195
111,2026-09-13,210
111,2026-09-13,225
111,2026-09-13,240
111,2026-09-13,255
111,2026-09-13,270
111,2026-09-13,285
111,2026-09-13,300
111,2026-09-13,315
111,2026-09-13,330
111,2026-09-13,345
111,2026-09-13,360
111,2026-09-13,375
111,2026-09-13,390
111,2026-09-13,405
111,2026-09-13,420
111,2026-09-13,435
111,2026-09-13,450
111,2026-09-13,465
111,2026-09-13,480
111,2026-09-13,495
111,2026-09-13,510
111,2026-09-13,525
111,2026-09-13,540
111,2026-09-13,555
111,2026-09-13,570
111,2026-09-13,585
111,2026-09-13,600
111,2026-09-13,615
111,2026-09-13,630
111,2026-09-13,645
111,2026-09-13,660
111,2026-09-13,675
111,2026-09-13,690
111,2026-09-13,705
111,2026-09-13,720
111,2026-09-13,735
111,2026-09-13,750
111,2026-09-13,765
111,2026-09-13,780
111,2026-09-13,795
111,2026-09-13,810
111,2026-09-13,825
111,2026-09-13,840
111,2026-09-13,855
111,2026-09-13,870
111,2026-09-13,885
111,2026-09-13,900
111,2026-09-13,915
111,2026-09-13,930
111,2026-09-13,945
111,2026-09-13,960
111,2026-09-13,975
111,2026-09-13,990
111,2026-09-13,1005
111,2026-09-13,1020
111,2026-09-13,1035
111,2026-09-13,1050
111,2026-09-13,1065
111,2026-09-13,1080
111,2026-09-13,1095
111,2026-09-13,1110
111,2026-09-13,1125
111,2026-09-13,1140
111,2026-09-13,1155
111,2026-09-13,1170
111,2026-09-13,1185
111,2026-09-13,1200
111,2026-09-13,1215
111,2026-09-13,1230
111,2026-09-13,1245
111,2026-09-13,1260
111,2026-09-13,1275
111,2026-09-13,1290
111,2026-09-13,1305
111,2026-09-13,1320
111,2026-09-13,1335
111,2026-09-13,1350
111,2026-09-13,1365
111,2026-09-13,1380
111,2026-09-13,1395
111,2026-09-13,1410
111,2026-09-13,1425
112,2026-09-13,0
112,2026-09-13,15
112,2026-09-13,30
112,2026-09-13,45
112,2026-09-13,60
112,2026-09-13,75
112,2026-09-13,90
112,2026-09-13,105
112,2026-09-13,120
112,2026-09-13,135
112,2026-09-13,150
112,2026-09-13,165
112,2026-09-13,180
112,2026-09-13,195
112,2026-09-13,210
112,2026-09-13,225
112,2026-09-13,240
112,2026-09-13,255
112,2026-09-13,270
112,2026-09-13,285
112,2026-09-13,300
112,2026-09-13,315
112,2026-09-13,330
112,2026-09-13,345
112,2026-09-13,360
112,2026-09-13,375
112,2026-09-13,390
112,2026-09-13,405
112,2026-09-13,420
112,2026-09-13,435
112,2026-09-13,450
112,2026-09-13,465
112,2026-09-13,480
112,2026-09-13,495
112,2026-09-13,510
112,2026-09-13,525
112,2026-09-13,540
112,2026-09-13,555
112,2026-09-13,570
112,2026-09-13,585
112,2026-09-13,600
112,2026-09-13,615
112,2026-09-13,630
112,2026-09-13,645
112,2026-09-13,660
112,2026-09-13,675
112,2026-09-13,690
112,2026-09-13,705
112,2026-09-13,720
112,2026-09-13,735
112,2026-09-13,750
112,2026-09-13,765
112,2026-09-13,780
112,2026-09-13,795
112,2026-09-13,810
112,2026-09-13,825
112,2026-09-13,840
112,2026-09-13,855
112,2026-09-13,870
112,2026-09-13,885
112,2026-09-13,900
112,2026-09-13,915
112,2026-09-13,930
112,2026-09-13,945
112,2026-09-13,960
112,2026-09-13,975
112,2026-09-13,990
112,2026-09-13,1005
112,2026-09-13,1020
112,2026-09-13,1035
112,2026-09-13,1050
112,2026-09-13,1065
112,2026-09-13,1080
112,2026-09-13,1095
112,2026-09-13,1110
112,2026-09-13,1125
112,2026-09-13,1140
112,2026-09-13,1155
112,2026-09-13,1170
112,2026-09-13,1185
112,2026-09-13,1200
112,2026-09-13,1215
112,2026-09-13,1230
112,2026-09-13,1245
112,2026-09-13,1260
112,2026-09-13,1275
112,2026-09-13,1290
112,2026-09-13,1305
112,2026-09-13,1320
112,2026-09-13,1335
112,2026-09-13,1350
112,2026-09-13,1365
112,2026-09-13,1380
112,2026-09-13,1395
112,2026-09-13,1410
112,2026-09-13,1425
113,2026-09-13,0
113,2026-09-13,15
113,2026-09-13,30
113,2026-09-13,45
113,2026-09-13,60
113,2026-09-13,75
113,2026-09-13,90
113,2026-09-13,105
113,2026-09-13,120
113,2026-09-13,135
113,2026-09-13,150
113,2026-09-13,165
113,2026-09-13,180
113,2026-09-13,195
113,2026-09-13,210
113,2026-09-13,225
113,2026-09-13,240
113,2026-09-13,255
113,2026-09-13,270
113,2026-09-13,285
113,2026-09-13,300
113,2026-09-13,315
113,2026-09-13,330
113,2026-09-13,345
113,2026-09-13,360
113,2026-09-13,375
113,2026-09-13,390
113,2026-09-13,405
113,2026-09-13,420
113,2026-09-13,435
113,2026-09-13,450
113,2026-09-13,465
113,2026-09-13,480
113,2026-09-13,495
113,2026-09-13,510
113,2026-09-13,525
113,2026-09-13,540
113,2026-09-13,555
113,2026-09-13,570
113,2026-09-13,585
113,2026-09-13,600
113,2026-09-13,615
113,2026-09-13,630
113,2026-09-13,645
113,2026-09-13,660
113,2026-09-13,675
113,2026-09-13,690
113,2026-09-13,705
113,2026-09-13,720
113,2026-09-13,735
113,2026-09-13,750
113,2026-09-13,765
113,2026-09-13,780
113,2026-09-13,795
113,2026-09-13,810
113,2026-09-13,825
113,2026-09-13,840
113,2026-09-13,855
113,2026-09-13,870
113,2026-09-13,885
113,2026-09-13,900
113,2026-09-13,915
113,2026-09-13,930
113,2026-09-13,945
113,2026-09-13,960
113,2026-09-13,975
113,2026-09-13,990
113,2026-09-13,1005
113,2026-09-13,1020
113,2026-09-13,1035
113,2026-09-13,1050
113,2026-09-13,1065
113,2026-09-13,1080
113,2026-09-13,1095
113,2026-09-13,1110
113,2026-09-13,1125
113,2026-09-13,1140
113,2026-09-13,1155
113,2026-09-13,1170
113,2026-09-13,1185
113,2026-09-13,1200
113,2026-09-13,1215
113,2026-09-13,1230
113,2026-09-13,1245
113,2026-09-13,1260
113,2026-09-13,1275
113,2026-09-13,1290
113,2026-09-13,1305
113,2026-09-13,1320
113,2026-09-13,1335
113,2026-09-13,1350
113,2026-09-13,1365
113,2026-09-13,1380
113,2026-09-13,1395
113,2026-09-13,1410
113,2026-09-13,1425
115,2026-09-13,0
115,2026-09-13,15
115,2026-09-13,30
115,2026-09-13,45
115,2026-09-13,60
115,2026-09-13,75
115,2026-09-13,90
115,2026-09-13,105
115,2026-09-13,120
115,2026-09-13,135
115,2026-09-13,150
115,2026-09-13,165
115,2026-09-13,180
115,2026-09-13,195
115,2026-09-13,210
115,2026-09-13,225
115,2026-09-13,240
115,2026-09-13,255
115,2026-09-13,270
115,2026-09-13,285
115,2026-09-13,300
115,2026-09-13,315
115,2026-09-13,330
115,2026-09-13,345
115,2026-09-13,360
115,2026-09-13,375
115,2026-09-13,390
115,2026-09-13,405
115,2026-09-13,420
115,2026-09-13,435
115,2026-09-13,450
115,2026-09-13,465
115,2026-09-13,480
115,2026-09-13,495
115,2026-09-13,510
115,2026-09-13,525
115,2026-09-13,540
115,2026-09-13,555
115,2026-09-13,570
115,2026-09-13,585
115,2026-09-13,600
115,2026-09-13,615
115,2026-09-13,630
115,2026-09-13,645
115,2026-09-13,660
115,2026-09-13,675
115,2026-09-13,690
115,2026-09-13,705
115,2026-09-13,720
115,2026-09-13,735
115,2026-09-13,750
115,2026-09-13,765
115,2026-09-13,780
115,2026-09-13,795
115,2026-09-13,810
115,2026-09-13,825
115,2026-09-13,840
115,2026-09-13,855
115,2026-09-13,870
115,2026-09-13,885
115,2026-09-13,900
115,2026-09-13,915
115,2026-09-13,930
115,2026-09-13,945
115,2026-09-13,960
115,2026-09-13,975
115,2026-09-13,990
115,2026-09-13,1005
115,2026-09-13,1020
115,2026-09-13,1035
115,2026-09-13,1050
115,2026-09-13,1065
115,2026-09-13,1080
115,2026-09-13,1095
115,2026-09-13,1110
115,2026-09-13,1125
115,2026-09-13,1140
115,2026-09-13,1155
115,2026-09-13,1170
115,2026-09-13,1185
115,2026-09-13,1200
115,2026-09-13,1215
115,2026-09-13,1230
115,2026-09-13,1245
115,2026-09-13,1260
115,2026-09-13,1275
115,2026-09-13,1290
115,2026-09-13,1305
115,2026-09-13,1320
115,2026-09-13,1335
115,2026-09-13,1350
115,2026-09-13,1365
115,2026-09-13,1380
115,2026-09-13,1395
115,2026-09-13,1410
115,2026-09-13,1425
31,2026-09-14,0
31,2026-09-14,15
31,2026-09-14,30
31,2026-09-14,45
31,2026-09-14,60
31,2026-09-14,75
31,2026-09-14,90
31,2026-09-14,105
31,2026-09-14,120
31,2026-09-14,135
31,2026-09-14,150
31,2026-09-14,165
31,2026-09-14,180
31,2026-09-14,195
31,2026-09-14,210
31,2026-09-14,225
31,2026-09-14,240
31,2026-09-14,255
31,2026-09-14,270
31,2026-09-14,285
31,2026-09-14,300
31,2026-09-14,315
31,2026-09-14,330
31,2026-09-14,345
31,2026-09-14,360
31,2026-09-14,375
31,2026-09-14,390
31,2026-09-14,405
31,2026-09-14,420
31,2026-09-14,435
31,2026-09-14,450
31,2026-09-14,465
31,2026-09-14,480
31,2026-09-14,495
31,2026-09-14,510
31,2026-09-14,525
31,2026-09-14,540
31,2026-09-14,555
31,2026-09-14,570
31,2026-09-14,585
31,2026-09-14,600
31,2026-09-14,615
31,2026-09-14,630
31,2026-09-14,645
31,2026-09-14,660
31,2026-09-14,675
31,2026-09-14,690
31,2026-09-14,705
31,2026-09-14,720
31,2026-09-14,735
31,2026-09-14,750
31,2026-09-14,765
31,2026-09-14,780
31,2026-09-14,795
31,2026-09-14,810
31,2026-09-14,825
31,2026-09-14,900
31,2026-09-14,915
31,2026-09-14,930
31,2026-09-14,945
31,2026-09-14,960
31,2026-09-14,975
31,2026-09-14,990
31,2026-09-14,1005
31,2026-09-14,1320
31,2026-09-14,1335
31,2026-09-14,1350
31,2026-09-14,1365
31,2026-09-14,1380
31,2026-09-14,1395
31,2026-09-14,1410
31,2026-09-14,1425
45,2026-09-14,0
45,2026-09-14,15
45,2026-09-14,30
45,2026-09-14,45
45,2026-09-14,60
45,2026-09-14,75
45,2026-09-14,90
45,2026-09-14,105
45,2026-09-14,120
45,2026-09-14,135
45,2026-09-14,150
45,2026-09-14,165
45,2026-09-14,180
45,2026-09-14,195
45,2026-09-14,210
45,2026-09-14,225
45,2026-09-14,240
45,2026-09-14,255
45,2026-09-14,270
45,2026-09-14,285
45,2026-09-14,300
45,2026-09-14,315
45,2026-09-14,330
45,2026-09-14,345
45,2026-09-14,360
45,2026-09-14,375
45,2026-09-14,390
45,2026-09-14,405
45,2026-09-14,420
45,2026-09-14,435
45,2026-09-14,450
45,2026-09-14,465
45,2026-09-14,480
45,2026-09-14,495
45,2026-09-14,510
45,2026-09-14,525
45,2026-09-14,540
45,2026-09-14,555
45,2026-09-14,570
45,2026-09-14,585
45,2026-09-14,600
45,2026-09-14,615
45,2026-09-14,630
45,2026-09-14,645
45,2026-09-14,960
45,2026-09-14,975
45,2026-09-14,990
45,2026-09-14,1005
45,2026-09-14,1020
45,2026-09-14,1035
45,2026-09-14,1050
45,2026-09-14,1065
45,2026-09-14,1080
45,2026-09-14,1095
45,2026-09-14,1110
45,2026-09-14,1125
45,2026-09-14,1140
45,2026-09-14,1155
45,2026-09-14,1170
45,2026-09-14,1185
45,2026-09-14,1200
45,2026-09-14,1215
45,2026-09-14,1230
45,2026-09-14,1245
45,2026-09-14,1260
45,2026-09-14,1275
45,2026-09-14,1290
45,2026-09-14,1305
45,2026-09-14,1320
45,2026-09-14,1335
45,2026-09-14,1350
45,2026-09-14,1365
45,2026-09-14,1380
45,2026-09-14,1395
45,2026-09-14,1410
45,2026-09-14,1425
67,2026-09-14,0
67,2026-09-14,15
67,2026-09-14,30
67,2026-09-14,45
67,2026-09-14,60
67,2026-09-14,75
67,2026-09-14,90
67,2026-09-14,105
67,2026-09-14,120
67,2026-09-14,135
67,2026-09-14,150
67,2026-09-14,165
67,2026-09-14,180
67,2026-09-14,195
67,2026-09-14,210
67,2026-09-14,225
67,2026-09-14,240
67,2026-09-14,255
67,2026-09-14,270
67,2026-09-14,285
67,2026-09-14,300
67,2026-09-14,315
67,2026-09-14,330
67,2026-09-14,345
67,2026-09-14,360
67,2026-09-14,375
67,2026-09-14,390
67,2026-09-14,405
67,2026-09-14,420
67,2026-09-14,435
67,2026-09-14,450
67,2026-09-14,465
67,2026-09-14,480
67,2026-09-14,495
67,2026-09-14,510
67,2026-09-14,525
67,2026-09-14,540
67,2026-09-14,555
67,2026-09-14,570
67,2026-09-14,585
67,2026-09-14,600
67,2026-09-14,615
67,2026-09-14,630
67,2026-09-14,735
67,2026-09-14,750
67,2026-09-14,765
67,2026-09-14,780
67,2026-09-14,795
67,2026-09-14,810
67,2026-09-14,825
67,2026-09-14,840
67,2026-09-14,855
67,2026-09-14,870
67,2026-09-14,885
67,2026-09-14,900
67,2026-09-14,915
67,2026-09-14,930
67,2026-09-14,945
67,2026-09-14,960
67,2026-09-14,975
67,2026-09-14,990
67,2026-09-14,1005
67,2026-09-14,1020
67,2026-09-14,1035
67,2026-09-14,1050
67,2026-09-14,1065
67,2026-09-14,1080
67,2026-09-14,1095
67,2026-09-14,1110
67,2026-09-14,1125
67,2026-09-14,1140
67,2026-09-14,1155
67,2026-09-14,1170
67,2026-09-14,1185
67,2026-09-14,1200
67,2026-09-14,1215
67,2026-09-14,1230
67,2026-09-14,1245
67,2026-09-14,1260
67,2026-09-14,1275
67,2026-09-14,1290
67,2026-09-14,1305
67,2026-09-14,1320
67,2026-09-14,1335
67,2026-09-14,1350
67,2026-09-14,1365
67,2026-09-14,1380
67,2026-09-14,1395
67,2026-09-14,1410
67,2026-09-14,1425
91,2026-09-14,0
91,2026-09-14,15
91,2026-09-14,30
91,2026-09-14,45
91,2026-09-14,60
91,2026-09-14,75
91,2026-09-14,90
91,2026-09-14,105
91,2026-09-14,120
91,2026-09-14,135
91,2026-09-14,150
91,2026-09-14,165
91,2026-09-14,180
91,2026-09-14,195
91,2026-09-14,210
91,2026-09-14,225
91,2026-09-14,240
91,2026-09-14,255
91,2026-09-14,270
91,2026-09-14,285
91,2026-09-14,300
91,2026-09-14,315
91,2026-09-14,330
91,2026-09-14,345
91,2026-09-14,360
91,2026-09-14,375
91,2026-09-14,390
91,2026-09-14,405
91,2026-09-14,420
91,2026-09-14,435
91,2026-09-14,450
91,2026-09-14,465
91,2026-09-14,480
91,2026-09-14,495
91,2026-09-14,510
91,2026-09-14,525
91,2026-09-14,540
91,2026-09-14,555
91,2026-09-14,570
91,2026-09-14,585
91,2026-09-14,600
91,2026-09-14,615
91,2026-09-14,630
91,2026-09-14,645
91,2026-09-14,660
91,2026-09-14,675
91,2026-09-14,690
91,2026-09-14,705
91,2026-09-14,720
91,2026-09-14,735
91,2026-09-14,750
91,2026-09-14,765
91,2026-09-14,780
91,2026-09-14,795
91,2026-09-14,810
91,2026-09-14,825
91,2026-09-14,840
91,2026-09-14,855
91,2026-09-14,870
91,2026-09-14,885
91,2026-09-14,900
91,2026-09-14,915
91,2026-09-14,930
91,2026-09-14,945
91,2026-09-14,960
91,2026-09-14,975
91,2026-09-14,990
91,2026-09-14,1005
91,2026-09-14,1020
91,2026-09-14,1035
91,2026-09-14,1050
91,2026-09-14,1065
91,2026-09-14,1080
91,2026-09-14,1095
91,2026-09-14,1110
91,2026-09-14,1125
91,2026-09-14,1140
91,2026-09-14,1155
91,2026-09-14,1170
91,2026-09-14,1185
91,2026-09-14,1200
91,2026-09-14,1215
91,2026-09-14,1230
91,2026-09-14,1245
91,2026-09-14,1260
91,2026-09-14,1275
91,2026-09-14,1290
91,2026-09-14,1305
91,2026-09-14,1320
91,2026-09-14,1335
91,2026-09-14,1350
91,2026-09-14,1365
91,2026-09-14,1380
91,2026-09-14,1395
91,2026-09-14,1410
91,2026-09-14,1425
92,2026-09-14,0
92,2026-09-14,15
92,2026-09-14,30
92,2026-09-14,45
92,2026-09-14,60
92,2026-09-14,75
92,2026-09-14,90
92,2026-09-14,105
92,2026-09-14,120
92,2026-09-14,135
92,2026-09-14,150
92,2026-09-14,165
92,2026-09-14,180
92,2026-09-14,195
92,2026-09-14,210
92,2026-09-14,225
92,2026-09-14,240
92,2026-09-14,255
92,2026-09-14,270
92,2026-09-14,285
92,2026-09-14,300
92,2026-09-14,315
92,2026-09-14,330
92,2026-09-14,345
92,2026-09-14,360
92,2026-09-14,375
92,2026-09-14,390
92,2026-09-14,405
92,2026-09-14,420
92,2026-09-14,435
92,2026-09-14,450
92,2026-09-14,465
92,2026-09-14,480
92,2026-09-14,495
92,2026-09-14,510
92,2026-09-14,525
92,2026-09-14,540
92,2026-09-14,555
92,2026-09-14,570
92,2026-09-14,585
92,2026-09-14,600
92,2026-09-14,615
92,2026-09-14,630
92,2026-09-14,645
92,2026-09-14,660
92,2026-09-14,675
92,2026-09-14,690
92,2026-09-14,705
92,2026-09-14,720
92,2026-09-14,735
92,2026-09-14,750
92,2026-09-14,765
92,2026-09-14,780
92,2026-09-14,795
92,2026-09-14,810
92,2026-09-14,825
92,2026-09-14,840
92,2026-09-14,855
92,2026-09-14,870
92,2026-09-14,885
92,2026-09-14,900
92,2026-09-14,915
92,2026-09-14,930
92,2026-09-14,945
92,2026-09-14,960
92,2026-09-14,975
92,2026-09-14,990
92,2026-09-14,1005
92,2026-09-14,1020
92,2026-09-14,1035
92,2026-09-14,1050
92,2026-09-14,1065
92,2026-09-14,1080
92,2026-09-14,1095
92,2026-09-14,1110
92,2026-09-14,1125
92,2026-09-14,1140
92,2026-09-14,1155
92,2026-09-14,1170
92,2026-09-14,1185
92,2026-09-14,1200
92,2026-09-14,1215
92,2026-09-14,1230
92,2026-09-14,1245
92,2026-09-14,1260
92,2026-09-14,1275
92,2026-09-14,1290
92,2026-09-14,1305
92,2026-09-14,1320
92,2026-09-14,1335
92,2026-09-14,1350
92,2026-09-14,1365
92,2026-09-14,1380
92,2026-09-14,1395
92,2026-09-14,1410
92,2026-09-14,1425
93,2026-09-14,0
93,2026-09-14,15
93,2026-09-14,30
93,2026-09-14,45
93,2026-09-14,60
93,2026-09-14,75
93,2026-09-14,90
93,2026-09-14,105
93,2026-09-14,120
93,2026-09-14,135
93,2026-09-14,150
93,2026-09-14,165
93,2026-09-14,180
93,2026-09-14,195
93,2026-09-14,210
93,2026-09-14,225
93,2026-09-14,240
93,2026-09-14,255
93,2026-09-14,270
93,2026-09-14,285
93,2026-09-14,300
93,2026-09-14,315
93,2026-09-14,330
93,2026-09-14,345
93,2026-09-14,360
93,2026-09-14,375
93,2026-09-14,390
93,2026-09-14,405
93,2026-09-14,420
93,2026-09-14,435
93,2026-09-14,450
93,2026-09-14,465
93,2026-09-14,1065
93,2026-09-14,1080
93,2026-09-14,1095
93,2026-09-14,1110
93,2026-09-14,1125
93,2026-09-14,1140
93,2026-09-14,1155
93,2026-09-14,1170
93,2026-09-14,1185
93,2026-09-14,1200
93,2026-09-14,1215
93,2026-09-14,1230
93,2026-09-14,1245
93,2026-09-14,1260
93,2026-09-14,1275
93,2026-09-14,1290
93,2026-09-14,1305
93,2026-09-14,1320
93,2026-09-14,1335
93,2026-09-14,1350
93,2026-09-14,1365
93,2026-09-14,1380
93,2026-09-14,1395
93,2026-09-14,1410
93,2026-09-14,1425
94,2026-09-14,0
94,2026-09-14,15
94,2026-09-14,30
94,2026-09-14,45
94,2026-09-14,60
94,2026-09-14,75
94,2026-09-14,90
94,2026-09-14,105
94,2026-09-14,120
94,2026-09-14,135
94,2026-09-14,150
94,2026-09-14,165
94,2026-09-14,180
94,2026-09-14,195
94,2026-09-14,210
94,2026-09-14,225
94,2026-09-14,240
94,2026-09-14,255
94,2026-09-14,270
94,2026-09-14,285
94,2026-09-14,300
94,2026-09-14,315
94,2026-09-14,330
94,2026-09-14,345
94,2026-09-14,360
94,2026-09-14,375
94,2026-09-14,390
94,2026-09-14,405
94,2026-09-14,420
94,2026-09-14,435
94,2026-09-14,450
94,2026-09-14,465
94,2026-09-14,480
94,2026-09-14,495
94,2026-09-14,510
94,2026-09-14,525
94,2026-09-14,900
94,2026-09-14,915
94,2026-09-14,930
94,2026-09-14,945
94,2026-09-14,960
94,2026-09-14,975
94,2026-09-14,990
94,2026-09-14,1005
94,2026-09-14,1020
94,2026-09-14,1035
94,2026-09-14,1050
94,2026-09-14,1065
94,2026-09-14,1080
94,2026-09-14,1095
94,2026-09-14,1110
94,2026-09-14,1125
94,2026-09-14,1140
94,2026-09-14,1155
94,2026-09-14,1170
94,2026-09-14,1185
94,2026-09-14,1200
94,2026-09-14,1215
94,2026-09-14,1230
94,2026-09-14,1245
94,2026-09-14,1260
94,2026-09-14,1275
94,2026-09-14,1290
94,2026-09-14,1305
94,2026-09-14,1320
94,2026-09-14,1335
94,2026-09-14,1350
94,2026-09-14,1365
94,2026-09-14,1380
94,2026-09-14,1395
94,2026-09-14,1410
94,2026-09-14,1425
95,2026-09-14,0
95,2026-09-14,15
95,2026-09-14,30
95,2026-09-14,45
95,2026-09-14,60
95,2026-09-14,75
95,2026-09-14,90
95,2026-09-14,105
95,2026-09-14,120
95,2026-09-14,135
95,2026-09-14,150
95,2026-09-14,165
95,2026-09-14,180
95,2026-09-14,195
95,2026-09-14,210
95,2026-09-14,225
95,2026-09-14,240
95,2026-09-14,255
95,2026-09-14,270
95,2026-09-14,285
95,2026-09-14,300
95,2026-09-14,315
95,2026-09-14,330
95,2026-09-14,345
95,2026-09-14,360
95,2026-09-14,375
95,2026-09-14,390
95,2026-09-14,405
95,2026-09-14,420
95,2026-09-14,435
95,2026-09-14,450
95,2026-09-14,465
95,2026-09-14,480
95,2026-09-14,495
95,2026-09-14,510
95,2026-09-14,525
95,2026-09-14,540
95,2026-09-14,555
95,2026-09-14,570
95,2026-09-14,585
95,2026-09-14,600
95,2026-09-14,615
95,2026-09-14,630
95,2026-09-14,645
95,2026-09-14,660
95,2026-09-14,675
95,2026-09-14,690
95,2026-09-14,705
95,2026-09-14,720
95,2026-09-14,735
95,2026-09-14,750
95,2026-09-14,765
95,2026-09-14,780
95,2026-09-14,795
95,2026-09-14,810
95,2026-09-14,825
95,2026-09-14,840
95,2026-09-14,855
95,2026-09-14,870
95,2026-09-14,885
95,2026-09-14,900
95,2026-09-14,915
95,2026-09-14,930
95,2026-09-14,945
95,2026-09-14,960
95,2026-09-14,975
95,2026-09-14,990
95,2026-09-14,1005
95,2026-09-14,1020
95,2026-09-14,1035
95,2026-09-14,1050
95,2026-09-14,1065
95,2026-09-14,1080
95,2026-09-14,1095
95,2026-09-14,1110
95,2026-09-14,1125
95,2026-09-14,1140
95,2026-09-14,1155
95,2026-09-14,1170
95,2026-09-14,1185
95,2026-09-14,1200
95,2026-09-14,1215
95,2026-09-14,1230
95,2026-09-14,1245
95,2026-09-14,1260
95,2026-09-14,1275
95,2026-09-14,1290
95,2026-09-14,1305
95,2026-09-14,1320
95,2026-09-14,1335
95,2026-09-14,1350
95,2026-09-14,1365
95,2026-09-14,1380
95,2026-09-14,1395
95,2026-09-14,1410
95,2026-09-14,1425
96,2026-09-14,0
96,2026-09-14,15
96,2026-09-14,30
96,2026-09-14,45
96,2026-09-14,60
96,2026-09-14,75
96,2026-09-14,90
96,2026-09-14,105
96,2026-09-14,120
96,2026-09-14,135
96,2026-09-14,150
96,2026-09-14,165
96,2026-09-14,180
96,2026-09-14,195
96,2026-09-14,210
96,2026-09-14,225
96,2026-09-14,240
96,2026-09-14,255
96,2026-09-14,270
96,2026-09-14,285
96,2026-09-14,300
96,2026-09-14,315
96,2026-09-14,330
96,2026-09-14,345
96,2026-09-14,360
96,2026-09-14,375
96,2026-09-14,390
96,2026-09-14,405
96,2026-09-14,420
96,2026-09-14,435
96,2026-09-14,450
96,2026-09-14,465
96,2026-09-14,480
96,2026-09-14,495
96,2026-09-14,510
96,2026-09-14,525
96,2026-09-14,540
96,2026-09-14,555
96,2026-09-14,570
96,2026-09-14,585
96,2026-09-14,600
96,2026-09-14,615
96,2026-09-14,630
96,2026-09-14,645
96,2026-09-14,660
96,2026-09-14,675
96,2026-09-14,690
96,2026-09-14,705
96,2026-09-14,720
96,2026-09-14,735
97,2026-09-14,960
97,2026-09-14,975
97,2026-09-14,990
97,2026-09-14,1005
97,2026-09-14,1020
97,2026-09-14,1035
97,2026-09-14,1050
97,2026-09-14,1065
97,2026-09-14,1080
97,2026-09-14,1095
97,2026-09-14,1110
97,2026-09-14,1125
97,2026-09-14,1140
97,2026-09-14,1155
97,2026-09-14,1170
97,2026-09-14,1185
97,2026-09-14,1200
97,2026-09-14,1215
97,2026-09-14,1230
97,2026-09-14,1245
97,2026-09-14,1260
97,2026-09-14,1275
97,2026-09-14,1290
97,2026-09-14,1305
97,2026-09-14,1320
97,2026-09-14,1335
97,2026-09-14,1350
97,2026-09-14,1365
98,2026-09-14,960
98,2026-09-14,975
98,2026-09-14,990
98,2026-09-14,1005
98,2026-09-14,1020
98,2026-09-14,1035
98,2026-09-14,1050
98,2026-09-14,1065
98,2026-09-14,1080
98,2026-09-14,1095
98,2026-09-14,1110
98,2026-09-14,1125
98,2026-09-14,1140
98,2026-09-14,1155
98,2026-09-14,1170
98,2026-09-14,1185
98,2026-09-14,1200
98,2026-09-14,1215
98,2026-09-14,1230
98,2026-09-14,1245
98,2026-09-14,1260
98,2026-09-14,1275
98,2026-09-14,1290
98,2026-09-14,1305
98,2026-09-14,1320
98,2026-09-14,1335
98,2026-09-14,1350
98,2026-09-14,1365
98,2026-09-14,1380
98,2026-09-14,1395
98,2026-09-14,1410
98,2026-09-14,1425
99,2026-09-14,0
99,2026-09-14,15
99,2026-09-14,30
99,2026-09-14,45
99,2026-09-14,60
99,2026-09-14,75
99,2026-09-14,90
99,2026-09-14,105
99,2026-09-14,120
99,2026-09-14,135
99,2026-09-14,150
99,2026-09-14,165
99,2026-09-14,180
99,2026-09-14,195
99,2026-09-14,210
99,2026-09-14,225
99,2026-09-14,240
99,2026-09-14,255
99,2026-09-14,270
99,2026-09-14,285
99,2026-09-14,300
99,2026-09-14,315
99,2026-09-14,330
99,2026-09-14,345
99,2026-09-14,360
99,2026-09-14,375
99,2026-09-14,390
99,2026-09-14,405
99,2026-09-14,420
99,2026-09-14,435
99,2026-09-14,870
99,2026-09-14,885
99,2026-09-14,900
99,2026-09-14,915
99,2026-09-14,930
99,2026-09-14,945
99,2026-09-14,960
99,2026-09-14,975
99,2026-09-14,990
99,2026-09-14,1005
99,2026-09-14,1020
99,2026-09-14,1035
99,2026-09-14,1050
99,2026-09-14,1065
99,2026-09-14,1080
99,2026-09-14,1095
99,2026-09-14,1110
99,2026-09-14,1125
99,2026-09-14,1140
99,2026-09-14,1155
99,2026-09-14,1170
99,2026-09-14,1185
99,2026-09-14,1200
99,2026-09-14,1215
99,2026-09-14,1230
99,2026-09-14,1245
99,2026-09-14,1260
99,2026-09-14,1275
99,2026-09-14,1290
99,2026-09-14,1305
99,2026-09-14,1320
99,2026-09-14,1335
99,2026-09-14,1350
99,2026-09-14,1365
99,2026-09-14,1380
99,2026-09-14,1395
99,2026-09-14,1410
99,2026-09-14,1425
101,2026-09-14,960
101,2026-09-14,975
101,2026-09-14,990
101,2026-09-14,1005
101,2026-09-14,1020
101,2026-09-14,1035
101,2026-09-14,1050
101,2026-09-14,1065
101,2026-09-14,1080
101,2026-09-14,1095
101,2026-09-14,1110
101,2026-09-14,1125
103,2026-09-14,540
103,2026-09-14,555
103,2026-09-14,570
103,2026-09-14,585
103,2026-09-14,600
103,2026-09-14,615
103,2026-09-14,630
103,2026-09-14,645
103,2026-09-14,660
103,2026-09-14,675
106,2026-09-14,0
106,2026-09-14,15
106,2026-09-14,30
106,2026-09-14,45
106,2026-09-14,60
106,2026-09-14,75
106,2026-09-14,90
106,2026-09-14,105
106,2026-09-14,120
106,2026-09-14,135
106,2026-09-14,150
106,2026-09-14,165
106,2026-09-14,180
106,2026-09-14,195
106,2026-09-14,210
106,2026-09-14,225
106,2026-09-14,240
106,2026-09-14,255
106,2026-09-14,270
106,2026-09-14,285
106,2026-09-14,300
106,2026-09-14,315
106,2026-09-14,330
106,2026-09-14,345
106,2026-09-14,360
106,2026-09-14,375
106,2026-09-14,390
106,2026-09-14,405
106,2026-09-14,420
106,2026-09-14,435
106,2026-09-14,450
106,2026-09-14,465
106,2026-09-14,480
106,2026-09-14,495
106,2026-09-14,510
106,2026-09-14,525
106,2026-09-14,540
106,2026-09-14,555
106,2026-09-14,570
106,2026-09-14,585
106,2026-09-14,600
106,2026-09-14,615
106,2026-09-14,630
106,2026-09-14,645
106,2026-09-14,660
106,2026-09-14,675
106,2026-09-14,690
106,2026-09-14,705
106,2026-09-14,720
106,2026-09-14,735
106,2026-09-14,750
106,2026-09-14,765
106,2026-09-14,780
106,2026-09-14,795
106,2026-09-14,810
106,2026-09-14,825
106,2026-09-14,840
106,2026-09-14,855
106,2026-09-14,870
106,2026-09-14,885
106,2026-09-14,900
106,2026-09-14,915
106,2026-09-14,930
106,2026-09-14,945
106,2026-09-14,960
106,2026-09-14,975
106,2026-09-14,990
106,2026-09-14,1005
106,2026-09-14,1020
106,2026-09-14,1035
106,2026-09-14,1050
106,2026-09-14,1065
106,2026-09-14,1080
106,2026-09-14,1095
106,2026-09-14,1110
106,2026-09-14,1125
106,2026-09-14,1140
106,2026-09-14,1155
106,2026-09-14,1170
106,2026-09-14,1185
106,2026-09-14,1200
106,2026-09-14,1215
106,2026-09-14,1230
106,2026-09-14,1245
106,2026-09-14,1260
106,2026-09-14,1275
106,2026-09-14,1290
106,2026-09-14,1305
106,2026-09-14,1320
106,2026-09-14,1335
106,2026-09-14,1350
106,2026-09-14,1365
106,2026-09-14,1380
106,2026-09-14,1395
106,2026-09-14,1410
106,2026-09-14,1425
108,2026-09-14,0
108,2026-09-14,15
108,2026-09-14,30
108,2026-09-14,45
108,2026-09-14,60
108,2026-09-14,75
108,2026-09-14,90
108,2026-09-14,105
108,2026-09-14,120
108,2026-09-14,135
108,2026-09-14,150
108,2026-09-14,165
108,2026-09-14,180
108,2026-09-14,195
108,2026-09-14,210
108,2026-09-14,225
108,2026-09-14,240
108,2026-09-14,255
108,2026-09-14,270
108,2026-09-14,285
108,2026-09-14,300
108,2026-09-14,315
108,2026-09-14,330
108,2026-09-14,345
108,2026-09-14,360
108,2026-09-14,375
108,2026-09-14,390
108,2026-09-14,405
108,2026-09-14,420
108,2026-09-14,435
108,2026-09-14,450
108,2026-09-14,465
108,2026-09-14,480
108,2026-09-14,495
108,2026-09-14,510
108,2026-09-14,525
108,2026-09-14,540
108,2026-09-14,555
108,2026-09-14,570
108,2026-09-14,585
108,2026-09-14,600
108,2026-09-14,615
108,2026-09-14,630
108,2026-09-14,645
108,2026-09-14,660
108,2026-09-14,675
108,2026-09-14,690
108,2026-09-14,705
108,2026-09-14,720
108,2026-09-14,735
108,2026-09-14,750
108,2026-09-14,765
108,2026-09-14,780
108,2026-09-14,795
108,2026-09-14,810
108,2026-09-14,825
108,2026-09-14,840
108,2026-09-14,855
108,2026-09-14,870
108,2026-09-14,885
108,2026-09-14,900
108,2026-09-14,915
108,2026-09-14,930
108,2026-09-14,945
108,2026-09-14,960
108,2026-09-14,975
108,2026-09-14,990
108,2026-09-14,1005
108,2026-09-14,1020
108,2026-09-14,1035
108,2026-09-14,1050
108,2026-09-14,1065
108,2026-09-14,1080
108,2026-09-14,1095
108,2026-09-14,1110
108,2026-09-14,1125
108,2026-09-14,1140
108,2026-09-14,1155
108,2026-09-14,1170
108,2026-09-14,1185
108,2026-09-14,1200
108,2026-09-14,1215
108,2026-09-14,1230
108,2026-09-14,1245
108,2026-09-14,1260
108,2026-09-14,1275
108,2026-09-14,1290
108,2026-09-14,1305
108,2026-09-14,1320
108,2026-09-14,1335
108,2026-09-14,1350
108,2026-09-14,1365
108,2026-09-14,1380
108,2026-09-14,1395
108,2026-09-14,1410
108,2026-09-14,1425
109,2026-09-14,0
109,2026-09-14,15
109,2026-09-14,30
109,2026-09-14,45
109,2026-09-14,60
109,2026-09-14,75
109,2026-09-14,90
109,2026-09-14,105
109,2026-09-14,120
109,2026-09-14,135
109,2026-09-14,150
109,2026-09-14,165
109,2026-09-14,180
109,2026-09-14,195
109,2026-09-14,210
109,2026-09-14,225
109,2026-09-14,240
109,2026-09-14,255
109,2026-09-14,270
109,2026-09-14,285
109,2026-09-14,300
109,2026-09-14,315
109,2026-09-14,330
109,2026-09-14,345
109,2026-09-14,360
109,2026-09-14,375
109,2026-09-14,390
109,2026-09-14,405
109,2026-09-14,420
109,2026-09-14,435
109,2026-09-14,450
109,2026-09-14,465
109,2026-09-14,480
109,2026-09-14,495
109,2026-09-14,510
109,2026-09-14,525
109,2026-09-14,540
109,2026-09-14,555
109,2026-09-14,570
109,2026-09-14,585
109,2026-09-14,600
109,2026-09-14,615
109,2026-09-14,630
109,2026-09-14,645
109,2026-09-14,660
109,2026-09-14,675
109,2026-09-14,690
109,2026-09-14,705
109,2026-09-14,720
109,2026-09-14,735
109,2026-09-14,750
109,2026-09-14,765
109,2026-09-14,780
109,2026-09-14,795
109,2026-09-14,810
109,2026-09-14,825
109,2026-09-14,840
109,2026-09-14,855
109,2026-09-14,870
109,2026-09-14,885
109,2026-09-14,900
109,2026-09-14,915
109,2026-09-14,930
109,2026-09-14,945
109,2026-09-14,960
109,2026-09-14,975
109,2026-09-14,990
109,2026-09-14,1005
109,2026-09-14,1020
109,2026-09-14,1035
109,2026-09-14,1050
109,2026-09-14,1065
109,2026-09-14,1080
109,2026-09-14,1095
109,2026-09-14,1110
109,2026-09-14,1125
109,2026-09-14,1140
109,2026-09-14,1155
109,2026-09-14,1170
109,2026-09-14,1185
109,2026-09-14,1200
109,2026-09-14,1215
109,2026-09-14,1230
109,2026-09-14,1245
109,2026-09-14,1260
109,2026-09-14,1275
109,2026-09-14,1290
109,2026-09-14,1305
109,2026-09-14,1320
109,2026-09-14,1335
109,2026-09-14,1350
109,2026-09-14,1365
109,2026-09-14,1380
109,2026-09-14,1395
109,2026-09-14,1410
109,2026-09-14,1425
110,2026-09-14,0
110,2026-09-14,15
110,2026-09-14,30
110,2026-09-14,45
110,2026-09-14,60
110,2026-09-14,75
110,2026-09-14,90
110,2026-09-14,105
110,2026-09-14,120
110,2026-09-14,135
110,2026-09-14,150
110,2026-09-14,165
110,2026-09-14,180
110,2026-09-14,195
110,2026-09-14,210
110,2026-09-14,225
110,2026-09-14,240
110,2026-09-14,255
110,2026-09-14,270
110,2026-09-14,285
110,2026-09-14,300
110,2026-09-14,315
110,2026-09-14,330
110,2026-09-14,345
110,2026-09-14,360
110,2026-09-14,375
110,2026-09-14,390
110,2026-09-14,405
110,2026-09-14,420
110,2026-09-14,435
110,2026-09-14,450
110,2026-09-14,465
110,2026-09-14,480
110,2026-09-14,495
110,2026-09-14,510
110,2026-09-14,525
110,2026-09-14,540
110,2026-09-14,555
110,2026-09-14,570
110,2026-09-14,585
110,2026-09-14,600
110,2026-09-14,615
110,2026-09-14,630
110,2026-09-14,645
110,2026-09-14,660
110,2026-09-14,675
110,2026-09-14,690
110,2026-09-14,705
110,2026-09-14,720
110,2026-09-14,735
110,2026-09-14,750
110,2026-09-14,765
110,2026-09-14,780
110,2026-09-14,795
110,2026-09-14,810
110,2026-09-14,825
110,2026-09-14,840
110,2026-09-14,855
110,2026-09-14,870
110,2026-09-14,885
110,2026-09-14,900
110,2026-09-14,915
110,2026-09-14,930
110,2026-09-14,945
110,2026-09-14,960
110,2026-09-14,975
110,2026-09-14,990
110,2026-09-14,1005
110,2026-09-14,1020
110,2026-09-14,1035
110,2026-09-14,1050
110,2026-09-14,1065
110,2026-09-14,1080
110,2026-09-14,1095
110,2026-09-14,1110
110,2026-09-14,1125
110,2026-09-14,1140
110,2026-09-14,1155
110,2026-09-14,1170
110,2026-09-14,1185
110,2026-09-14,1200
110,2026-09-14,1215
110,2026-09-14,1230
110,2026-09-14,1245
110,2026-09-14,1260
110,2026-09-14,1275
110,2026-09-14,1290
110,2026-09-14,1305
110,2026-09-14,1320
110,2026-09-14,1335
110,2026-09-14,1350
110,2026-09-14,1365
110,2026-09-14,1380
110,2026-09-14,1395
110,2026-09-14,1410
110,2026-09-14,1425
111,2026-09-14,0
111,2026-09-14,15
111,2026-09-14,30
111,2026-09-14,45
111,2026-09-14,60
111,2026-09-14,75
111,2026-09-14,90
111,2026-09-14,105
111,2026-09-14,120
111,2026-09-14,135
111,2026-09-14,150
111,2026-09-14,165
111,2026-09-14,180
111,2026-09-14,195
111,2026-09-14,210
111,2026-09-14,225
111,2026-09-14,240
111,2026-09-14,255
111,2026-09-14,270
111,2026-09-14,285
111,2026-09-14,300
111,2026-09-14,315
111,2026-09-14,330
111,2026-09-14,345
111,2026-09-14,360
111,2026-09-14,375
111,2026-09-14,390
111,2026-09-14,405
111,2026-09-14,420
111,2026-09-14,435
111,2026-09-14,450
111,2026-09-14,465
111,2026-09-14,480
111,2026-09-14,495
111,2026-09-14,510
111,2026-09-14,525
111,2026-09-14,540
111,2026-09-14,555
111,2026-09-14,570
111,2026-09-14,585
111,2026-09-14,600
111,2026-09-14,615
111,2026-09-14,630
111,2026-09-14,645
111,2026-09-14,660
111,2026-09-14,675
111,2026-09-14,690
111,2026-09-14,705
111,2026-09-14,720
111,2026-09-14,735
111,2026-09-14,750
111,2026-09-14,765
111,2026-09-14,780
111,2026-09-14,795
111,2026-09-14,810
111,2026-09-14,825
111,2026-09-14,840
111,2026-09-14,855
111,2026-09-14,870
111,2026-09-14,885
111,2026-09-14,900
111,2026-09-14,915
111,2026-09-14,930
111,2026-09-14,945
111,2026-09-14,960
111,2026-09-14,975
111,2026-09-14,990
111,2026-09-14,1005
111,2026-09-14,1020
111,2026-09-14,1035
111,2026-09-14,1050
111,2026-09-14,1065
111,2026-09-14,1080
111,2026-09-14,1095
111,2026-09-14,1110
111,2026-09-14,1125
111,2026-09-14,1140
111,2026-09-14,1155
111,2026-09-14,1170
111,2026-09-14,1185
111,2026-09-14,1200
111,2026-09-14,1215
111,2026-09-14,1230
111,2026-09-14,1245
111,2026-09-14,1260
111,2026-09-14,1275
111,2026-09-14,1290
111,2026-09-14,1305
111,2026-09-14,1320
111,2026-09-14,1335
111,2026-09-14,1350
111,2026-09-14,1365
111,2026-09-14,1380
111,2026-09-14,1395
111,2026-09-14,1410
111,2026-09-14,1425
112,2026-09-14,0
112,2026-09-14,15
112,2026-09-14,30
112,2026-09-14,45
112,2026-09-14,60
112,2026-09-14,75
112,2026-09-14,90
112,2026-09-14,105
112,2026-09-14,120
112,2026-09-14,135
112,2026-09-14,150
112,2026-09-14,165
112,2026-09-14,180
112,2026-09-14,195
112,2026-09-14,210
112,2026-09-14,225
112,2026-09-14,240
112,2026-09-14,255
112,2026-09-14,270
112,2026-09-14,285
112,2026-09-14,300
112,2026-09-14,315
112,2026-09-14,330
112,2026-09-14,345
112,2026-09-14,360
112,2026-09-14,375
112,2026-09-14,390
112,2026-09-14,405
112,2026-09-14,420
112,2026-09-14,435
112,2026-09-14,450
112,2026-09-14,465
112,2026-09-14,480
112,2026-09-14,495
112,2026-09-14,510
112,2026-09-14,525
112,2026-09-14,540
112,2026-09-14,555
112,2026-09-14,570
112,2026-09-14,585
112,2026-09-14,600
112,2026-09-14,615
112,2026-09-14,630
112,2026-09-14,645
112,2026-09-14,660
112,2026-09-14,675
112,2026-09-14,690
112,2026-09-14,705
112,2026-09-14,720
112,2026-09-14,735
112,2026-09-14,750
112,2026-09-14,765
112,2026-09-14,780
112,2026-09-14,795
112,2026-09-14,810
112,2026-09-14,825
112,2026-09-14,840
112,2026-09-14,855
112,2026-09-14,870
112,2026-09-14,885
112,2026-09-14,900
112,2026-09-14,915
112,2026-09-14,1095
112,2026-09-14,1110
112,2026-09-14,1125
112,2026-09-14,1140
112,2026-09-14,1155
112,2026-09-14,1170
112,2026-09-14,1185
112,2026-09-14,1200
112,2026-09-14,1215
112,2026-09-14,1230
112,2026-09-14,1245
112,2026-09-14,1260
112,2026-09-14,1275
112,2026-09-14,1290
112,2026-09-14,1305
112,2026-09-14,1320
112,2026-09-14,1335
112,2026-09-14,1350
112,2026-09-14,1365
112,2026-09-14,1380
112,2026-09-14,1395
112,2026-09-14,1410
112,2026-09-14,1425
113,2026-09-14,0
113,2026-09-14,15
113,2026-09-14,30
113,2026-09-14,45
113,2026-09-14,60
113,2026-09-14,75
113,2026-09-14,90
113,2026-09-14,105
113,2026-09-14,120
113,2026-09-14,135
113,2026-09-14,150
113,2026-09-14,165
113,2026-09-14,180
113,2026-09-14,195
113,2026-09-14,210
113,2026-09-14,225
113,2026-09-14,240
113,2026-09-14,255
113,2026-09-14,270
113,2026-09-14,285
113,2026-09-14,300
113,2026-09-14,315
113,2026-09-14,330
113,2026-09-14,345
113,2026-09-14,360
113,2026-09-14,375
113,2026-09-14,390
113,2026-09-14,405
113,2026-09-14,420
113,2026-09-14,435
113,2026-09-14,450
113,2026-09-14,465
113,2026-09-14,480
113,2026-09-14,495
113,2026-09-14,510
113,2026-09-14,525
113,2026-09-14,540
113,2026-09-14,555
113,2026-09-14,570
113,2026-09-14,585
113,2026-09-14,600
113,2026-09-14,615
113,2026-09-14,630
113,2026-09-14,645
113,2026-09-14,660
113,2026-09-14,675
113,2026-09-14,690
113,2026-09-14,705
113,2026-09-14,720
113,2026-09-14,735
113,2026-09-14,750
113,2026-09-14,765
113,2026-09-14,780
113,2026-09-14,795
113,2026-09-14,810
113,2026-09-14,825
113,2026-09-14,840
113,2026-09-14,855
113,2026-09-14,870
113,2026-09-14,885
113,2026-09-14,900
113,2026-09-14,915
113,2026-09-14,930
113,2026-09-14,945
113,2026-09-14,960
113,2026-09-14,975
113,2026-09-14,990
113,2026-09-14,1005
113,2026-09-14,1020
113,2026-09-14,1035
113,2026-09-14,1050
113,2026-09-14,1065
113,2026-09-14,1080
113,2026-09-14,1095
113,2026-09-14,1110
113,2026-09-14,1125
113,2026-09-14,1140
113,2026-09-14,1155
113,2026-09-14,1170
113,2026-09-14,1185
113,2026-09-14,1200
113,2026-09-14,1215
113,2026-09-14,1230
113,2026-09-14,1245
113,2026-09-14,1260
113,2026-09-14,1275
113,2026-09-14,1290
113,2026-09-14,1305
113,2026-09-14,1320
113,2026-09-14,1335
113,2026-09-14,1350
113,2026-09-14,1365
113,2026-09-14,1380
113,2026-09-14,1395
113,2026-09-14,1410
113,2026-09-14,1425
114,2026-09-14,0
114,2026-09-14,15
114,2026-09-14,30
114,2026-09-14,45
114,2026-09-14,60
114,2026-09-14,75
114,2026-09-14,90
114,2026-09-14,105
114,2026-09-14,120
114,2026-09-14,135
114,2026-09-14,150
114,2026-09-14,165
114,2026-09-14,180
114,2026-09-14,195
114,2026-09-14,210
114,2026-09-14,225
114,2026-09-14,240
114,2026-09-14,255
114,2026-09-14,270
114,2026-09-14,285
114,2026-09-14,300
114,2026-09-14,315
114,2026-09-14,330
114,2026-09-14,345
114,2026-09-14,360
114,2026-09-14,375
114,2026-09-14,390
114,2026-09-14,405
114,2026-09-14,420
114,2026-09-14,435
114,2026-09-14,450
114,2026-09-14,465
114,2026-09-14,480
114,2026-09-14,495
114,2026-09-14,510
114,2026-09-14,525
114,2026-09-14,540
114,2026-09-14,555
114,2026-09-14,570
114,2026-09-14,585
114,2026-09-14,600
114,2026-09-14,615
114,2026-09-14,975
114,2026-09-14,990
114,2026-09-14,1005
114,2026-09-14,1020
114,2026-09-14,1035
114,2026-09-14,1050
114,2026-09-14,1065
114,2026-09-14,1080
114,2026-09-14,1095
114,2026-09-14,1110
114,2026-09-14,1125
114,2026-09-14,1140
114,2026-09-14,1155
114,2026-09-14,1170
114,2026-09-14,1185
114,2026-09-14,1200
114,2026-09-14,1215
114,2026-09-14,1230
114,2026-09-14,1245
114,2026-09-14,1260
114,2026-09-14,1275
114,2026-09-14,1290
114,2026-09-14,1305
114,2026-09-14,1320
114,2026-09-14,1335
114,2026-09-14,1350
114,2026-09-14,1365
114,2026-09-14,1380
114,2026-09-14,1395
114,2026-09-14,1410
114,2026-09-14,1425
115,2026-09-14,0
115,2026-09-14,15
115,2026-09-14,30
115,2026-09-14,45
115,2026-09-14,60
115,2026-09-14,75
115,2026-09-14,90
115,2026-09-14,105
115,2026-09-14,120
115,2026-09-14,135
115,2026-09-14,150
115,2026-09-14,165
115,2026-09-14,180
115,2026-09-14,195
115,2026-09-14,210
115,2026-09-14,225
115,2026-09-14,240
115,2026-09-14,255
115,2026-09-14,270
115,2026-09-14,285
115,2026-09-14,300
115,2026-09-14,315
115,2026-09-14,330
115,2026-09-14,345
115,2026-09-14,360
115,2026-09-14,375
115,2026-09-14,390
115,2026-09-14,405
115,2026-09-14,420
115,2026-09-14,435
115,2026-09-14,450
115,2026-09-14,465
115,2026-09-14,660
115,2026-09-14,675
115,2026-09-14,690
115,2026-09-14,705
115,2026-09-14,720
115,2026-09-14,735
115,2026-09-14,750
115,2026-09-14,765
115,2026-09-14,780
115,2026-09-14,795
115,2026-09-14,810
115,2026-09-14,825
115,2026-09-14,840
115,2026-09-14,855
115,2026-09-14,870
115,2026-09-14,885
115,2026-09-14,900
115,2026-09-14,915
115,2026-09-14,930
115,2026-09-14,945
115,2026-09-14,960
115,2026-09-14,975
115,2026-09-14,990
115,2026-09-14,1005
115,2026-09-14,1020
115,2026-09-14,1035
115,2026-09-14,1050
115,2026-09-14,1065
115,2026-09-14,1080
115,2026-09-14,1095
115,2026-09-14,1110
115,2026-09-14,1125
115,2026-09-14,1140
115,2026-09-14,1155
115,2026-09-14,1170
115,2026-09-14,1185
115,2026-09-14,1200
115,2026-09-14,1215
115,2026-09-14,1230
115,2026-09-14,1245
115,2026-09-14,1260
115,2026-09-14,1275
115,2026-09-14,1290
115,2026-09-14,1305
115,2026-09-14,1320
115,2026-09-14,1335
115,2026-09-14,1350
115,2026-09-14,1365
115,2026-09-14,1380
115,2026-09-14,1395
115,2026-09-14,1410
115,2026-09-14,1425
116,2026-09-14,0
116,2026-09-14,15
116,2026-09-14,30
116,2026-09-14,45
116,2026-09-14,60
116,2026-09-14,75
116,2026-09-14,90
116,2026-09-14,105
116,2026-09-14,120
116,2026-09-14,135
116,2026-09-14,150
116,2026-09-14,165
116,2026-09-14,180
116,2026-09-14,195
116,2026-09-14,210
116,2026-09-14,225
116,2026-09-14,240
116,2026-09-14,255
116,2026-09-14,270
116,2026-09-14,285
116,2026-09-14,300
116,2026-09-14,315
116,2026-09-14,330
116,2026-09-14,345
116,2026-09-14,360
116,2026-09-14,375
116,2026-09-14,390
116,2026-09-14,405
116,2026-09-14,420
116,2026-09-14,435
116,2026-09-14,450
116,2026-09-14,465
116,2026-09-14,480
116,2026-09-14,495
116,2026-09-14,510
116,2026-09-14,525
116,2026-09-14,540
116,2026-09-14,555
116,2026-09-14,570
116,2026-09-14,585
116,2026-09-14,600
116,2026-09-14,615
116,2026-09-14,630
116,2026-09-14,645
116,2026-09-14,660
116,2026-09-14,675
116,2026-09-14,690
116,2026-09-14,705
116,2026-09-14,720
116,2026-09-14,735
116,2026-09-14,750
116,2026-09-14,765
116,2026-09-14,780
116,2026-09-14,795
116,2026-09-14,810
116,2026-09-14,825
116,2026-09-14,840
116,2026-09-14,855
116,2026-09-14,870
116,2026-09-14,885
116,2026-09-14,900
116,2026-09-14,915
116,2026-09-14,930
116,2026-09-14,945
116,2026-09-14,960
116,2026-09-14,975
116,2026-09-14,990
116,2026-09-14,1005
116,2026-09-14,1020
116,2026-09-14,1035
116,2026-09-14,1050
116,2026-09-14,1065
116,2026-09-14,1080
116,2026-09-14,1095
116,2026-09-14,1260
116,2026-09-14,1275
116,2026-09-14,1290
116,2026-09-14,1305
116,2026-09-14,1320
116,2026-09-14,1335
116,2026-09-14,1350
116,2026-09-14,1365
116,2026-09-14,1380
116,2026-09-14,1395
116,2026-09-14,1410
116,2026-09-14,1425
31,2026-09-15,0
31,2026-09-15,15
31,2026-09-15,30
31,2026-09-15,45
31,2026-09-15,60
31,2026-09-15,75
31,2026-09-15,90
31,2026-09-15,105
31,2026-09-15,120
31,2026-09-15,135
31,2026-09-15,150
31,2026-09-15,165
31,2026-09-15,180
31,2026-09-15,195
31,2026-09-15,210
31,2026-09-15,225
31,2026-09-15,240
31,2026-09-15,255
31,2026-09-15,270
31,2026-09-15,285
31,2026-09-15,300
31,2026-09-15,315
31,2026-09-15,330
31,2026-09-15,345
31,2026-09-15,360
31,2026-09-15,375
31,2026-09-15,390
31,2026-09-15,405
31,2026-09-15,420
31,2026-09-15,435
31,2026-09-15,450
31,2026-09-15,465
31,2026-09-15,480
31,2026-09-15,495
31,2026-09-15,510
31,2026-09-15,525
31,2026-09-15,540
31,2026-09-15,555
31,2026-09-15,570
31,2026-09-15,585
31,2026-09-15,600
31,2026-09-15,615
31,2026-09-15,630
31,2026-09-15,645
31,2026-09-15,660
31,2026-09-15,675
31,2026-09-15,690
31,2026-09-15,705
31,2026-09-15,720
31,2026-09-15,735
31,2026-09-15,750
31,2026-09-15,765
31,2026-09-15,780
31,2026-09-15,795
31,2026-09-15,810
31,2026-09-15,825
31,2026-09-15,840
31,2026-09-15,855
31,2026-09-15,870
31,2026-09-15,885
31,2026-09-15,900
31,2026-09-15,915
31,2026-09-15,930
31,2026-09-15,945
31,2026-09-15,960
31,2026-09-15,975
31,2026-09-15,990
31,2026-09-15,1005
31,2026-09-15,1020
31,2026-09-15,1035
31,2026-09-15,1050
31,2026-09-15,1065
31,2026-09-15,1080
31,2026-09-15,1095
31,2026-09-15,1110
31,2026-09-15,1125
31,2026-09-15,1140
31,2026-09-15,1155
31,2026-09-15,1170
31,2026-09-15,1185
31,2026-09-15,1200
31,2026-09-15,1215
31,2026-09-15,1230
31,2026-09-15,1245
31,2026-09-15,1260
31,2026-09-15,1275
31,2026-09-15,1290
31,2026-09-15,1305
31,2026-09-15,1320
31,2026-09-15,1335
31,2026-09-15,1350
31,2026-09-15,1365
31,2026-09-15,1380
31,2026-09-15,1395
31,2026-09-15,1410
31,2026-09-15,1425
45,2026-09-15,0
45,2026-09-15,15
45,2026-09-15,30
45,2026-09-15,45
45,2026-09-15,60
45,2026-09-15,75
45,2026-09-15,90
45,2026-09-15,105
45,2026-09-15,120
45,2026-09-15,135
45,2026-09-15,150
45,2026-09-15,165
45,2026-09-15,180
45,2026-09-15,195
45,2026-09-15,210
45,2026-09-15,225
45,2026-09-15,240
45,2026-09-15,255
45,2026-09-15,270
45,2026-09-15,285
45,2026-09-15,300
45,2026-09-15,315
45,2026-09-15,330
45,2026-09-15,345
45,2026-09-15,360
45,2026-09-15,375
45,2026-09-15,390
45,2026-09-15,405
45,2026-09-15,420
45,2026-09-15,435
45,2026-09-15,450
45,2026-09-15,465
45,2026-09-15,1200
45,2026-09-15,1215
45,2026-09-15,1230
45,2026-09-15,1245
45,2026-09-15,1260
45,2026-09-15,1275
45,2026-09-15,1290
45,2026-09-15,1305
45,2026-09-15,1320
45,2026-09-15,1335
45,2026-09-15,1350
45,2026-09-15,1365
45,2026-09-15,1380
45,2026-09-15,1395
45,2026-09-15,1410
45,2026-09-15,1425
67,2026-09-15,0
67,2026-09-15,15
67,2026-09-15,30
67,2026-09-15,45
67,2026-09-15,60
67,2026-09-15,75
67,2026-09-15,90
67,2026-09-15,105
67,2026-09-15,120
67,2026-09-15,135
67,2026-09-15,150
67,2026-09-15,165
67,2026-09-15,180
67,2026-09-15,195
67,2026-09-15,210
67,2026-09-15,225
67,2026-09-15,240
67,2026-09-15,255
67,2026-09-15,270
67,2026-09-15,285
67,2026-09-15,300
67,2026-09-15,315
67,2026-09-15,330
67,2026-09-15,345
67,2026-09-15,360
67,2026-09-15,375
67,2026-09-15,390
67,2026-09-15,405
67,2026-09-15,420
67,2026-09-15,435
67,2026-09-15,450
67,2026-09-15,465
67,2026-09-15,480
67,2026-09-15,495
67,2026-09-15,510
67,2026-09-15,525
67,2026-09-15,540
67,2026-09-15,555
67,2026-09-15,570
67,2026-09-15,585
67,2026-09-15,600
67,2026-09-15,615
67,2026-09-15,630
67,2026-09-15,765
67,2026-09-15,780
67,2026-09-15,795
67,2026-09-15,810
67,2026-09-15,825
67,2026-09-15,840
67,2026-09-15,855
67,2026-09-15,870
67,2026-09-15,885
67,2026-09-15,900
67,2026-09-15,1035
67,2026-09-15,1050
67,2026-09-15,1065
67,2026-09-15,1080
67,2026-09-15,1095
67,2026-09-15,1110
67,2026-09-15,1125
67,2026-09-15,1140
67,2026-09-15,1155
67,2026-09-15,1170
67,2026-09-15,1185
67,2026-09-15,1200
67,2026-09-15,1215
67,2026-09-15,1230
67,2026-09-15,1245
67,2026-09-15,1260
67,2026-09-15,1275
67,2026-09-15,1290
67,2026-09-15,1305
67,2026-09-15,1320
67,2026-09-15,1335
67,2026-09-15,1350
67,2026-09-15,1365
67,2026-09-15,1380
67,2026-09-15,1395
67,2026-09-15,1410
67,2026-09-15,1425
91,2026-09-15,0
91,2026-09-15,15
91,2026-09-15,30
91,2026-09-15,45
91,2026-09-15,60
91,2026-09-15,75
91,2026-09-15,90
91,2026-09-15,105
91,2026-09-15,120
91,2026-09-15,135
91,2026-09-15,150
91,2026-09-15,165
91,2026-09-15,180
91,2026-09-15,195
91,2026-09-15,210
91,2026-09-15,225
91,2026-09-15,240
91,2026-09-15,255
91,2026-09-15,270
91,2026-09-15,285
91,2026-09-15,300
91,2026-09-15,315
91,2026-09-15,330
91,2026-09-15,345
91,2026-09-15,360
91,2026-09-15,375
91,2026-09-15,390
91,2026-09-15,405
91,2026-09-15,420
91,2026-09-15,435
91,2026-09-15,450
91,2026-09-15,465
91,2026-09-15,480
91,2026-09-15,495
91,2026-09-15,510
91,2026-09-15,525
91,2026-09-15,540
91,2026-09-15,555
91,2026-09-15,570
91,2026-09-15,585
91,2026-09-15,600
91,2026-09-15,615
91,2026-09-15,630
91,2026-09-15,645
91,2026-09-15,660
91,2026-09-15,675
91,2026-09-15,690
91,2026-09-15,705
91,2026-09-15,720
91,2026-09-15,735
91,2026-09-15,750
91,2026-09-15,765
91,2026-09-15,780
91,2026-09-15,795
91,2026-09-15,810
91,2026-09-15,825
91,2026-09-15,840
91,2026-09-15,855
91,2026-09-15,870
91,2026-09-15,885
91,2026-09-15,900
91,2026-09-15,915
91,2026-09-15,930
91,2026-09-15,945
91,2026-09-15,960
91,2026-09-15,975
91,2026-09-15,990
91,2026-09-15,1005
91,2026-09-15,1020
91,2026-09-15,1035
91,2026-09-15,1050
91,2026-09-15,1065
91,2026-09-15,1080
91,2026-09-15,1095
91,2026-09-15,1110
91,2026-09-15,1125
91,2026-09-15,1140
91,2026-09-15,1155
91,2026-09-15,1170
91,2026-09-15,1185
91,2026-09-15,1200
91,2026-09-15,1215
91,2026-09-15,1230
91,2026-09-15,1245
91,2026-09-15,1260
91,2026-09-15,1275
91,2026-09-15,1290
91,2026-09-15,1305
91,2026-09-15,1320
91,2026-09-15,1335
91,2026-09-15,1350
91,2026-09-15,1365
91,2026-09-15,1380
91,2026-09-15,1395
91,2026-09-15,1410
91,2026-09-15,1425
93,2026-09-15,0
93,2026-09-15,15
93,2026-09-15,30
93,2026-09-15,45
93,2026-09-15,60
93,2026-09-15,75
93,2026-09-15,90
93,2026-09-15,105
93,2026-09-15,120
93,2026-09-15,135
93,2026-09-15,150
93,2026-09-15,165
93,2026-09-15,180
93,2026-09-15,195
93,2026-09-15,210
93,2026-09-15,225
93,2026-09-15,240
93,2026-09-15,255
93,2026-09-15,270
93,2026-09-15,285
93,2026-09-15,300
93,2026-09-15,315
93,2026-09-15,330
93,2026-09-15,345
93,2026-09-15,360
93,2026-09-15,375
93,2026-09-15,390
93,2026-09-15,405
93,2026-09-15,420
93,2026-09-15,435
93,2026-09-15,450
93,2026-09-15,465
93,2026-09-15,1065
93,2026-09-15,1080
93,2026-09-15,1095
93,2026-09-15,1110
93,2026-09-15,1125
93,2026-09-15,1140
93,2026-09-15,1155
93,2026-09-15,1170
93,2026-09-15,1185
93,2026-09-15,1200
93,2026-09-15,1215
93,2026-09-15,1230
93,2026-09-15,1245
93,2026-09-15,1260
93,2026-09-15,1275
93,2026-09-15,1290
93,2026-09-15,1305
93,2026-09-15,1320
93,2026-09-15,1335
93,2026-09-15,1350
93,2026-09-15,1365
93,2026-09-15,1380
93,2026-09-15,1395
93,2026-09-15,1410
93,2026-09-15,1425
94,2026-09-15,0
94,2026-09-15,15
94,2026-09-15,30
94,2026-09-15,45
94,2026-09-15,60
94,2026-09-15,75
94,2026-09-15,90
94,2026-09-15,105
94,2026-09-15,120
94,2026-09-15,135
94,2026-09-15,150
94,2026-09-15,165
94,2026-09-15,180
94,2026-09-15,195
94,2026-09-15,210
94,2026-09-15,225
94,2026-09-15,240
94,2026-09-15,255
94,2026-09-15,270
94,2026-09-15,285
94,2026-09-15,300
94,2026-09-15,315
94,2026-09-15,330
94,2026-09-15,345
94,2026-09-15,360
94,2026-09-15,375
94,2026-09-15,390
94,2026-09-15,405
94,2026-09-15,420
94,2026-09-15,435
94,2026-09-15,450
94,2026-09-15,465
94,2026-09-15,480
94,2026-09-15,495
94,2026-09-15,510
94,2026-09-15,525
94,2026-09-15,900
94,2026-09-15,915
94,2026-09-15,930
94,2026-09-15,945
94,2026-09-15,960
94,2026-09-15,975
94,2026-09-15,990
94,2026-09-15,1005
94,2026-09-15,1020
94,2026-09-15,1035
94,2026-09-15,1050
94,2026-09-15,1065
94,2026-09-15,1080
94,2026-09-15,1095
94,2026-09-15,1110
94,2026-09-15,1125
94,2026-09-15,1140
94,2026-09-15,1155
94,2026-09-15,1170
94,2026-09-15,1185
94,2026-09-15,1200
94,2026-09-15,1215
94,2026-09-15,1230
94,2026-09-15,1245
94,2026-09-15,1260
94,2026-09-15,1275
94,2026-09-15,1290
94,2026-09-15,1305
94,2026-09-15,1320
94,2026-09-15,1335
94,2026-09-15,1350
94,2026-09-15,1365
94,2026-09-15,1380
94,2026-09-15,1395
94,2026-09-15,1410
94,2026-09-15,1425
95,2026-09-15,0
95,2026-09-15,15
95,2026-09-15,30
95,2026-09-15,45
95,2026-09-15,60
95,2026-09-15,75
95,2026-09-15,90
95,2026-09-15,105
95,2026-09-15,120
95,2026-09-15,135
95,2026-09-15,150
95,2026-09-15,165
95,2026-09-15,180
95,2026-09-15,195
95,2026-09-15,210
95,2026-09-15,225
95,2026-09-15,240
95,2026-09-15,255
95,2026-09-15,270
95,2026-09-15,285
95,2026-09-15,300
95,2026-09-15,315
95,2026-09-15,330
95,2026-09-15,345
95,2026-09-15,360
95,2026-09-15,375
95,2026-09-15,390
95,2026-09-15,405
95,2026-09-15,420
95,2026-09-15,435
95,2026-09-15,450
95,2026-09-15,465
95,2026-09-15,480
95,2026-09-15,495
95,2026-09-15,510
95,2026-09-15,525
95,2026-09-15,540
95,2026-09-15,555
95,2026-09-15,570
95,2026-09-15,585
95,2026-09-15,600
95,2026-09-15,615
95,2026-09-15,630
95,2026-09-15,645
95,2026-09-15,660
95,2026-09-15,675
95,2026-09-15,690
95,2026-09-15,705
95,2026-09-15,720
95,2026-09-15,735
95,2026-09-15,750
95,2026-09-15,765
95,2026-09-15,780
95,2026-09-15,795
95,2026-09-15,810
95,2026-09-15,825
95,2026-09-15,840
95,2026-09-15,855
95,2026-09-15,870
95,2026-09-15,885
95,2026-09-15,900
95,2026-09-15,915
95,2026-09-15,1050
95,2026-09-15,1065
95,2026-09-15,1080
95,2026-09-15,1095
95,2026-09-15,1110
95,2026-09-15,1125
95,2026-09-15,1140
95,2026-09-15,1155
95,2026-09-15,1170
95,2026-09-15,1185
95,2026-09-15,1200
95,2026-09-15,1215
95,2026-09-15,1230
95,2026-09-15,1245
95,2026-09-15,1260
95,2026-09-15,1275
95,2026-09-15,1290
95,2026-09-15,1305
95,2026-09-15,1320
95,2026-09-15,1335
95,2026-09-15,1350
95,2026-09-15,1365
95,2026-09-15,1380
95,2026-09-15,1395
95,2026-09-15,1410
95,2026-09-15,1425
96,2026-09-15,0
96,2026-09-15,15
96,2026-09-15,30
96,2026-09-15,45
96,2026-09-15,60
96,2026-09-15,75
96,2026-09-15,90
96,2026-09-15,105
96,2026-09-15,120
96,2026-09-15,135
96,2026-09-15,150
96,2026-09-15,165
96,2026-09-15,180
96,2026-09-15,195
96,2026-09-15,210
96,2026-09-15,225
96,2026-09-15,240
96,2026-09-15,255
96,2026-09-15,270
96,2026-09-15,285
96,2026-09-15,300
96,2026-09-15,315
96,2026-09-15,330
96,2026-09-15,345
96,2026-09-15,360
96,2026-09-15,375
96,2026-09-15,390
96,2026-09-15,405
96,2026-09-15,420
96,2026-09-15,435
96,2026-09-15,450
96,2026-09-15,465
96,2026-09-15,480
96,2026-09-15,495
96,2026-09-15,510
96,2026-09-15,525
96,2026-09-15,540
96,2026-09-15,555
96,2026-09-15,570
96,2026-09-15,585
96,2026-09-15,600
96,2026-09-15,615
96,2026-09-15,630
96,2026-09-15,645
96,2026-09-15,660
96,2026-09-15,675
96,2026-09-15,690
96,2026-09-15,705
96,2026-09-15,720
96,2026-09-15,735
96,2026-09-15,750
96,2026-09-15,765
96,2026-09-15,780
96,2026-09-15,795
96,2026-09-15,810
96,2026-09-15,825
96,2026-09-15,1020
96,2026-09-15,1035
96,2026-09-15,1050
96,2026-09-15,1065
96,2026-09-15,1080
96,2026-09-15,1095
96,2026-09-15,1110
96,2026-09-15,1125
96,2026-09-15,1140
96,2026-09-15,1155
96,2026-09-15,1170
96,2026-09-15,1185
96,2026-09-15,1200
96,2026-09-15,1215
96,2026-09-15,1230
96,2026-09-15,1245
96,2026-09-15,1260
96,2026-09-15,1275
96,2026-09-15,1290
96,2026-09-15,1305
96,2026-09-15,1320
96,2026-09-15,1335
96,2026-09-15,1350
96,2026-09-15,1365
96,2026-09-15,1380
96,2026-09-15,1395
96,2026-09-15,1410
96,2026-09-15,1425
97,2026-09-15,840
97,2026-09-15,855
97,2026-09-15,870
97,2026-09-15,885
97,2026-09-15,900
97,2026-09-15,915
97,2026-09-15,930
97,2026-09-15,945
97,2026-09-15,960
97,2026-09-15,975
97,2026-09-15,990
97,2026-09-15,1005
97,2026-09-15,1020
97,2026-09-15,1035
97,2026-09-15,1050
97,2026-09-15,1065
97,2026-09-15,1080
97,2026-09-15,1095
97,2026-09-15,1110
97,2026-09-15,1125
97,2026-09-15,1140
97,2026-09-15,1155
97,2026-09-15,1170
97,2026-09-15,1185
98,2026-09-15,0
98,2026-09-15,15
98,2026-09-15,30
98,2026-09-15,45
98,2026-09-15,60
98,2026-09-15,75
98,2026-09-15,90
98,2026-09-15,105
98,2026-09-15,120
98,2026-09-15,135
98,2026-09-15,150
98,2026-09-15,165
98,2026-09-15,180
98,2026-09-15,195
98,2026-09-15,210
98,2026-09-15,225
98,2026-09-15,240
98,2026-09-15,255
98,2026-09-15,270
98,2026-09-15,285
98,2026-09-15,300
98,2026-09-15,315
98,2026-09-15,330
98,2026-09-15,345
98,2026-09-15,360
98,2026-09-15,375
98,2026-09-15,390
98,2026-09-15,405
98,2026-09-15,420
98,2026-09-15,435
98,2026-09-15,450
98,2026-09-15,465
98,2026-09-15,480
98,2026-09-15,495
98,2026-09-15,510
98,2026-09-15,525
98,2026-09-15,540
98,2026-09-15,555
98,2026-09-15,570
98,2026-09-15,585
98,2026-09-15,600
98,2026-09-15,615
98,2026-09-15,630
98,2026-09-15,645
98,2026-09-15,660
98,2026-09-15,675
98,2026-09-15,690
98,2026-09-15,705
98,2026-09-15,720
98,2026-09-15,735
98,2026-09-15,750
98,2026-09-15,765
98,2026-09-15,840
98,2026-09-15,855
98,2026-09-15,870
98,2026-09-15,885
98,2026-09-15,900
98,2026-09-15,915
98,2026-09-15,930
98,2026-09-15,945
98,2026-09-15,960
98,2026-09-15,975
98,2026-09-15,990
98,2026-09-15,1005
98,2026-09-15,1020
98,2026-09-15,1035
98,2026-09-15,1050
98,2026-09-15,1065
98,2026-09-15,1080
98,2026-09-15,1095
98,2026-09-15,1110
98,2026-09-15,1125
98,2026-09-15,1140
98,2026-09-15,1155
98,2026-09-15,1170
98,2026-09-15,1185
98,2026-09-15,1200
98,2026-09-15,1215
98,2026-09-15,1230
98,2026-09-15,1245
98,2026-09-15,1260
98,2026-09-15,1275
98,2026-09-15,1290
98,2026-09-15,1305
98,2026-09-15,1320
98,2026-09-15,1335
98,2026-09-15,1350
98,2026-09-15,1365
98,2026-09-15,1380
98,2026-09-15,1395
98,2026-09-15,1410
98,2026-09-15,1425
99,2026-09-15,0
99,2026-09-15,15
99,2026-09-15,30
99,2026-09-15,45
99,2026-09-15,60
99,2026-09-15,75
99,2026-09-15,90
99,2026-09-15,105
99,2026-09-15,120
99,2026-09-15,135
99,2026-09-15,150
99,2026-09-15,165
99,2026-09-15,180
99,2026-09-15,195
99,2026-09-15,210
99,2026-09-15,225
99,2026-09-15,240
99,2026-09-15,255
99,2026-09-15,270
99,2026-09-15,285
99,2026-09-15,300
99,2026-09-15,315
99,2026-09-15,330
99,2026-09-15,345
99,2026-09-15,360
99,2026-09-15,375
99,2026-09-15,390
99,2026-09-15,405
99,2026-09-15,420
99,2026-09-15,435
99,2026-09-15,450
99,2026-09-15,465
99,2026-09-15,480
99,2026-09-15,495
99,2026-09-15,720
99,2026-09-15,735
99,2026-09-15,750
99,2026-09-15,765
99,2026-09-15,780
99,2026-09-15,795
99,2026-09-15,810
99,2026-09-15,825
99,2026-09-15,840
99,2026-09-15,855
99,2026-09-15,870
99,2026-09-15,885
99,2026-09-15,900
99,2026-09-15,915
99,2026-09-15,930
99,2026-09-15,945
99,2026-09-15,960
99,2026-09-15,975
99,2026-09-15,990
99,2026-09-15,1005
99,2026-09-15,1020
99,2026-09-15,1035
99,2026-09-15,1050
99,2026-09-15,1065
99,2026-09-15,1080
99,2026-09-15,1095
99,2026-09-15,1110
99,2026-09-15,1125
99,2026-09-15,1140
99,2026-09-15,1155
99,2026-09-15,1170
99,2026-09-15,1185
99,2026-09-15,1200
99,2026-09-15,1215
99,2026-09-15,1230
99,2026-09-15,1245
99,2026-09-15,1260
99,2026-09-15,1275
99,2026-09-15,1290
99,2026-09-15,1305
99,2026-09-15,1320
99,2026-09-15,1335
99,2026-09-15,1350
99,2026-09-15,1365
99,2026-09-15,1380
99,2026-09-15,1395
99,2026-09-15,1410
99,2026-09-15,1425
101,2026-09-15,0
101,2026-09-15,15
101,2026-09-15,30
101,2026-09-15,45
101,2026-09-15,60
101,2026-09-15,75
101,2026-09-15,90
101,2026-09-15,105
101,2026-09-15,120
101,2026-09-15,135
101,2026-09-15,150
101,2026-09-15,165
101,2026-09-15,180
101,2026-09-15,195
101,2026-09-15,210
101,2026-09-15,225
101,2026-09-15,240
101,2026-09-15,255
101,2026-09-15,270
101,2026-09-15,285
101,2026-09-15,300
101,2026-09-15,315
101,2026-09-15,330
101,2026-09-15,345
101,2026-09-15,360
101,2026-09-15,375
101,2026-09-15,390
101,2026-09-15,405
101,2026-09-15,420
101,2026-09-15,435
101,2026-09-15,450
101,2026-09-15,465
101,2026-09-15,960
101,2026-09-15,975
101,2026-09-15,990
101,2026-09-15,1005
101,2026-09-15,1020
101,2026-09-15,1035
101,2026-09-15,1050
101,2026-09-15,1065
101,2026-09-15,1080
101,2026-09-15,1095
101,2026-09-15,1110
101,2026-09-15,1125
101,2026-09-15,1140
101,2026-09-15,1155
101,2026-09-15,1170
101,2026-09-15,1185
101,2026-09-15,1200
101,2026-09-15,1215
101,2026-09-15,1230
101,2026-09-15,1245
101,2026-09-15,1260
101,2026-09-15,1275
101,2026-09-15,1290
101,2026-09-15,1305
101,2026-09-15,1320
101,2026-09-15,1335
101,2026-09-15,1350
101,2026-09-15,1365
101,2026-09-15,1380
101,2026-09-15,1395
101,2026-09-15,1410
101,2026-09-15,1425
102,2026-09-15,540
102,2026-09-15,555
102,2026-09-15,570
102,2026-09-15,585
102,2026-09-15,600
102,2026-09-15,615
102,2026-09-15,630
102,2026-09-15,645
102,2026-09-15,660
102,2026-09-15,675
102,2026-09-15,690
102,2026-09-15,705
102,2026-09-15,720
102,2026-09-15,735
102,2026-09-15,750
102,2026-09-15,765
102,2026-09-15,780
102,2026-09-15,795
102,2026-09-15,810
102,2026-09-15,825
102,2026-09-15,840
102,2026-09-15,855
102,2026-09-15,870
102,2026-09-15,885
102,2026-09-15,900
102,2026-09-15,915
102,2026-09-15,930
102,2026-09-15,945
102,2026-09-15,960
102,2026-09-15,975
102,2026-09-15,990
102,2026-09-15,1005
102,2026-09-15,1020
102,2026-09-15,1035
102,2026-09-15,1050
102,2026-09-15,1065
102,2026-09-15,1080
102,2026-09-15,1095
102,2026-09-15,1110
102,2026-09-15,1125
102,2026-09-15,1140
102,2026-09-15,1155
102,2026-09-15,1170
102,2026-09-15,1185
102,2026-09-15,1200
102,2026-09-15,1215
102,2026-09-15,1230
102,2026-09-15,1245
102,2026-09-15,1260
102,2026-09-15,1275
102,2026-09-15,1290
102,2026-09-15,1305
102,2026-09-15,1320
102,2026-09-15,1335
102,2026-09-15,1350
102,2026-09-15,1365
102,2026-09-15,1380
102,2026-09-15,1395
102,2026-09-15,1410
102,2026-09-15,1425
103,2026-09-15,1095
103,2026-09-15,1110
103,2026-09-15,1125
103,2026-09-15,1140
103,2026-09-15,1155
103,2026-09-15,1170
103,2026-09-15,1185
103,2026-09-15,1200
103,2026-09-15,1215
103,2026-09-15,1230
103,2026-09-15,1245
103,2026-09-15,1260
103,2026-09-15,1275
103,2026-09-15,1290
103,2026-09-15,1305
103,2026-09-15,1320
103,2026-09-15,1335
103,2026-09-15,1350
103,2026-09-15,1365
104,2026-09-15,990
104,2026-09-15,1005
104,2026-09-15,1020
104,2026-09-15,1035
104,2026-09-15,1050
104,2026-09-15,1065
104,2026-09-15,1080
104,2026-09-15,1095
104,2026-09-15,1110
104,2026-09-15,1125
104,2026-09-15,1140
104,2026-09-15,1155
104,2026-09-15,1170
104,2026-09-15,1185
104,2026-09-15,1200
104,2026-09-15,1215
104,2026-09-15,1230
104,2026-09-15,1245
104,2026-09-15,1260
104,2026-09-15,1275
104,2026-09-15,1290
104,2026-09-15,1305
104,2026-09-15,1320
104,2026-09-15,1335
104,2026-09-15,1350
104,2026-09-15,1365
104,2026-09-15,1380
104,2026-09-15,1395
104,2026-09-15,1410
104,2026-09-15,1425
105,2026-09-15,1020
105,2026-09-15,1035
105,2026-09-15,1050
105,2026-09-15,1065
105,2026-09-15,1080
105,2026-09-15,1095
105,2026-09-15,1110
105,2026-09-15,1125
105,2026-09-15,1140
105,2026-09-15,1155
105,2026-09-15,1170
105,2026-09-15,1185
105,2026-09-15,1200
105,2026-09-15,1215
105,2026-09-15,1230
105,2026-09-15,1245
105,2026-09-15,1260
105,2026-09-15,1275
105,2026-09-15,1290
105,2026-09-15,1305
106,2026-09-15,0
106,2026-09-15,15
106,2026-09-15,30
106,2026-09-15,45
106,2026-09-15,60
106,2026-09-15,75
106,2026-09-15,90
106,2026-09-15,105
106,2026-09-15,120
106,2026-09-15,135
106,2026-09-15,150
106,2026-09-15,165
106,2026-09-15,180
106,2026-09-15,195
106,2026-09-15,210
106,2026-09-15,225
106,2026-09-15,240
106,2026-09-15,255
106,2026-09-15,270
106,2026-09-15,285
106,2026-09-15,300
106,2026-09-15,315
106,2026-09-15,330
106,2026-09-15,345
106,2026-09-15,360
106,2026-09-15,375
106,2026-09-15,390
106,2026-09-15,405
106,2026-09-15,420
106,2026-09-15,435
106,2026-09-15,450
106,2026-09-15,465
106,2026-09-15,480
106,2026-09-15,495
106,2026-09-15,510
106,2026-09-15,525
106,2026-09-15,1020
106,2026-09-15,1035
106,2026-09-15,1050
106,2026-09-15,1065
106,2026-09-15,1080
106,2026-09-15,1095
106,2026-09-15,1110
106,2026-09-15,1125
106,2026-09-15,1140
106,2026-09-15,1155
106,2026-09-15,1170
106,2026-09-15,1185
106,2026-09-15,1200
106,2026-09-15,1215
106,2026-09-15,1230
106,2026-09-15,1245
106,2026-09-15,1260
106,2026-09-15,1275
106,2026-09-15,1290
106,2026-09-15,1305
106,2026-09-15,1320
106,2026-09-15,1335
106,2026-09-15,1350
106,2026-09-15,1365
106,2026-09-15,1380
106,2026-09-15,1395
106,2026-09-15,1410
106,2026-09-15,1425
107,2026-09-15,0
107,2026-09-15,15
107,2026-09-15,30
107,2026-09-15,45
107,2026-09-15,60
107,2026-09-15,75
107,2026-09-15,90
107,2026-09-15,105
107,2026-09-15,120
107,2026-09-15,135
107,2026-09-15,150
107,2026-09-15,165
107,2026-09-15,180
107,2026-09-15,195
107,2026-09-15,210
107,2026-09-15,225
107,2026-09-15,240
107,2026-09-15,255
107,2026-09-15,270
107,2026-09-15,285
107,2026-09-15,300
107,2026-09-15,315
107,2026-09-15,330
107,2026-09-15,345
107,2026-09-15,360
107,2026-09-15,375
107,2026-09-15,390
107,2026-09-15,405
107,2026-09-15,420
107,2026-09-15,435
107,2026-09-15,450
107,2026-09-15,465
107,2026-09-15,480
107,2026-09-15,495
107,2026-09-15,510
107,2026-09-15,525
107,2026-09-15,540
107,2026-09-15,555
107,2026-09-15,570
107,2026-09-15,585
107,2026-09-15,600
107,2026-09-15,615
107,2026-09-15,630
107,2026-09-15,645
107,2026-09-15,660
107,2026-09-15,675
107,2026-09-15,690
107,2026-09-15,705
107,2026-09-15,720
107,2026-09-15,735
107,2026-09-15,750
107,2026-09-15,765
107,2026-09-15,780
107,2026-09-15,795
107,2026-09-15,810
107,2026-09-15,825
107,2026-09-15,840
107,2026-09-15,855
107,2026-09-15,870
107,2026-09-15,885
107,2026-09-15,900
107,2026-09-15,915
107,2026-09-15,930
107,2026-09-15,945
107,2026-09-15,960
107,2026-09-15,975
107,2026-09-15,990
107,2026-09-15,1005
107,2026-09-15,1020
107,2026-09-15,1035
107,2026-09-15,1050
107,2026-09-15,1065
107,2026-09-15,1080
107,2026-09-15,1095
107,2026-09-15,1110
107,2026-09-15,1125
107,2026-09-15,1140
107,2026-09-15,1155
107,2026-09-15,1170
107,2026-09-15,1185
107,2026-09-15,1200
107,2026-09-15,1215
107,2026-09-15,1230
107,2026-09-15,1245
107,2026-09-15,1260
107,2026-09-15,1275
107,2026-09-15,1290
107,2026-09-15,1305
107,2026-09-15,1320
107,2026-09-15,1335
107,2026-09-15,1350
107,2026-09-15,1365
107,2026-09-15,1380
107,2026-09-15,1395
107,2026-09-15,1410
107,2026-09-15,1425
108,2026-09-15,0
108,2026-09-15,15
108,2026-09-15,30
108,2026-09-15,45
108,2026-09-15,60
108,2026-09-15,75
108,2026-09-15,90
108,2026-09-15,105
108,2026-09-15,120
108,2026-09-15,135
108,2026-09-15,150
108,2026-09-15,165
108,2026-09-15,180
108,2026-09-15,195
108,2026-09-15,210
108,2026-09-15,225
108,2026-09-15,240
108,2026-09-15,255
108,2026-09-15,270
108,2026-09-15,285
108,2026-09-15,300
108,2026-09-15,315
108,2026-09-15,330
108,2026-09-15,345
108,2026-09-15,360
108,2026-09-15,375
108,2026-09-15,390
108,2026-09-15,405
108,2026-09-15,420
108,2026-09-15,435
108,2026-09-15,450
108,2026-09-15,465
108,2026-09-15,480
108,2026-09-15,495
108,2026-09-15,510
108,2026-09-15,525
108,2026-09-15,540
108,2026-09-15,555
108,2026-09-15,570
108,2026-09-15,585
108,2026-09-15,600
108,2026-09-15,615
108,2026-09-15,630
108,2026-09-15,645
108,2026-09-15,660
108,2026-09-15,675
108,2026-09-15,690
108,2026-09-15,705
108,2026-09-15,720
108,2026-09-15,735
108,2026-09-15,750
108,2026-09-15,765
108,2026-09-15,780
108,2026-09-15,795
108,2026-09-15,810
108,2026-09-15,825
108,2026-09-15,840
108,2026-09-15,855
108,2026-09-15,870
108,2026-09-15,885
108,2026-09-15,900
108,2026-09-15,915
108,2026-09-15,930
108,2026-09-15,945
108,2026-09-15,960
108,2026-09-15,975
108,2026-09-15,990
108,2026-09-15,1005
108,2026-09-15,1020
108,2026-09-15,1035
108,2026-09-15,1050
108,2026-09-15,1065
108,2026-09-15,1080
108,2026-09-15,1095
108,2026-09-15,1110
108,2026-09-15,1125
108,2026-09-15,1140
108,2026-09-15,1155
108,2026-09-15,1170
108,2026-09-15,1185
108,2026-09-15,1200
108,2026-09-15,1215
108,2026-09-15,1230
108,2026-09-15,1245
108,2026-09-15,1260
108,2026-09-15,1275
108,2026-09-15,1290
108,2026-09-15,1305
108,2026-09-15,1320
108,2026-09-15,1335
108,2026-09-15,1350
108,2026-09-15,1365
108,2026-09-15,1380
108,2026-09-15,1395
108,2026-09-15,1410
108,2026-09-15,1425
109,2026-09-15,0
109,2026-09-15,15
109,2026-09-15,30
109,2026-09-15,45
109,2026-09-15,60
109,2026-09-15,75
109,2026-09-15,90
109,2026-09-15,105
109,2026-09-15,120
109,2026-09-15,135
109,2026-09-15,150
109,2026-09-15,165
109,2026-09-15,180
109,2026-09-15,195
109,2026-09-15,210
109,2026-09-15,225
109,2026-09-15,240
109,2026-09-15,255
109,2026-09-15,270
109,2026-09-15,285
109,2026-09-15,300
109,2026-09-15,315
109,2026-09-15,330
109,2026-09-15,345
109,2026-09-15,360
109,2026-09-15,375
109,2026-09-15,390
109,2026-09-15,405
109,2026-09-15,420
109,2026-09-15,435
109,2026-09-15,450
109,2026-09-15,465
109,2026-09-15,480
109,2026-09-15,495
109,2026-09-15,510
109,2026-09-15,525
109,2026-09-15,540
109,2026-09-15,555
109,2026-09-15,570
109,2026-09-15,585
109,2026-09-15,600
109,2026-09-15,615
109,2026-09-15,630
109,2026-09-15,645
109,2026-09-15,660
109,2026-09-15,675
109,2026-09-15,690
109,2026-09-15,705
109,2026-09-15,720
109,2026-09-15,735
109,2026-09-15,750
109,2026-09-15,765
109,2026-09-15,780
109,2026-09-15,795
109,2026-09-15,810
109,2026-09-15,825
109,2026-09-15,840
109,2026-09-15,855
109,2026-09-15,870
109,2026-09-15,885
109,2026-09-15,900
109,2026-09-15,915
109,2026-09-15,930
109,2026-09-15,945
109,2026-09-15,960
109,2026-09-15,975
109,2026-09-15,990
109,2026-09-15,1005
109,2026-09-15,1020
109,2026-09-15,1035
109,2026-09-15,1050
109,2026-09-15,1065
109,2026-09-15,1080
109,2026-09-15,1095
109,2026-09-15,1110
109,2026-09-15,1125
109,2026-09-15,1140
109,2026-09-15,1155
109,2026-09-15,1170
109,2026-09-15,1185
109,2026-09-15,1200
109,2026-09-15,1215
109,2026-09-15,1230
109,2026-09-15,1245
109,2026-09-15,1260
109,2026-09-15,1275
109,2026-09-15,1290
109,2026-09-15,1305
109,2026-09-15,1320
109,2026-09-15,1335
109,2026-09-15,1350
109,2026-09-15,1365
109,2026-09-15,1380
109,2026-09-15,1395
109,2026-09-15,1410
109,2026-09-15,1425
110,2026-09-15,0
110,2026-09-15,15
110,2026-09-15,30
110,2026-09-15,45
110,2026-09-15,60
110,2026-09-15,75
110,2026-09-15,90
110,2026-09-15,105
110,2026-09-15,120
110,2026-09-15,135
110,2026-09-15,150
110,2026-09-15,165
110,2026-09-15,180
110,2026-09-15,195
110,2026-09-15,210
110,2026-09-15,225
110,2026-09-15,240
110,2026-09-15,255
110,2026-09-15,270
110,2026-09-15,285
110,2026-09-15,300
110,2026-09-15,315
110,2026-09-15,330
110,2026-09-15,345
110,2026-09-15,360
110,2026-09-15,375
110,2026-09-15,390
110,2026-09-15,405
110,2026-09-15,420
110,2026-09-15,435
110,2026-09-15,450
110,2026-09-15,465
110,2026-09-15,480
110,2026-09-15,495
110,2026-09-15,510
110,2026-09-15,525
110,2026-09-15,540
110,2026-09-15,555
110,2026-09-15,570
110,2026-09-15,585
110,2026-09-15,600
110,2026-09-15,615
110,2026-09-15,630
110,2026-09-15,645
110,2026-09-15,660
110,2026-09-15,675
110,2026-09-15,690
110,2026-09-15,705
110,2026-09-15,720
110,2026-09-15,735
110,2026-09-15,750
110,2026-09-15,765
110,2026-09-15,780
110,2026-09-15,795
110,2026-09-15,810
110,2026-09-15,825
110,2026-09-15,840
110,2026-09-15,855
110,2026-09-15,870
110,2026-09-15,885
110,2026-09-15,900
110,2026-09-15,915
110,2026-09-15,930
110,2026-09-15,945
110,2026-09-15,960
110,2026-09-15,975
110,2026-09-15,990
110,2026-09-15,1005
110,2026-09-15,1020
110,2026-09-15,1035
110,2026-09-15,1050
110,2026-09-15,1065
110,2026-09-15,1080
110,2026-09-15,1095
110,2026-09-15,1110
110,2026-09-15,1125
110,2026-09-15,1140
110,2026-09-15,1155
110,2026-09-15,1170
110,2026-09-15,1185
110,2026-09-15,1200
110,2026-09-15,1215
110,2026-09-15,1230
110,2026-09-15,1245
110,2026-09-15,1260
110,2026-09-15,1275
110,2026-09-15,1290
110,2026-09-15,1305
110,2026-09-15,1320
110,2026-09-15,1335
110,2026-09-15,1350
110,2026-09-15,1365
110,2026-09-15,1380
110,2026-09-15,1395
110,2026-09-15,1410
110,2026-09-15,1425
111,2026-09-15,0
111,2026-09-15,15
111,2026-09-15,30
111,2026-09-15,45
111,2026-09-15,60
111,2026-09-15,75
111,2026-09-15,90
111,2026-09-15,105
111,2026-09-15,120
111,2026-09-15,135
111,2026-09-15,150
111,2026-09-15,165
111,2026-09-15,180
111,2026-09-15,195
111,2026-09-15,210
111,2026-09-15,225
111,2026-09-15,240
111,2026-09-15,255
111,2026-09-15,270
111,2026-09-15,285
111,2026-09-15,300
111,2026-09-15,315
111,2026-09-15,330
111,2026-09-15,345
111,2026-09-15,360
111,2026-09-15,375
111,2026-09-15,390
111,2026-09-15,405
111,2026-09-15,420
111,2026-09-15,435
111,2026-09-15,450
111,2026-09-15,465
111,2026-09-15,480
111,2026-09-15,495
111,2026-09-15,510
111,2026-09-15,525
111,2026-09-15,540
111,2026-09-15,555
111,2026-09-15,570
111,2026-09-15,585
111,2026-09-15,600
111,2026-09-15,615
111,2026-09-15,630
111,2026-09-15,645
111,2026-09-15,660
111,2026-09-15,675
111,2026-09-15,690
111,2026-09-15,705
111,2026-09-15,720
111,2026-09-15,735
111,2026-09-15,750
111,2026-09-15,765
111,2026-09-15,780
111,2026-09-15,795
111,2026-09-15,810
111,2026-09-15,825
111,2026-09-15,840
111,2026-09-15,855
111,2026-09-15,870
111,2026-09-15,885
111,2026-09-15,900
111,2026-09-15,915
111,2026-09-15,930
111,2026-09-15,945
111,2026-09-15,960
111,2026-09-15,975
111,2026-09-15,990
111,2026-09-15,1005
111,2026-09-15,1020
111,2026-09-15,1035
111,2026-09-15,1050
111,2026-09-15,1065
111,2026-09-15,1080
111,2026-09-15,1095
111,2026-09-15,1110
111,2026-09-15,1125
111,2026-09-15,1140
111,2026-09-15,1155
111,2026-09-15,1170
111,2026-09-15,1185
111,2026-09-15,1200
111,2026-09-15,1215
111,2026-09-15,1230
111,2026-09-15,1245
111,2026-09-15,1260
111,2026-09-15,1275
111,2026-09-15,1290
111,2026-09-15,1305
111,2026-09-15,1320
111,2026-09-15,1335
111,2026-09-15,1350
111,2026-09-15,1365
111,2026-09-15,1380
111,2026-09-15,1395
111,2026-09-15,1410
111,2026-09-15,1425
112,2026-09-15,0
112,2026-09-15,15
112,2026-09-15,30
112,2026-09-15,45
112,2026-09-15,60
112,2026-09-15,75
112,2026-09-15,90
112,2026-09-15,105
112,2026-09-15,120
112,2026-09-15,135
112,2026-09-15,150
112,2026-09-15,165
112,2026-09-15,180
112,2026-09-15,195
112,2026-09-15,210
112,2026-09-15,225
112,2026-09-15,240
112,2026-09-15,255
112,2026-09-15,270
112,2026-09-15,285
112,2026-09-15,300
112,2026-09-15,315
112,2026-09-15,330
112,2026-09-15,345
112,2026-09-15,360
112,2026-09-15,375
112,2026-09-15,390
112,2026-09-15,405
112,2026-09-15,420
112,2026-09-15,435
112,2026-09-15,450
112,2026-09-15,465
112,2026-09-15,480
112,2026-09-15,495
112,2026-09-15,510
112,2026-09-15,525
112,2026-09-15,660
112,2026-09-15,675
112,2026-09-15,690
112,2026-09-15,705
112,2026-09-15,720
112,2026-09-15,735
112,2026-09-15,750
112,2026-09-15,765
112,2026-09-15,780
112,2026-09-15,795
112,2026-09-15,810
112,2026-09-15,825
112,2026-09-15,840
112,2026-09-15,855
112,2026-09-15,870
112,2026-09-15,885
112,2026-09-15,900
112,2026-09-15,915
112,2026-09-15,930
112,2026-09-15,945
112,2026-09-15,960
112,2026-09-15,975
112,2026-09-15,990
112,2026-09-15,1005
112,2026-09-15,1020
112,2026-09-15,1035
112,2026-09-15,1050
112,2026-09-15,1065
112,2026-09-15,1080
112,2026-09-15,1095
112,2026-09-15,1110
112,2026-09-15,1125
112,2026-09-15,1140
112,2026-09-15,1155
112,2026-09-15,1170
112,2026-09-15,1185
112,2026-09-15,1200
112,2026-09-15,1215
112,2026-09-15,1230
112,2026-09-15,1245
112,2026-09-15,1260
112,2026-09-15,1275
112,2026-09-15,1290
112,2026-09-15,1305
112,2026-09-15,1320
112,2026-09-15,1335
112,2026-09-15,1350
112,2026-09-15,1365
112,2026-09-15,1380
112,2026-09-15,1395
112,2026-09-15,1410
112,2026-09-15,1425
113,2026-09-15,0
113,2026-09-15,15
113,2026-09-15,30
113,2026-09-15,45
113,2026-09-15,60
113,2026-09-15,75
113,2026-09-15,90
113,2026-09-15,105
113,2026-09-15,120
113,2026-09-15,135
113,2026-09-15,150
113,2026-09-15,165
113,2026-09-15,180
113,2026-09-15,195
113,2026-09-15,210
113,2026-09-15,225
113,2026-09-15,240
113,2026-09-15,255
113,2026-09-15,270
113,2026-09-15,285
113,2026-09-15,300
113,2026-09-15,315
113,2026-09-15,330
113,2026-09-15,345
113,2026-09-15,360
113,2026-09-15,375
113,2026-09-15,390
113,2026-09-15,405
113,2026-09-15,420
113,2026-09-15,435
113,2026-09-15,450
113,2026-09-15,465
113,2026-09-15,480
113,2026-09-15,495
113,2026-09-15,510
113,2026-09-15,525
113,2026-09-15,540
113,2026-09-15,555
114,2026-09-15,0
114,2026-09-15,15
114,2026-09-15,30
114,2026-09-15,45
114,2026-09-15,60
114,2026-09-15,75
114,2026-09-15,90
114,2026-09-15,105
114,2026-09-15,120
114,2026-09-15,135
114,2026-09-15,150
114,2026-09-15,165
114,2026-09-15,180
114,2026-09-15,195
114,2026-09-15,210
114,2026-09-15,225
114,2026-09-15,240
114,2026-09-15,255
114,2026-09-15,270
114,2026-09-15,285
114,2026-09-15,300
114,2026-09-15,315
114,2026-09-15,330
114,2026-09-15,345
114,2026-09-15,360
114,2026-09-15,375
114,2026-09-15,390
114,2026-09-15,405
114,2026-09-15,420
114,2026-09-15,435
114,2026-09-15,450
114,2026-09-15,465
114,2026-09-15,480
114,2026-09-15,495
114,2026-09-15,510
114,2026-09-15,525
114,2026-09-15,540
114,2026-09-15,555
114,2026-09-15,570
114,2026-09-15,585
114,2026-09-15,600
114,2026-09-15,615
114,2026-09-15,630
114,2026-09-15,1110
114,2026-09-15,1125
114,2026-09-15,1140
114,2026-09-15,1155
114,2026-09-15,1170
114,2026-09-15,1185
114,2026-09-15,1200
114,2026-09-15,1215
114,2026-09-15,1230
114,2026-09-15,1245
114,2026-09-15,1260
114,2026-09-15,1275
114,2026-09-15,1290
114,2026-09-15,1305
114,2026-09-15,1320
114,2026-09-15,1335
114,2026-09-15,1350
114,2026-09-15,1365
114,2026-09-15,1380
114,2026-09-15,1395
114,2026-09-15,1410
114,2026-09-15,1425
116,2026-09-15,0
116,2026-09-15,15
116,2026-09-15,30
116,2026-09-15,45
116,2026-09-15,60
116,2026-09-15,75
116,2026-09-15,90
116,2026-09-15,105
116,2026-09-15,120
116,2026-09-15,135
116,2026-09-15,150
116,2026-09-15,165
116,2026-09-15,180
116,2026-09-15,195
116,2026-09-15,210
116,2026-09-15,225
116,2026-09-15,240
116,2026-09-15,255
116,2026-09-15,270
116,2026-09-15,285
116,2026-09-15,300
116,2026-09-15,315
116,2026-09-15,330
116,2026-09-15,345
116,2026-09-15,360
116,2026-09-15,375
116,2026-09-15,390
116,2026-09-15,405
116,2026-09-15,420
116,2026-09-15,435
116,2026-09-15,450
116,2026-09-15,465
116,2026-09-15,480
116,2026-09-15,495
116,2026-09-15,810
116,2026-09-15,825
116,2026-09-15,840
116,2026-09-15,855
116,2026-09-15,870
116,2026-09-15,885
116,2026-09-15,900
116,2026-09-15,915
116,2026-09-15,930
116,2026-09-15,945
116,2026-09-15,960
116,2026-09-15,975
116,2026-09-15,990
116,2026-09-15,1005
116,2026-09-15,1020
116,2026-09-15,1035
116,2026-09-15,1050
116,2026-09-15,1065
116,2026-09-15,1080
116,2026-09-15,1095
116,2026-09-15,1110
116,2026-09-15,1125
116,2026-09-15,1140
116,2026-09-15,1155
116,2026-09-15,1170
116,2026-09-15,1185
116,2026-09-15,1200
116,2026-09-15,1215
116,2026-09-15,1230
116,2026-09-15,1245
116,2026-09-15,1260
116,2026-09-15,1275
116,2026-09-15,1290
116,2026-09-15,1305
116,2026-09-15,1320
116,2026-09-15,1335
116,2026-09-15,1350
116,2026-09-15,1365
116,2026-09-15,1380
116,2026-09-15,1395
116,2026-09-15,1410
116,2026-09-15,1425
117,2026-09-15,795
117,2026-09-15,810
117,2026-09-15,825
117,2026-09-15,840
117,2026-09-15,855
117,2026-09-15,870
117,2026-09-15,885
31,2026-09-16,0
31,2026-09-16,15
31,2026-09-16,30
31,2026-09-16,45
31,2026-09-16,60
31,2026-09-16,75
31,2026-09-16,90
31,2026-09-16,105
31,2026-09-16,120
31,2026-09-16,135
31,2026-09-16,150
31,2026-09-16,165
31,2026-09-16,180
31,2026-09-16,195
31,2026-09-16,210
31,2026-09-16,225
31,2026-09-16,240
31,2026-09-16,255
31,2026-09-16,270
31,2026-09-16,285
31,2026-09-16,300
31,2026-09-16,315
31,2026-09-16,330
31,2026-09-16,345
31,2026-09-16,360
31,2026-09-16,375
31,2026-09-16,390
31,2026-09-16,405
31,2026-09-16,420
31,2026-09-16,435
31,2026-09-16,450
31,2026-09-16,465
31,2026-09-16,480
31,2026-09-16,495
31,2026-09-16,510
31,2026-09-16,525
31,2026-09-16,540
31,2026-09-16,555
31,2026-09-16,570
31,2026-09-16,585
31,2026-09-16,600
31,2026-09-16,615
31,2026-09-16,630
31,2026-09-16,645
31,2026-09-16,660
31,2026-09-16,675
31,2026-09-16,690
31,2026-09-16,705
31,2026-09-16,720
31,2026-09-16,735
31,2026-09-16,750
31,2026-09-16,765
31,2026-09-16,780
31,2026-09-16,795
31,2026-09-16,810
31,2026-09-16,825
31,2026-09-16,840
31,2026-09-16,855
31,2026-09-16,870
31,2026-09-16,885
31,2026-09-16,900
31,2026-09-16,915
31,2026-09-16,930
31,2026-09-16,945
31,2026-09-16,960
31,2026-09-16,975
31,2026-09-16,990
31,2026-09-16,1005
31,2026-09-16,1020
31,2026-09-16,1035
31,2026-09-16,1050
31,2026-09-16,1065
31,2026-09-16,1080
31,2026-09-16,1095
31,2026-09-16,1110
31,2026-09-16,1125
31,2026-09-16,1140
31,2026-09-16,1155
31,2026-09-16,1170
31,2026-09-16,1185
31,2026-09-16,1200
31,2026-09-16,1215
31,2026-09-16,1230
31,2026-09-16,1245
31,2026-09-16,1260
31,2026-09-16,1275
31,2026-09-16,1290
31,2026-09-16,1305
31,2026-09-16,1320
31,2026-09-16,1335
31,2026-09-16,1350
31,2026-09-16,1365
31,2026-09-16,1380
31,2026-09-16,1395
31,2026-09-16,1410
31,2026-09-16,1425
45,2026-09-16,0
45,2026-09-16,15
45,2026-09-16,30
45,2026-09-16,45
45,2026-09-16,60
45,2026-09-16,75
45,2026-09-16,90
45,2026-09-16,105
45,2026-09-16,120
45,2026-09-16,135
45,2026-09-16,150
45,2026-09-16,165
45,2026-09-16,180
45,2026-09-16,195
45,2026-09-16,210
45,2026-09-16,225
45,2026-09-16,240
45,2026-09-16,255
45,2026-09-16,270
45,2026-09-16,285
45,2026-09-16,300
45,2026-09-16,315
45,2026-09-16,330
45,2026-09-16,345
45,2026-09-16,360
45,2026-09-16,375
45,2026-09-16,390
45,2026-09-16,405
45,2026-09-16,420
45,2026-09-16,435
45,2026-09-16,450
45,2026-09-16,465
45,2026-09-16,480
45,2026-09-16,495
45,2026-09-16,510
45,2026-09-16,525
45,2026-09-16,540
45,2026-09-16,555
45,2026-09-16,570
45,2026-09-16,585
45,2026-09-16,600
45,2026-09-16,615
45,2026-09-16,630
45,2026-09-16,645
45,2026-09-16,660
45,2026-09-16,675
45,2026-09-16,690
45,2026-09-16,705
45,2026-09-16,720
45,2026-09-16,735
45,2026-09-16,750
45,2026-09-16,765
45,2026-09-16,780
45,2026-09-16,795
45,2026-09-16,810
45,2026-09-16,825
45,2026-09-16,840
45,2026-09-16,855
45,2026-09-16,870
45,2026-09-16,885
45,2026-09-16,900
45,2026-09-16,915
45,2026-09-16,930
45,2026-09-16,945
45,2026-09-16,960
45,2026-09-16,975
45,2026-09-16,990
45,2026-09-16,1005
45,2026-09-16,1020
45,2026-09-16,1035
45,2026-09-16,1050
45,2026-09-16,1065
45,2026-09-16,1080
45,2026-09-16,1095
45,2026-09-16,1110
45,2026-09-16,1125
45,2026-09-16,1140
45,2026-09-16,1155
45,2026-09-16,1170
45,2026-09-16,1185
45,2026-09-16,1200
45,2026-09-16,1215
45,2026-09-16,1230
45,2026-09-16,1245
45,2026-09-16,1260
45,2026-09-16,1275
45,2026-09-16,1290
45,2026-09-16,1305
45,2026-09-16,1320
45,2026-09-16,1335
45,2026-09-16,1350
45,2026-09-16,1365
45,2026-09-16,1380
45,2026-09-16,1395
45,2026-09-16,1410
45,2026-09-16,1425
67,2026-09-16,0
67,2026-09-16,15
67,2026-09-16,30
67,2026-09-16,45
67,2026-09-16,60
67,2026-09-16,75
67,2026-09-16,90
67,2026-09-16,105
67,2026-09-16,120
67,2026-09-16,135
67,2026-09-16,150
67,2026-09-16,165
67,2026-09-16,180
67,2026-09-16,195
67,2026-09-16,210
67,2026-09-16,225
67,2026-09-16,240
67,2026-09-16,255
67,2026-09-16,270
67,2026-09-16,285
67,2026-09-16,300
67,2026-09-16,315
67,2026-09-16,330
67,2026-09-16,345
67,2026-09-16,360
67,2026-09-16,375
67,2026-09-16,390
67,2026-09-16,405
67,2026-09-16,420
67,2026-09-16,435
67,2026-09-16,450
67,2026-09-16,465
67,2026-09-16,480
67,2026-09-16,495
67,2026-09-16,510
67,2026-09-16,525
67,2026-09-16,540
67,2026-09-16,555
67,2026-09-16,570
67,2026-09-16,585
67,2026-09-16,600
67,2026-09-16,615
67,2026-09-16,630
67,2026-09-16,645
67,2026-09-16,660
67,2026-09-16,675
67,2026-09-16,690
67,2026-09-16,705
67,2026-09-16,720
67,2026-09-16,735
67,2026-09-16,750
67,2026-09-16,765
67,2026-09-16,780
67,2026-09-16,795
67,2026-09-16,810
67,2026-09-16,825
67,2026-09-16,840
67,2026-09-16,855
67,2026-09-16,870
67,2026-09-16,885
67,2026-09-16,900
67,2026-09-16,915
67,2026-09-16,930
67,2026-09-16,945
67,2026-09-16,960
67,2026-09-16,975
67,2026-09-16,990
67,2026-09-16,1005
67,2026-09-16,1020
67,2026-09-16,1035
67,2026-09-16,1050
67,2026-09-16,1065
67,2026-09-16,1080
67,2026-09-16,1095
67,2026-09-16,1110
67,2026-09-16,1125
67,2026-09-16,1140
67,2026-09-16,1155
67,2026-09-16,1170
67,2026-09-16,1185
67,2026-09-16,1200
67,2026-09-16,1215
67,2026-09-16,1230
67,2026-09-16,1245
67,2026-09-16,1260
67,2026-09-16,1275
67,2026-09-16,1290
67,2026-09-16,1305
67,2026-09-16,1320
67,2026-09-16,1335
67,2026-09-16,1350
67,2026-09-16,1365
67,2026-09-16,1380
67,2026-09-16,1395
67,2026-09-16,1410
67,2026-09-16,1425
70,2026-09-16,0
70,2026-09-16,15
70,2026-09-16,30
70,2026-09-16,45
70,2026-09-16,60
70,2026-09-16,75
70,2026-09-16,90
70,2026-09-16,105
70,2026-09-16,120
70,2026-09-16,135
70,2026-09-16,150
70,2026-09-16,165
70,2026-09-16,180
70,2026-09-16,195
70,2026-09-16,210
70,2026-09-16,225
70,2026-09-16,240
70,2026-09-16,255
70,2026-09-16,270
70,2026-09-16,285
70,2026-09-16,300
70,2026-09-16,315
70,2026-09-16,330
70,2026-09-16,345
70,2026-09-16,360
70,2026-09-16,375
70,2026-09-16,390
70,2026-09-16,405
70,2026-09-16,420
70,2026-09-16,435
70,2026-09-16,450
70,2026-09-16,465
70,2026-09-16,480
70,2026-09-16,495
70,2026-09-16,510
70,2026-09-16,525
70,2026-09-16,540
70,2026-09-16,555
70,2026-09-16,570
70,2026-09-16,585
70,2026-09-16,600
70,2026-09-16,615
70,2026-09-16,630
70,2026-09-16,645
70,2026-09-16,660
70,2026-09-16,675
70,2026-09-16,690
70,2026-09-16,705
70,2026-09-16,720
70,2026-09-16,735
70,2026-09-16,750
70,2026-09-16,765
70,2026-09-16,780
70,2026-09-16,795
70,2026-09-16,810
70,2026-09-16,825
70,2026-09-16,840
70,2026-09-16,855
70,2026-09-16,870
70,2026-09-16,885
70,2026-09-16,900
70,2026-09-16,915
70,2026-09-16,930
70,2026-09-16,945
70,2026-09-16,960
70,2026-09-16,975
70,2026-09-16,990
70,2026-09-16,1005
70,2026-09-16,1020
70,2026-09-16,1035
70,2026-09-16,1050
70,2026-09-16,1065
70,2026-09-16,1080
70,2026-09-16,1095
70,2026-09-16,1110
70,2026-09-16,1125
70,2026-09-16,1140
70,2026-09-16,1155
70,2026-09-16,1170
70,2026-09-16,1185
70,2026-09-16,1200
70,2026-09-16,1215
70,2026-09-16,1230
70,2026-09-16,1245
70,2026-09-16,1260
70,2026-09-16,1275
70,2026-09-16,1290
70,2026-09-16,1305
70,2026-09-16,1320
70,2026-09-16,1335
70,2026-09-16,1350
70,2026-09-16,1365
70,2026-09-16,1380
70,2026-09-16,1395
70,2026-09-16,1410
70,2026-09-16,1425
91,2026-09-16,0
91,2026-09-16,15
91,2026-09-16,30
91,2026-09-16,45
91,2026-09-16,60
91,2026-09-16,75
91,2026-09-16,90
91,2026-09-16,105
91,2026-09-16,120
91,2026-09-16,135
91,2026-09-16,150
91,2026-09-16,165
91,2026-09-16,180
91,2026-09-16,195
91,2026-09-16,210
91,2026-09-16,225
91,2026-09-16,240
91,2026-09-16,255
91,2026-09-16,270
91,2026-09-16,285
91,2026-09-16,300
91,2026-09-16,315
91,2026-09-16,330
91,2026-09-16,345
91,2026-09-16,360
91,2026-09-16,375
91,2026-09-16,390
91,2026-09-16,405
91,2026-09-16,420
91,2026-09-16,435
91,2026-09-16,450
91,2026-09-16,465
91,2026-09-16,480
91,2026-09-16,495
91,2026-09-16,510
91,2026-09-16,525
91,2026-09-16,540
91,2026-09-16,555
91,2026-09-16,570
91,2026-09-16,585
91,2026-09-16,600
91,2026-09-16,615
91,2026-09-16,630
91,2026-09-16,645
91,2026-09-16,660
91,2026-09-16,675
91,2026-09-16,690
91,2026-09-16,705
91,2026-09-16,720
91,2026-09-16,735
91,2026-09-16,750
91,2026-09-16,765
91,2026-09-16,780
91,2026-09-16,795
91,2026-09-16,810
91,2026-09-16,825
91,2026-09-16,840
91,2026-09-16,855
91,2026-09-16,870
91,2026-09-16,885
91,2026-09-16,900
91,2026-09-16,915
91,2026-09-16,930
91,2026-09-16,945
91,2026-09-16,960
91,2026-09-16,975
91,2026-09-16,990
91,2026-09-16,1005
91,2026-09-16,1020
91,2026-09-16,1035
91,2026-09-16,1050
91,2026-09-16,1065
91,2026-09-16,1080
91,2026-09-16,1095
91,2026-09-16,1110
91,2026-09-16,1125
91,2026-09-16,1140
91,2026-09-16,1155
91,2026-09-16,1170
91,2026-09-16,1185
91,2026-09-16,1200
91,2026-09-16,1215
91,2026-09-16,1230
91,2026-09-16,1245
91,2026-09-16,1260
91,2026-09-16,1275
91,2026-09-16,1290
91,2026-09-16,1305
91,2026-09-16,1320
91,2026-09-16,1335
91,2026-09-16,1350
91,2026-09-16,1365
91,2026-09-16,1380
91,2026-09-16,1395
91,2026-09-16,1410
91,2026-09-16,1425
92,2026-09-16,0
92,2026-09-16,15
92,2026-09-16,30
92,2026-09-16,45
92,2026-09-16,60
92,2026-09-16,75
92,2026-09-16,90
92,2026-09-16,105
92,2026-09-16,120
92,2026-09-16,135
92,2026-09-16,150
92,2026-09-16,165
92,2026-09-16,180
92,2026-09-16,195
92,2026-09-16,210
92,2026-09-16,225
92,2026-09-16,240
92,2026-09-16,255
92,2026-09-16,270
92,2026-09-16,285
92,2026-09-16,300
92,2026-09-16,315
92,2026-09-16,330
92,2026-09-16,345
92,2026-09-16,360
92,2026-09-16,375
92,2026-09-16,390
92,2026-09-16,405
92,2026-09-16,420
92,2026-09-16,435
92,2026-09-16,450
92,2026-09-16,465
92,2026-09-16,480
92,2026-09-16,495
92,2026-09-16,510
92,2026-09-16,525
92,2026-09-16,540
92,2026-09-16,555
92,2026-09-16,570
92,2026-09-16,585
92,2026-09-16,600
92,2026-09-16,615
92,2026-09-16,630
92,2026-09-16,645
92,2026-09-16,660
92,2026-09-16,675
92,2026-09-16,690
92,2026-09-16,705
92,2026-09-16,720
92,2026-09-16,735
92,2026-09-16,750
92,2026-09-16,765
92,2026-09-16,780
92,2026-09-16,795
92,2026-09-16,810
92,2026-09-16,825
92,2026-09-16,840
92,2026-09-16,855
92,2026-09-16,870
92,2026-09-16,885
92,2026-09-16,900
92,2026-09-16,915
92,2026-09-16,930
92,2026-09-16,945
92,2026-09-16,960
92,2026-09-16,975
92,2026-09-16,990
92,2026-09-16,1005
92,2026-09-16,1020
92,2026-09-16,1035
92,2026-09-16,1050
92,2026-09-16,1065
92,2026-09-16,1080
92,2026-09-16,1095
92,2026-09-16,1110
92,2026-09-16,1125
92,2026-09-16,1140
92,2026-09-16,1155
92,2026-09-16,1170
92,2026-09-16,1185
92,2026-09-16,1200
92,2026-09-16,1215
92,2026-09-16,1230
92,2026-09-16,1245
92,2026-09-16,1260
92,2026-09-16,1275
92,2026-09-16,1290
92,2026-09-16,1305
92,2026-09-16,1320
92,2026-09-16,1335
92,2026-09-16,1350
92,2026-09-16,1365
92,2026-09-16,1380
92,2026-09-16,1395
92,2026-09-16,1410
92,2026-09-16,1425
93,2026-09-16,0
93,2026-09-16,15
93,2026-09-16,30
93,2026-09-16,45
93,2026-09-16,60
93,2026-09-16,75
93,2026-09-16,90
93,2026-09-16,105
93,2026-09-16,120
93,2026-09-16,135
93,2026-09-16,150
93,2026-09-16,165
93,2026-09-16,180
93,2026-09-16,195
93,2026-09-16,210
93,2026-09-16,225
93,2026-09-16,240
93,2026-09-16,255
93,2026-09-16,270
93,2026-09-16,285
93,2026-09-16,300
93,2026-09-16,315
93,2026-09-16,330
93,2026-09-16,345
93,2026-09-16,360
93,2026-09-16,375
93,2026-09-16,390
93,2026-09-16,405
93,2026-09-16,420
93,2026-09-16,435
93,2026-09-16,450
93,2026-09-16,465
93,2026-09-16,480
93,2026-09-16,495
93,2026-09-16,510
93,2026-09-16,525
93,2026-09-16,540
93,2026-09-16,555
93,2026-09-16,570
93,2026-09-16,585
93,2026-09-16,600
93,2026-09-16,615
93,2026-09-16,630
93,2026-09-16,645
93,2026-09-16,660
93,2026-09-16,675
93,2026-09-16,690
93,2026-09-16,705
93,2026-09-16,720
93,2026-09-16,735
93,2026-09-16,750
93,2026-09-16,765
93,2026-09-16,780
93,2026-09-16,795
93,2026-09-16,810
93,2026-09-16,825
93,2026-09-16,840
93,2026-09-16,855
93,2026-09-16,870
93,2026-09-16,885
93,2026-09-16,900
93,2026-09-16,915
93,2026-09-16,930
93,2026-09-16,945
93,2026-09-16,960
93,2026-09-16,975
93,2026-09-16,990
93,2026-09-16,1005
93,2026-09-16,1020
93,2026-09-16,1035
93,2026-09-16,1050
93,2026-09-16,1065
93,2026-09-16,1080
93,2026-09-16,1095
93,2026-09-16,1110
93,2026-09-16,1125
93,2026-09-16,1140
93,2026-09-16,1155
93,2026-09-16,1170
93,2026-09-16,1185
93,2026-09-16,1200
93,2026-09-16,1215
93,2026-09-16,1230
93,2026-09-16,1245
93,2026-09-16,1260
93,2026-09-16,1275
93,2026-09-16,1290
93,2026-09-16,1305
93,2026-09-16,1320
93,2026-09-16,1335
93,2026-09-16,1350
93,2026-09-16,1365
93,2026-09-16,1380
93,2026-09-16,1395
93,2026-09-16,1410
93,2026-09-16,1425
94,2026-09-16,0
94,2026-09-16,15
94,2026-09-16,30
94,2026-09-16,45
94,2026-09-16,60
94,2026-09-16,75
94,2026-09-16,90
94,2026-09-16,105
94,2026-09-16,120
94,2026-09-16,135
94,2026-09-16,150
94,2026-09-16,165
94,2026-09-16,180
94,2026-09-16,195
94,2026-09-16,210
94,2026-09-16,225
94,2026-09-16,240
94,2026-09-16,255
94,2026-09-16,270
94,2026-09-16,285
94,2026-09-16,300
94,2026-09-16,315
94,2026-09-16,330
94,2026-09-16,345
94,2026-09-16,360
94,2026-09-16,375
94,2026-09-16,390
94,2026-09-16,405
94,2026-09-16,420
94,2026-09-16,435
94,2026-09-16,450
94,2026-09-16,465
94,2026-09-16,480
94,2026-09-16,495
94,2026-09-16,510
94,2026-09-16,525
94,2026-09-16,540
94,2026-09-16,555
94,2026-09-16,570
94,2026-09-16,585
94,2026-09-16,600
94,2026-09-16,615
94,2026-09-16,630
94,2026-09-16,645
94,2026-09-16,660
94,2026-09-16,675
94,2026-09-16,690
94,2026-09-16,705
94,2026-09-16,720
94,2026-09-16,735
94,2026-09-16,750
94,2026-09-16,765
94,2026-09-16,780
94,2026-09-16,795
94,2026-09-16,810
94,2026-09-16,825
94,2026-09-16,840
94,2026-09-16,855
94,2026-09-16,870
94,2026-09-16,885
94,2026-09-16,900
94,2026-09-16,915
94,2026-09-16,930
94,2026-09-16,945
94,2026-09-16,960
94,2026-09-16,975
94,2026-09-16,990
94,2026-09-16,1005
94,2026-09-16,1020
94,2026-09-16,1035
94,2026-09-16,1050
94,2026-09-16,1065
94,2026-09-16,1080
94,2026-09-16,1095
94,2026-09-16,1110
94,2026-09-16,1125
94,2026-09-16,1140
94,2026-09-16,1155
94,2026-09-16,1170
94,2026-09-16,1185
94,2026-09-16,1200
94,2026-09-16,1215
94,2026-09-16,1230
94,2026-09-16,1245
94,2026-09-16,1260
94,2026-09-16,1275
94,2026-09-16,1290
94,2026-09-16,1305
94,2026-09-16,1320
94,2026-09-16,1335
94,2026-09-16,1350
94,2026-09-16,1365
94,2026-09-16,1380
94,2026-09-16,1395
94,2026-09-16,1410
94,2026-09-16,1425
95,2026-09-16,0
95,2026-09-16,15
95,2026-09-16,30
95,2026-09-16,45
95,2026-09-16,60
95,2026-09-16,75
95,2026-09-16,90
95,2026-09-16,105
95,2026-09-16,120
95,2026-09-16,135
95,2026-09-16,150
95,2026-09-16,165
95,2026-09-16,180
95,2026-09-16,195
95,2026-09-16,210
95,2026-09-16,225
95,2026-09-16,240
95,2026-09-16,255
95,2026-09-16,270
95,2026-09-16,285
95,2026-09-16,300
95,2026-09-16,315
95,2026-09-16,330
95,2026-09-16,345
95,2026-09-16,360
95,2026-09-16,375
95,2026-09-16,390
95,2026-09-16,405
95,2026-09-16,420
95,2026-09-16,435
95,2026-09-16,450
95,2026-09-16,465
95,2026-09-16,480
95,2026-09-16,495
95,2026-09-16,510
95,2026-09-16,525
95,2026-09-16,540
95,2026-09-16,555
95,2026-09-16,570
95,2026-09-16,585
95,2026-09-16,600
95,2026-09-16,615
95,2026-09-16,630
95,2026-09-16,645
95,2026-09-16,660
95,2026-09-16,675
95,2026-09-16,690
95,2026-09-16,705
95,2026-09-16,720
95,2026-09-16,735
95,2026-09-16,750
95,2026-09-16,765
95,2026-09-16,780
95,2026-09-16,795
95,2026-09-16,810
95,2026-09-16,825
95,2026-09-16,840
95,2026-09-16,855
95,2026-09-16,870
95,2026-09-16,885
95,2026-09-16,900
95,2026-09-16,915
95,2026-09-16,930
95,2026-09-16,945
95,2026-09-16,960
95,2026-09-16,975
95,2026-09-16,990
95,2026-09-16,1005
95,2026-09-16,1020
95,2026-09-16,1035
95,2026-09-16,1050
95,2026-09-16,1065
95,2026-09-16,1080
95,2026-09-16,1095
95,2026-09-16,1110
95,2026-09-16,1125
95,2026-09-16,1140
95,2026-09-16,1155
95,2026-09-16,1170
95,2026-09-16,1185
95,2026-09-16,1200
95,2026-09-16,1215
95,2026-09-16,1230
95,2026-09-16,1245
95,2026-09-16,1260
95,2026-09-16,1275
95,2026-09-16,1290
95,2026-09-16,1305
95,2026-09-16,1320
95,2026-09-16,1335
95,2026-09-16,1350
95,2026-09-16,1365
95,2026-09-16,1380
95,2026-09-16,1395
95,2026-09-16,1410
95,2026-09-16,1425
96,2026-09-16,0
96,2026-09-16,15
96,2026-09-16,30
96,2026-09-16,45
96,2026-09-16,60
96,2026-09-16,75
96,2026-09-16,90
96,2026-09-16,105
96,2026-09-16,120
96,2026-09-16,135
96,2026-09-16,150
96,2026-09-16,165
96,2026-09-16,180
96,2026-09-16,195
96,2026-09-16,210
96,2026-09-16,225
96,2026-09-16,240
96,2026-09-16,255
96,2026-09-16,270
96,2026-09-16,285
96,2026-09-16,300
96,2026-09-16,315
96,2026-09-16,330
96,2026-09-16,345
96,2026-09-16,360
96,2026-09-16,375
96,2026-09-16,390
96,2026-09-16,405
96,2026-09-16,420
96,2026-09-16,435
96,2026-09-16,450
96,2026-09-16,465
96,2026-09-16,480
96,2026-09-16,495
96,2026-09-16,510
96,2026-09-16,525
96,2026-09-16,540
96,2026-09-16,555
96,2026-09-16,570
96,2026-09-16,585
96,2026-09-16,600
96,2026-09-16,615
96,2026-09-16,630
96,2026-09-16,645
96,2026-09-16,660
96,2026-09-16,675
96,2026-09-16,690
96,2026-09-16,705
96,2026-09-16,720
96,2026-09-16,735
96,2026-09-16,750
96,2026-09-16,765
96,2026-09-16,780
96,2026-09-16,795
96,2026-09-16,810
96,2026-09-16,825
96,2026-09-16,840
96,2026-09-16,855
96,2026-09-16,870
96,2026-09-16,885
96,2026-09-16,900
96,2026-09-16,915
96,2026-09-16,930
96,2026-09-16,945
96,2026-09-16,960
96,2026-09-16,975
96,2026-09-16,990
96,2026-09-16,1005
96,2026-09-16,1020
96,2026-09-16,1035
96,2026-09-16,1050
96,2026-09-16,1065
96,2026-09-16,1080
96,2026-09-16,1095
96,2026-09-16,1110
96,2026-09-16,1125
96,2026-09-16,1140
96,2026-09-16,1155
96,2026-09-16,1170
96,2026-09-16,1185
96,2026-09-16,1200
96,2026-09-16,1215
96,2026-09-16,1230
96,2026-09-16,1245
96,2026-09-16,1260
96,2026-09-16,1275
96,2026-09-16,1290
96,2026-09-16,1305
96,2026-09-16,1320
96,2026-09-16,1335
96,2026-09-16,1350
96,2026-09-16,1365
96,2026-09-16,1380
96,2026-09-16,1395
96,2026-09-16,1410
96,2026-09-16,1425
97,2026-09-16,0
97,2026-09-16,15
97,2026-09-16,30
97,2026-09-16,45
97,2026-09-16,60
97,2026-09-16,75
97,2026-09-16,90
97,2026-09-16,105
97,2026-09-16,120
97,2026-09-16,135
97,2026-09-16,150
97,2026-09-16,165
97,2026-09-16,180
97,2026-09-16,195
97,2026-09-16,210
97,2026-09-16,225
97,2026-09-16,240
97,2026-09-16,255
97,2026-09-16,270
97,2026-09-16,285
97,2026-09-16,300
97,2026-09-16,315
97,2026-09-16,330
97,2026-09-16,345
97,2026-09-16,360
97,2026-09-16,375
97,2026-09-16,390
97,2026-09-16,405
97,2026-09-16,420
97,2026-09-16,435
97,2026-09-16,450
97,2026-09-16,465
97,2026-09-16,480
97,2026-09-16,495
97,2026-09-16,510
97,2026-09-16,525
97,2026-09-16,540
97,2026-09-16,555
97,2026-09-16,570
97,2026-09-16,585
97,2026-09-16,600
97,2026-09-16,615
97,2026-09-16,630
97,2026-09-16,645
97,2026-09-16,660
97,2026-09-16,675
97,2026-09-16,690
97,2026-09-16,705
97,2026-09-16,720
97,2026-09-16,735
97,2026-09-16,750
97,2026-09-16,765
97,2026-09-16,780
97,2026-09-16,795
97,2026-09-16,810
97,2026-09-16,825
97,2026-09-16,840
97,2026-09-16,855
97,2026-09-16,870
97,2026-09-16,885
97,2026-09-16,900
97,2026-09-16,915
97,2026-09-16,930
97,2026-09-16,945
97,2026-09-16,960
97,2026-09-16,975
97,2026-09-16,990
97,2026-09-16,1005
97,2026-09-16,1020
97,2026-09-16,1035
97,2026-09-16,1050
97,2026-09-16,1065
97,2026-09-16,1080
97,2026-09-16,1095
97,2026-09-16,1110
97,2026-09-16,1125
97,2026-09-16,1140
97,2026-09-16,1155
97,2026-09-16,1170
97,2026-09-16,1185
97,2026-09-16,1200
97,2026-09-16,1215
97,2026-09-16,1230
97,2026-09-16,1245
97,2026-09-16,1260
97,2026-09-16,1275
97,2026-09-16,1290
97,2026-09-16,1305
97,2026-09-16,1320
97,2026-09-16,1335
97,2026-09-16,1350
97,2026-09-16,1365
97,2026-09-16,1380
97,2026-09-16,1395
97,2026-09-16,1410
97,2026-09-16,1425
98,2026-09-16,0
98,2026-09-16,15
98,2026-09-16,30
98,2026-09-16,45
98,2026-09-16,60
98,2026-09-16,75
98,2026-09-16,90
98,2026-09-16,105
98,2026-09-16,120
98,2026-09-16,135
98,2026-09-16,150
98,2026-09-16,165
98,2026-09-16,180
98,2026-09-16,195
98,2026-09-16,210
98,2026-09-16,225
98,2026-09-16,240
98,2026-09-16,255
98,2026-09-16,270
98,2026-09-16,285
98,2026-09-16,300
98,2026-09-16,315
98,2026-09-16,330
98,2026-09-16,345
98,2026-09-16,360
98,2026-09-16,375
98,2026-09-16,390
98,2026-09-16,405
98,2026-09-16,420
98,2026-09-16,435
98,2026-09-16,450
98,2026-09-16,465
98,2026-09-16,480
98,2026-09-16,495
98,2026-09-16,510
98,2026-09-16,525
98,2026-09-16,540
98,2026-09-16,555
98,2026-09-16,570
98,2026-09-16,585
98,2026-09-16,600
98,2026-09-16,615
98,2026-09-16,630
98,2026-09-16,645
98,2026-09-16,660
98,2026-09-16,675
98,2026-09-16,690
98,2026-09-16,705
98,2026-09-16,720
98,2026-09-16,735
98,2026-09-16,750
98,2026-09-16,765
98,2026-09-16,780
98,2026-09-16,795
98,2026-09-16,810
98,2026-09-16,825
98,2026-09-16,840
98,2026-09-16,855
98,2026-09-16,870
98,2026-09-16,885
98,2026-09-16,900
98,2026-09-16,915
98,2026-09-16,930
98,2026-09-16,945
98,2026-09-16,960
98,2026-09-16,975
98,2026-09-16,990
98,2026-09-16,1005
98,2026-09-16,1020
98,2026-09-16,1035
98,2026-09-16,1050
98,2026-09-16,1065
98,2026-09-16,1080
98,2026-09-16,1095
98,2026-09-16,1110
98,2026-09-16,1125
98,2026-09-16,1140
98,2026-09-16,1155
98,2026-09-16,1170
98,2026-09-16,1185
98,2026-09-16,1200
98,2026-09-16,1215
98,2026-09-16,1230
98,2026-09-16,1245
98,2026-09-16,1260
98,2026-09-16,1275
98,2026-09-16,1290
98,2026-09-16,1305
98,2026-09-16,1320
98,2026-09-16,1335
98,2026-09-16,1350
98,2026-09-16,1365
98,2026-09-16,1380
98,2026-09-16,1395
98,2026-09-16,1410
98,2026-09-16,1425
99,2026-09-16,0
99,2026-09-16,15
99,2026-09-16,30
99,2026-09-16,45
99,2026-09-16,60
99,2026-09-16,75
99,2026-09-16,90
99,2026-09-16,105
99,2026-09-16,120
99,2026-09-16,135
99,2026-09-16,150
99,2026-09-16,165
99,2026-09-16,180
99,2026-09-16,195
99,2026-09-16,210
99,2026-09-16,225
99,2026-09-16,240
99,2026-09-16,255
99,2026-09-16,270
99,2026-09-16,285
99,2026-09-16,300
99,2026-09-16,315
99,2026-09-16,330
99,2026-09-16,345
99,2026-09-16,360
99,2026-09-16,375
99,2026-09-16,390
99,2026-09-16,405
99,2026-09-16,420
99,2026-09-16,435
99,2026-09-16,450
99,2026-09-16,465
99,2026-09-16,480
99,2026-09-16,495
99,2026-09-16,510
99,2026-09-16,525
99,2026-09-16,540
99,2026-09-16,555
99,2026-09-16,570
99,2026-09-16,585
99,2026-09-16,600
99,2026-09-16,615
99,2026-09-16,630
99,2026-09-16,645
99,2026-09-16,660
99,2026-09-16,675
99,2026-09-16,690
99,2026-09-16,705
99,2026-09-16,720
99,2026-09-16,735
99,2026-09-16,750
99,2026-09-16,765
99,2026-09-16,780
99,2026-09-16,795
99,2026-09-16,810
99,2026-09-16,825
99,2026-09-16,840
99,2026-09-16,855
99,2026-09-16,870
99,2026-09-16,885
99,2026-09-16,900
99,2026-09-16,915
99,2026-09-16,930
99,2026-09-16,945
99,2026-09-16,960
99,2026-09-16,975
99,2026-09-16,990
99,2026-09-16,1005
99,2026-09-16,1020
99,2026-09-16,1035
99,2026-09-16,1050
99,2026-09-16,1065
99,2026-09-16,1080
99,2026-09-16,1095
99,2026-09-16,1110
99,2026-09-16,1125
99,2026-09-16,1140
99,2026-09-16,1155
99,2026-09-16,1170
99,2026-09-16,1185
99,2026-09-16,1200
99,2026-09-16,1215
99,2026-09-16,1230
99,2026-09-16,1245
99,2026-09-16,1260
99,2026-09-16,1275
99,2026-09-16,1290
99,2026-09-16,1305
99,2026-09-16,1320
99,2026-09-16,1335
99,2026-09-16,1350
99,2026-09-16,1365
99,2026-09-16,1380
99,2026-09-16,1395
99,2026-09-16,1410
99,2026-09-16,1425
100,2026-09-16,0
100,2026-09-16,15
100,2026-09-16,30
100,2026-09-16,45
100,2026-09-16,60
100,2026-09-16,75
100,2026-09-16,90
100,2026-09-16,105
100,2026-09-16,120
100,2026-09-16,135
100,2026-09-16,150
100,2026-09-16,165
100,2026-09-16,180
100,2026-09-16,195
100,2026-09-16,210
100,2026-09-16,225
100,2026-09-16,240
100,2026-09-16,255
100,2026-09-16,270
100,2026-09-16,285
100,2026-09-16,300
100,2026-09-16,315
100,2026-09-16,330
100,2026-09-16,345
100,2026-09-16,360
100,2026-09-16,375
100,2026-09-16,390
100,2026-09-16,405
100,2026-09-16,420
100,2026-09-16,435
100,2026-09-16,450
100,2026-09-16,465
100,2026-09-16,480
100,2026-09-16,495
100,2026-09-16,510
100,2026-09-16,525
100,2026-09-16,540
100,2026-09-16,555
100,2026-09-16,570
100,2026-09-16,585
100,2026-09-16,600
100,2026-09-16,615
100,2026-09-16,630
100,2026-09-16,645
100,2026-09-16,660
100,2026-09-16,675
100,2026-09-16,690
100,2026-09-16,705
100,2026-09-16,720
100,2026-09-16,735
100,2026-09-16,750
100,2026-09-16,765
100,2026-09-16,780
100,2026-09-16,795
100,2026-09-16,810
100,2026-09-16,825
100,2026-09-16,840
100,2026-09-16,855
100,2026-09-16,870
100,2026-09-16,885
100,2026-09-16,900
100,2026-09-16,915
100,2026-09-16,930
100,2026-09-16,945
100,2026-09-16,960
100,2026-09-16,975
100,2026-09-16,990
100,2026-09-16,1005
100,2026-09-16,1020
100,2026-09-16,1035
100,2026-09-16,1050
100,2026-09-16,1065
100,2026-09-16,1080
100,2026-09-16,1095
100,2026-09-16,1110
100,2026-09-16,1125
100,2026-09-16,1140
100,2026-09-16,1155
100,2026-09-16,1170
100,2026-09-16,1185
100,2026-09-16,1200
100,2026-09-16,1215
100,2026-09-16,1230
100,2026-09-16,1245
100,2026-09-16,1260
100,2026-09-16,1275
100,2026-09-16,1290
100,2026-09-16,1305
100,2026-09-16,1320
100,2026-09-16,1335
100,2026-09-16,1350
100,2026-09-16,1365
100,2026-09-16,1380
100,2026-09-16,1395
100,2026-09-16,1410
100,2026-09-16,1425
101,2026-09-16,0
101,2026-09-16,15
101,2026-09-16,30
101,2026-09-16,45
101,2026-09-16,60
101,2026-09-16,75
101,2026-09-16,90
101,2026-09-16,105
101,2026-09-16,120
101,2026-09-16,135
101,2026-09-16,150
101,2026-09-16,165
101,2026-09-16,180
101,2026-09-16,195
101,2026-09-16,210
101,2026-09-16,225
101,2026-09-16,240
101,2026-09-16,255
101,2026-09-16,270
101,2026-09-16,285
101,2026-09-16,300
101,2026-09-16,315
101,2026-09-16,330
101,2026-09-16,345
101,2026-09-16,360
101,2026-09-16,375
101,2026-09-16,390
101,2026-09-16,405
101,2026-09-16,420
101,2026-09-16,435
101,2026-09-16,450
101,2026-09-16,465
101,2026-09-16,480
101,2026-09-16,495
101,2026-09-16,510
101,2026-09-16,525
101,2026-09-16,540
101,2026-09-16,555
101,2026-09-16,570
101,2026-09-16,585
101,2026-09-16,600
101,2026-09-16,615
101,2026-09-16,630
101,2026-09-16,645
101,2026-09-16,660
101,2026-09-16,675
101,2026-09-16,690
101,2026-09-16,705
101,2026-09-16,720
101,2026-09-16,735
101,2026-09-16,750
101,2026-09-16,765
101,2026-09-16,780
101,2026-09-16,795
101,2026-09-16,810
101,2026-09-16,825
101,2026-09-16,840
101,2026-09-16,855
101,2026-09-16,870
101,2026-09-16,885
101,2026-09-16,900
101,2026-09-16,915
101,2026-09-16,930
101,2026-09-16,945
101,2026-09-16,960
101,2026-09-16,975
101,2026-09-16,990
101,2026-09-16,1005
101,2026-09-16,1020
101,2026-09-16,1035
101,2026-09-16,1050
101,2026-09-16,1065
101,2026-09-16,1080
101,2026-09-16,1095
101,2026-09-16,1110
101,2026-09-16,1125
101,2026-09-16,1140
101,2026-09-16,1155
101,2026-09-16,1170
101,2026-09-16,1185
101,2026-09-16,1200
101,2026-09-16,1215
101,2026-09-16,1230
101,2026-09-16,1245
101,2026-09-16,1260
101,2026-09-16,1275
101,2026-09-16,1290
101,2026-09-16,1305
101,2026-09-16,1320
101,2026-09-16,1335
101,2026-09-16,1350
101,2026-09-16,1365
101,2026-09-16,1380
101,2026-09-16,1395
101,2026-09-16,1410
101,2026-09-16,1425
102,2026-09-16,0
102,2026-09-16,15
102,2026-09-16,30
102,2026-09-16,45
102,2026-09-16,60
102,2026-09-16,75
102,2026-09-16,90
102,2026-09-16,105
102,2026-09-16,120
102,2026-09-16,135
102,2026-09-16,150
102,2026-09-16,165
102,2026-09-16,180
102,2026-09-16,195
102,2026-09-16,210
102,2026-09-16,225
102,2026-09-16,240
102,2026-09-16,255
102,2026-09-16,270
102,2026-09-16,285
102,2026-09-16,300
102,2026-09-16,315
102,2026-09-16,330
102,2026-09-16,345
102,2026-09-16,360
102,2026-09-16,375
102,2026-09-16,390
102,2026-09-16,405
102,2026-09-16,420
102,2026-09-16,435
102,2026-09-16,450
102,2026-09-16,465
102,2026-09-16,480
102,2026-09-16,495
102,2026-09-16,510
102,2026-09-16,525
102,2026-09-16,540
102,2026-09-16,555
102,2026-09-16,570
102,2026-09-16,585
102,2026-09-16,600
102,2026-09-16,615
102,2026-09-16,630
102,2026-09-16,645
102,2026-09-16,660
102,2026-09-16,675
102,2026-09-16,690
102,2026-09-16,705
102,2026-09-16,720
102,2026-09-16,735
102,2026-09-16,750
102,2026-09-16,765
102,2026-09-16,780
102,2026-09-16,795
102,2026-09-16,810
102,2026-09-16,825
102,2026-09-16,840
102,2026-09-16,855
102,2026-09-16,870
102,2026-09-16,885
102,2026-09-16,900
102,2026-09-16,915
102,2026-09-16,930
102,2026-09-16,945
102,2026-09-16,960
102,2026-09-16,975
102,2026-09-16,990
102,2026-09-16,1005
102,2026-09-16,1020
102,2026-09-16,1035
102,2026-09-16,1050
102,2026-09-16,1065
102,2026-09-16,1080
102,2026-09-16,1095
102,2026-09-16,1110
102,2026-09-16,1125
102,2026-09-16,1140
102,2026-09-16,1155
102,2026-09-16,1170
102,2026-09-16,1185
102,2026-09-16,1200
102,2026-09-16,1215
102,2026-09-16,1230
102,2026-09-16,1245
102,2026-09-16,1260
102,2026-09-16,1275
102,2026-09-16,1290
102,2026-09-16,1305
102,2026-09-16,1320
102,2026-09-16,1335
102,2026-09-16,1350
102,2026-09-16,1365
102,2026-09-16,1380
102,2026-09-16,1395
102,2026-09-16,1410
102,2026-09-16,1425
103,2026-09-16,0
103,2026-09-16,15
103,2026-09-16,30
103,2026-09-16,45
103,2026-09-16,60
103,2026-09-16,75
103,2026-09-16,90
103,2026-09-16,105
103,2026-09-16,120
103,2026-09-16,135
103,2026-09-16,150
103,2026-09-16,165
103,2026-09-16,180
103,2026-09-16,195
103,2026-09-16,210
103,2026-09-16,225
103,2026-09-16,240
103,2026-09-16,255
103,2026-09-16,270
103,2026-09-16,285
103,2026-09-16,300
103,2026-09-16,315
103,2026-09-16,330
103,2026-09-16,345
103,2026-09-16,360
103,2026-09-16,375
103,2026-09-16,390
103,2026-09-16,405
103,2026-09-16,420
103,2026-09-16,435
103,2026-09-16,450
103,2026-09-16,465
103,2026-09-16,480
103,2026-09-16,495
103,2026-09-16,510
103,2026-09-16,525
103,2026-09-16,540
103,2026-09-16,555
103,2026-09-16,570
103,2026-09-16,585
103,2026-09-16,600
103,2026-09-16,615
103,2026-09-16,630
103,2026-09-16,645
103,2026-09-16,660
103,2026-09-16,675
103,2026-09-16,690
103,2026-09-16,705
103,2026-09-16,720
103,2026-09-16,735
103,2026-09-16,750
103,2026-09-16,765
103,2026-09-16,780
103,2026-09-16,795
103,2026-09-16,810
103,2026-09-16,825
103,2026-09-16,840
103,2026-09-16,855
103,2026-09-16,870
103,2026-09-16,885
103,2026-09-16,900
103,2026-09-16,915
103,2026-09-16,930
103,2026-09-16,945
103,2026-09-16,960
103,2026-09-16,975
103,2026-09-16,990
103,2026-09-16,1005
103,2026-09-16,1020
103,2026-09-16,1035
103,2026-09-16,1050
103,2026-09-16,1065
103,2026-09-16,1080
103,2026-09-16,1095
103,2026-09-16,1110
103,2026-09-16,1125
103,2026-09-16,1140
103,2026-09-16,1155
103,2026-09-16,1170
103,2026-09-16,1185
103,2026-09-16,1200
103,2026-09-16,1215
103,2026-09-16,1230
103,2026-09-16,1245
103,2026-09-16,1260
103,2026-09-16,1275
103,2026-09-16,1290
103,2026-09-16,1305
103,2026-09-16,1320
103,2026-09-16,1335
103,2026-09-16,1350
103,2026-09-16,1365
103,2026-09-16,1380
103,2026-09-16,1395
103,2026-09-16,1410
103,2026-09-16,1425
104,2026-09-16,0
104,2026-09-16,15
104,2026-09-16,30
104,2026-09-16,45
104,2026-09-16,60
104,2026-09-16,75
104,2026-09-16,90
104,2026-09-16,105
104,2026-09-16,120
104,2026-09-16,135
104,2026-09-16,150
104,2026-09-16,165
104,2026-09-16,180
104,2026-09-16,195
104,2026-09-16,210
104,2026-09-16,225
104,2026-09-16,240
104,2026-09-16,255
104,2026-09-16,270
104,2026-09-16,285
104,2026-09-16,300
104,2026-09-16,315
104,2026-09-16,330
104,2026-09-16,345
104,2026-09-16,360
104,2026-09-16,375
104,2026-09-16,390
104,2026-09-16,405
104,2026-09-16,420
104,2026-09-16,435
104,2026-09-16,450
104,2026-09-16,465
104,2026-09-16,480
104,2026-09-16,495
104,2026-09-16,510
104,2026-09-16,525
104,2026-09-16,540
104,2026-09-16,555
104,2026-09-16,570
104,2026-09-16,585
104,2026-09-16,600
104,2026-09-16,615
104,2026-09-16,630
104,2026-09-16,645
104,2026-09-16,660
104,2026-09-16,675
104,2026-09-16,690
104,2026-09-16,705
104,2026-09-16,720
104,2026-09-16,735
104,2026-09-16,750
104,2026-09-16,765
104,2026-09-16,780
104,2026-09-16,795
104,2026-09-16,810
104,2026-09-16,825
104,2026-09-16,840
104,2026-09-16,855
104,2026-09-16,870
104,2026-09-16,885
104,2026-09-16,900
104,2026-09-16,915
104,2026-09-16,930
104,2026-09-16,945
104,2026-09-16,960
104,2026-09-16,975
104,2026-09-16,990
104,2026-09-16,1005
104,2026-09-16,1020
104,2026-09-16,1035
104,2026-09-16,1050
104,2026-09-16,1065
104,2026-09-16,1080
104,2026-09-16,1095
104,2026-09-16,1110
104,2026-09-16,1125
104,2026-09-16,1140
104,2026-09-16,1155
104,2026-09-16,1170
104,2026-09-16,1185
104,2026-09-16,1200
104,2026-09-16,1215
104,2026-09-16,1230
104,2026-09-16,1245
104,2026-09-16,1260
104,2026-09-16,1275
104,2026-09-16,1290
104,2026-09-16,1305
104,2026-09-16,1320
104,2026-09-16,1335
104,2026-09-16,1350
104,2026-09-16,1365
104,2026-09-16,1380
104,2026-09-16,1395
104,2026-09-16,1410
104,2026-09-16,1425
105,2026-09-16,0
105,2026-09-16,15
105,2026-09-16,30
105,2026-09-16,45
105,2026-09-16,60
105,2026-09-16,75
105,2026-09-16,90
105,2026-09-16,105
105,2026-09-16,120
105,2026-09-16,135
105,2026-09-16,150
105,2026-09-16,165
105,2026-09-16,180
105,2026-09-16,195
105,2026-09-16,210
105,2026-09-16,225
105,2026-09-16,240
105,2026-09-16,255
105,2026-09-16,270
105,2026-09-16,285
105,2026-09-16,300
105,2026-09-16,315
105,2026-09-16,330
105,2026-09-16,345
105,2026-09-16,360
105,2026-09-16,375
105,2026-09-16,390
105,2026-09-16,405
105,2026-09-16,420
105,2026-09-16,435
105,2026-09-16,450
105,2026-09-16,465
105,2026-09-16,480
105,2026-09-16,495
105,2026-09-16,510
105,2026-09-16,525
105,2026-09-16,540
105,2026-09-16,555
105,2026-09-16,570
105,2026-09-16,585
105,2026-09-16,600
105,2026-09-16,615
105,2026-09-16,630
105,2026-09-16,645
105,2026-09-16,660
105,2026-09-16,675
105,2026-09-16,690
105,2026-09-16,705
105,2026-09-16,720
105,2026-09-16,735
105,2026-09-16,750
105,2026-09-16,765
105,2026-09-16,780
105,2026-09-16,795
105,2026-09-16,810
105,2026-09-16,825
105,2026-09-16,840
105,2026-09-16,855
105,2026-09-16,870
105,2026-09-16,885
105,2026-09-16,900
105,2026-09-16,915
105,2026-09-16,930
105,2026-09-16,945
105,2026-09-16,960
105,2026-09-16,975
105,2026-09-16,990
105,2026-09-16,1005
105,2026-09-16,1020
105,2026-09-16,1035
105,2026-09-16,1050
105,2026-09-16,1065
105,2026-09-16,1080
105,2026-09-16,1095
105,2026-09-16,1110
105,2026-09-16,1125
105,2026-09-16,1140
105,2026-09-16,1155
105,2026-09-16,1170
105,2026-09-16,1185
105,2026-09-16,1200
105,2026-09-16,1215
105,2026-09-16,1230
105,2026-09-16,1245
105,2026-09-16,1260
105,2026-09-16,1275
105,2026-09-16,1290
105,2026-09-16,1305
105,2026-09-16,1320
105,2026-09-16,1335
105,2026-09-16,1350
105,2026-09-16,1365
105,2026-09-16,1380
105,2026-09-16,1395
105,2026-09-16,1410
105,2026-09-16,1425
106,2026-09-16,0
106,2026-09-16,15
106,2026-09-16,30
106,2026-09-16,45
106,2026-09-16,60
106,2026-09-16,75
106,2026-09-16,90
106,2026-09-16,105
106,2026-09-16,120
106,2026-09-16,135
106,2026-09-16,150
106,2026-09-16,165
106,2026-09-16,180
106,2026-09-16,195
106,2026-09-16,210
106,2026-09-16,225
106,2026-09-16,240
106,2026-09-16,255
106,2026-09-16,270
106,2026-09-16,285
106,2026-09-16,300
106,2026-09-16,315
106,2026-09-16,330
106,2026-09-16,345
106,2026-09-16,360
106,2026-09-16,375
106,2026-09-16,390
106,2026-09-16,405
106,2026-09-16,420
106,2026-09-16,435
106,2026-09-16,450
106,2026-09-16,465
106,2026-09-16,480
106,2026-09-16,495
106,2026-09-16,510
106,2026-09-16,525
106,2026-09-16,540
106,2026-09-16,555
106,2026-09-16,570
106,2026-09-16,585
106,2026-09-16,600
106,2026-09-16,615
106,2026-09-16,630
106,2026-09-16,645
106,2026-09-16,660
106,2026-09-16,675
106,2026-09-16,690
106,2026-09-16,705
106,2026-09-16,720
106,2026-09-16,735
106,2026-09-16,750
106,2026-09-16,765
106,2026-09-16,780
106,2026-09-16,795
106,2026-09-16,810
106,2026-09-16,825
106,2026-09-16,840
106,2026-09-16,855
106,2026-09-16,870
106,2026-09-16,885
106,2026-09-16,900
106,2026-09-16,915
106,2026-09-16,930
106,2026-09-16,945
106,2026-09-16,960
106,2026-09-16,975
106,2026-09-16,990
106,2026-09-16,1005
106,2026-09-16,1020
106,2026-09-16,1035
106,2026-09-16,1050
106,2026-09-16,1065
106,2026-09-16,1080
106,2026-09-16,1095
106,2026-09-16,1110
106,2026-09-16,1125
106,2026-09-16,1140
106,2026-09-16,1155
106,2026-09-16,1170
106,2026-09-16,1185
106,2026-09-16,1200
106,2026-09-16,1215
106,2026-09-16,1230
106,2026-09-16,1245
106,2026-09-16,1260
106,2026-09-16,1275
106,2026-09-16,1290
106,2026-09-16,1305
106,2026-09-16,1320
106,2026-09-16,1335
106,2026-09-16,1350
106,2026-09-16,1365
106,2026-09-16,1380
106,2026-09-16,1395
106,2026-09-16,1410
106,2026-09-16,1425
107,2026-09-16,0
107,2026-09-16,15
107,2026-09-16,30
107,2026-09-16,45
107,2026-09-16,60
107,2026-09-16,75
107,2026-09-16,90
107,2026-09-16,105
107,2026-09-16,120
107,2026-09-16,135
107,2026-09-16,150
107,2026-09-16,165
107,2026-09-16,180
107,2026-09-16,195
107,2026-09-16,210
107,2026-09-16,225
107,2026-09-16,240
107,2026-09-16,255
107,2026-09-16,270
107,2026-09-16,285
107,2026-09-16,300
107,2026-09-16,315
107,2026-09-16,330
107,2026-09-16,345
107,2026-09-16,360
107,2026-09-16,375
107,2026-09-16,390
107,2026-09-16,405
107,2026-09-16,420
107,2026-09-16,435
107,2026-09-16,450
107,2026-09-16,465
107,2026-09-16,480
107,2026-09-16,495
107,2026-09-16,510
107,2026-09-16,525
107,2026-09-16,540
107,2026-09-16,555
107,2026-09-16,570
107,2026-09-16,585
107,2026-09-16,600
107,2026-09-16,615
107,2026-09-16,630
107,2026-09-16,645
107,2026-09-16,660
107,2026-09-16,675
107,2026-09-16,690
107,2026-09-16,705
107,2026-09-16,720
107,2026-09-16,735
107,2026-09-16,750
107,2026-09-16,765
107,2026-09-16,780
107,2026-09-16,795
107,2026-09-16,810
107,2026-09-16,825
107,2026-09-16,840
107,2026-09-16,855
107,2026-09-16,870
107,2026-09-16,885
107,2026-09-16,900
107,2026-09-16,915
107,2026-09-16,930
107,2026-09-16,945
107,2026-09-16,960
107,2026-09-16,975
107,2026-09-16,990
107,2026-09-16,1005
107,2026-09-16,1020
107,2026-09-16,1035
107,2026-09-16,1050
107,2026-09-16,1065
107,2026-09-16,1080
107,2026-09-16,1095
107,2026-09-16,1110
107,2026-09-16,1125
107,2026-09-16,1140
107,2026-09-16,1155
107,2026-09-16,1170
107,2026-09-16,1185
107,2026-09-16,1200
107,2026-09-16,1215
107,2026-09-16,1230
107,2026-09-16,1245
107,2026-09-16,1260
107,2026-09-16,1275
107,2026-09-16,1290
107,2026-09-16,1305
107,2026-09-16,1320
107,2026-09-16,1335
107,2026-09-16,1350
107,2026-09-16,1365
107,2026-09-16,1380
107,2026-09-16,1395
107,2026-09-16,1410
107,2026-09-16,1425
108,2026-09-16,0
108,2026-09-16,15
108,2026-09-16,30
108,2026-09-16,45
108,2026-09-16,60
108,2026-09-16,75
108,2026-09-16,90
108,2026-09-16,105
108,2026-09-16,120
108,2026-09-16,135
108,2026-09-16,150
108,2026-09-16,165
108,2026-09-16,180
108,2026-09-16,195
108,2026-09-16,210
108,2026-09-16,225
108,2026-09-16,240
108,2026-09-16,255
108,2026-09-16,270
108,2026-09-16,285
108,2026-09-16,300
108,2026-09-16,315
108,2026-09-16,330
108,2026-09-16,345
108,2026-09-16,360
108,2026-09-16,375
108,2026-09-16,390
108,2026-09-16,405
108,2026-09-16,420
108,2026-09-16,435
108,2026-09-16,450
108,2026-09-16,465
108,2026-09-16,480
108,2026-09-16,495
108,2026-09-16,510
108,2026-09-16,525
108,2026-09-16,540
108,2026-09-16,555
108,2026-09-16,570
108,2026-09-16,585
108,2026-09-16,600
108,2026-09-16,615
108,2026-09-16,630
108,2026-09-16,645
108,2026-09-16,660
108,2026-09-16,675
108,2026-09-16,690
108,2026-09-16,705
108,2026-09-16,720
108,2026-09-16,735
108,2026-09-16,750
108,2026-09-16,765
108,2026-09-16,780
108,2026-09-16,795
108,2026-09-16,810
108,2026-09-16,825
108,2026-09-16,840
108,2026-09-16,855
108,2026-09-16,870
108,2026-09-16,885
108,2026-09-16,900
108,2026-09-16,915
108,2026-09-16,930
108,2026-09-16,945
108,2026-09-16,960
108,2026-09-16,975
108,2026-09-16,990
108,2026-09-16,1005
108,2026-09-16,1020
108,2026-09-16,1035
108,2026-09-16,1050
108,2026-09-16,1065
108,2026-09-16,1080
108,2026-09-16,1095
108,2026-09-16,1110
108,2026-09-16,1125
108,2026-09-16,1140
108,2026-09-16,1155
108,2026-09-16,1170
108,2026-09-16,1185
108,2026-09-16,1200
108,2026-09-16,1215
108,2026-09-16,1230
108,2026-09-16,1245
108,2026-09-16,1260
108,2026-09-16,1275
108,2026-09-16,1290
108,2026-09-16,1305
108,2026-09-16,1320
108,2026-09-16,1335
108,2026-09-16,1350
108,2026-09-16,1365
108,2026-09-16,1380
108,2026-09-16,1395
108,2026-09-16,1410
108,2026-09-16,1425
109,2026-09-16,0
109,2026-09-16,15
109,2026-09-16,30
109,2026-09-16,45
109,2026-09-16,60
109,2026-09-16,75
109,2026-09-16,90
109,2026-09-16,105
109,2026-09-16,120
109,2026-09-16,135
109,2026-09-16,150
109,2026-09-16,165
109,2026-09-16,180
109,2026-09-16,195
109,2026-09-16,210
109,2026-09-16,225
109,2026-09-16,240
109,2026-09-16,255
109,2026-09-16,270
109,2026-09-16,285
109,2026-09-16,300
109,2026-09-16,315
109,2026-09-16,330
109,2026-09-16,345
109,2026-09-16,360
109,2026-09-16,375
109,2026-09-16,390
109,2026-09-16,405
109,2026-09-16,420
109,2026-09-16,435
109,2026-09-16,450
109,2026-09-16,465
109,2026-09-16,480
109,2026-09-16,495
109,2026-09-16,510
109,2026-09-16,525
109,2026-09-16,540
109,2026-09-16,555
109,2026-09-16,570
109,2026-09-16,585
109,2026-09-16,600
109,2026-09-16,615
109,2026-09-16,630
109,2026-09-16,645
109,2026-09-16,660
109,2026-09-16,675
109,2026-09-16,690
109,2026-09-16,705
109,2026-09-16,720
109,2026-09-16,735
109,2026-09-16,750
109,2026-09-16,765
109,2026-09-16,780
109,2026-09-16,795
109,2026-09-16,810
109,2026-09-16,825
109,2026-09-16,840
109,2026-09-16,855
109,2026-09-16,870
109,2026-09-16,885
109,2026-09-16,900
109,2026-09-16,915
109,2026-09-16,930
109,2026-09-16,945
109,2026-09-16,960
109,2026-09-16,975
109,2026-09-16,990
109,2026-09-16,1005
109,2026-09-16,1020
109,2026-09-16,1035
109,2026-09-16,1050
109,2026-09-16,1065
109,2026-09-16,1080
109,2026-09-16,1095
109,2026-09-16,1110
109,2026-09-16,1125
109,2026-09-16,1140
109,2026-09-16,1155
109,2026-09-16,1170
109,2026-09-16,1185
109,2026-09-16,1200
109,2026-09-16,1215
109,2026-09-16,1230
109,2026-09-16,1245
109,2026-09-16,1260
109,2026-09-16,1275
109,2026-09-16,1290
109,2026-09-16,1305
109,2026-09-16,1320
109,2026-09-16,1335
109,2026-09-16,1350
109,2026-09-16,1365
109,2026-09-16,1380
109,2026-09-16,1395
109,2026-09-16,1410
109,2026-09-16,1425
110,2026-09-16,0
110,2026-09-16,15
110,2026-09-16,30
110,2026-09-16,45
110,2026-09-16,60
110,2026-09-16,75
110,2026-09-16,90
110,2026-09-16,105
110,2026-09-16,120
110,2026-09-16,135
110,2026-09-16,150
110,2026-09-16,165
110,2026-09-16,180
110,2026-09-16,195
110,2026-09-16,210
110,2026-09-16,225
110,2026-09-16,240
110,2026-09-16,255
110,2026-09-16,270
110,2026-09-16,285
110,2026-09-16,300
110,2026-09-16,315
110,2026-09-16,330
110,2026-09-16,345
110,2026-09-16,360
110,2026-09-16,375
110,2026-09-16,390
110,2026-09-16,405
110,2026-09-16,420
110,2026-09-16,435
110,2026-09-16,450
110,2026-09-16,465
110,2026-09-16,480
110,2026-09-16,495
110,2026-09-16,510
110,2026-09-16,525
110,2026-09-16,540
110,2026-09-16,555
110,2026-09-16,570
110,2026-09-16,585
110,2026-09-16,600
110,2026-09-16,615
110,2026-09-16,630
110,2026-09-16,645
110,2026-09-16,660
110,2026-09-16,675
110,2026-09-16,690
110,2026-09-16,705
110,2026-09-16,720
110,2026-09-16,735
110,2026-09-16,750
110,2026-09-16,765
110,2026-09-16,780
110,2026-09-16,795
110,2026-09-16,810
110,2026-09-16,825
110,2026-09-16,840
110,2026-09-16,855
110,2026-09-16,870
110,2026-09-16,885
110,2026-09-16,900
110,2026-09-16,915
110,2026-09-16,930
110,2026-09-16,945
110,2026-09-16,960
110,2026-09-16,975
110,2026-09-16,990
110,2026-09-16,1005
110,2026-09-16,1020
110,2026-09-16,1035
110,2026-09-16,1050
110,2026-09-16,1065
110,2026-09-16,1080
110,2026-09-16,1095
110,2026-09-16,1110
110,2026-09-16,1125
110,2026-09-16,1140
110,2026-09-16,1155
110,2026-09-16,1170
110,2026-09-16,1185
110,2026-09-16,1200
110,2026-09-16,1215
110,2026-09-16,1230
110,2026-09-16,1245
110,2026-09-16,1260
110,2026-09-16,1275
110,2026-09-16,1290
110,2026-09-16,1305
110,2026-09-16,1320
110,2026-09-16,1335
110,2026-09-16,1350
110,2026-09-16,1365
110,2026-09-16,1380
110,2026-09-16,1395
110,2026-09-16,1410
110,2026-09-16,1425
111,2026-09-16,0
111,2026-09-16,15
111,2026-09-16,30
111,2026-09-16,45
111,2026-09-16,60
111,2026-09-16,75
111,2026-09-16,90
111,2026-09-16,105
111,2026-09-16,120
111,2026-09-16,135
111,2026-09-16,150
111,2026-09-16,165
111,2026-09-16,180
111,2026-09-16,195
111,2026-09-16,210
111,2026-09-16,225
111,2026-09-16,240
111,2026-09-16,255
111,2026-09-16,270
111,2026-09-16,285
111,2026-09-16,300
111,2026-09-16,315
111,2026-09-16,330
111,2026-09-16,345
111,2026-09-16,360
111,2026-09-16,375
111,2026-09-16,390
111,2026-09-16,405
111,2026-09-16,420
111,2026-09-16,435
111,2026-09-16,450
111,2026-09-16,465
111,2026-09-16,480
111,2026-09-16,495
111,2026-09-16,510
111,2026-09-16,525
111,2026-09-16,540
111,2026-09-16,555
111,2026-09-16,570
111,2026-09-16,585
111,2026-09-16,600
111,2026-09-16,615
111,2026-09-16,630
111,2026-09-16,645
111,2026-09-16,660
111,2026-09-16,675
111,2026-09-16,690
111,2026-09-16,705
111,2026-09-16,720
111,2026-09-16,735
111,2026-09-16,750
111,2026-09-16,765
111,2026-09-16,780
111,2026-09-16,795
111,2026-09-16,810
111,2026-09-16,825
111,2026-09-16,840
111,2026-09-16,855
111,2026-09-16,870
111,2026-09-16,885
111,2026-09-16,900
111,2026-09-16,915
111,2026-09-16,930
111,2026-09-16,945
111,2026-09-16,960
111,2026-09-16,975
111,2026-09-16,990
111,2026-09-16,1005
111,2026-09-16,1020
111,2026-09-16,1035
111,2026-09-16,1050
111,2026-09-16,1065
111,2026-09-16,1080
111,2026-09-16,1095
111,2026-09-16,1110
111,2026-09-16,1125
111,2026-09-16,1140
111,2026-09-16,1155
111,2026-09-16,1170
111,2026-09-16,1185
111,2026-09-16,1200
111,2026-09-16,1215
111,2026-09-16,1230
111,2026-09-16,1245
111,2026-09-16,1260
111,2026-09-16,1275
111,2026-09-16,1290
111,2026-09-16,1305
111,2026-09-16,1320
111,2026-09-16,1335
111,2026-09-16,1350
111,2026-09-16,1365
111,2026-09-16,1380
111,2026-09-16,1395
111,2026-09-16,1410
111,2026-09-16,1425
112,2026-09-16,0
112,2026-09-16,15
112,2026-09-16,30
112,2026-09-16,45
112,2026-09-16,60
112,2026-09-16,75
112,2026-09-16,90
112,2026-09-16,105
112,2026-09-16,120
112,2026-09-16,135
112,2026-09-16,150
112,2026-09-16,165
112,2026-09-16,180
112,2026-09-16,195
112,2026-09-16,210
112,2026-09-16,225
112,2026-09-16,240
112,2026-09-16,255
112,2026-09-16,270
112,2026-09-16,285
112,2026-09-16,300
112,2026-09-16,315
112,2026-09-16,330
112,2026-09-16,345
112,2026-09-16,360
112,2026-09-16,375
112,2026-09-16,390
112,2026-09-16,405
112,2026-09-16,420
112,2026-09-16,435
112,2026-09-16,450
112,2026-09-16,465
112,2026-09-16,480
112,2026-09-16,495
112,2026-09-16,510
112,2026-09-16,525
112,2026-09-16,540
112,2026-09-16,555
112,2026-09-16,570
112,2026-09-16,585
112,2026-09-16,600
112,2026-09-16,615
112,2026-09-16,630
112,2026-09-16,645
112,2026-09-16,660
112,2026-09-16,675
112,2026-09-16,690
112,2026-09-16,705
112,2026-09-16,720
112,2026-09-16,735
112,2026-09-16,750
112,2026-09-16,765
112,2026-09-16,780
112,2026-09-16,795
112,2026-09-16,810
112,2026-09-16,825
112,2026-09-16,840
112,2026-09-16,855
112,2026-09-16,870
112,2026-09-16,885
112,2026-09-16,900
112,2026-09-16,915
112,2026-09-16,930
112,2026-09-16,945
112,2026-09-16,960
112,2026-09-16,975
112,2026-09-16,990
112,2026-09-16,1005
112,2026-09-16,1020
112,2026-09-16,1035
112,2026-09-16,1050
112,2026-09-16,1065
112,2026-09-16,1080
112,2026-09-16,1095
112,2026-09-16,1110
112,2026-09-16,1125
112,2026-09-16,1140
112,2026-09-16,1155
112,2026-09-16,1170
112,2026-09-16,1185
112,2026-09-16,1200
112,2026-09-16,1215
112,2026-09-16,1230
112,2026-09-16,1245
112,2026-09-16,1260
112,2026-09-16,1275
112,2026-09-16,1290
112,2026-09-16,1305
112,2026-09-16,1320
112,2026-09-16,1335
112,2026-09-16,1350
112,2026-09-16,1365
112,2026-09-16,1380
112,2026-09-16,1395
112,2026-09-16,1410
112,2026-09-16,1425
113,2026-09-16,0
113,2026-09-16,15
113,2026-09-16,30
113,2026-09-16,45
113,2026-09-16,60
113,2026-09-16,75
113,2026-09-16,90
113,2026-09-16,105
113,2026-09-16,120
113,2026-09-16,135
113,2026-09-16,150
113,2026-09-16,165
113,2026-09-16,180
113,2026-09-16,195
113,2026-09-16,210
113,2026-09-16,225
113,2026-09-16,240
113,2026-09-16,255
113,2026-09-16,270
113,2026-09-16,285
113,2026-09-16,300
113,2026-09-16,315
113,2026-09-16,330
113,2026-09-16,345
113,2026-09-16,360
113,2026-09-16,375
113,2026-09-16,390
113,2026-09-16,405
113,2026-09-16,420
113,2026-09-16,435
113,2026-09-16,450
113,2026-09-16,465
113,2026-09-16,480
113,2026-09-16,495
113,2026-09-16,510
113,2026-09-16,525
113,2026-09-16,540
113,2026-09-16,555
113,2026-09-16,570
113,2026-09-16,585
113,2026-09-16,600
113,2026-09-16,615
113,2026-09-16,630
113,2026-09-16,645
113,2026-09-16,660
113,2026-09-16,675
113,2026-09-16,690
113,2026-09-16,705
113,2026-09-16,720
113,2026-09-16,735
113,2026-09-16,750
113,2026-09-16,765
113,2026-09-16,780
113,2026-09-16,795
113,2026-09-16,810
113,2026-09-16,825
113,2026-09-16,840
113,2026-09-16,855
113,2026-09-16,870
113,2026-09-16,885
113,2026-09-16,900
113,2026-09-16,915
113,2026-09-16,930
113,2026-09-16,945
113,2026-09-16,960
113,2026-09-16,975
113,2026-09-16,990
113,2026-09-16,1005
113,2026-09-16,1020
113,2026-09-16,1035
113,2026-09-16,1050
113,2026-09-16,1065
113,2026-09-16,1080
113,2026-09-16,1095
113,2026-09-16,1110
113,2026-09-16,1125
113,2026-09-16,1140
113,2026-09-16,1155
113,2026-09-16,1170
113,2026-09-16,1185
113,2026-09-16,1200
113,2026-09-16,1215
113,2026-09-16,1230
113,2026-09-16,1245
113,2026-09-16,1260
113,2026-09-16,1275
113,2026-09-16,1290
113,2026-09-16,1305
113,2026-09-16,1320
113,2026-09-16,1335
113,2026-09-16,1350
113,2026-09-16,1365
113,2026-09-16,1380
113,2026-09-16,1395
113,2026-09-16,1410
113,2026-09-16,1425
114,2026-09-16,0
114,2026-09-16,15
114,2026-09-16,30
114,2026-09-16,45
114,2026-09-16,60
114,2026-09-16,75
114,2026-09-16,90
114,2026-09-16,105
114,2026-09-16,120
114,2026-09-16,135
114,2026-09-16,150
114,2026-09-16,165
114,2026-09-16,180
114,2026-09-16,195
114,2026-09-16,210
114,2026-09-16,225
114,2026-09-16,240
114,2026-09-16,255
114,2026-09-16,270
114,2026-09-16,285
114,2026-09-16,300
114,2026-09-16,315
114,2026-09-16,330
114,2026-09-16,345
114,2026-09-16,360
114,2026-09-16,375
114,2026-09-16,390
114,2026-09-16,405
114,2026-09-16,420
114,2026-09-16,435
114,2026-09-16,450
114,2026-09-16,465
114,2026-09-16,480
114,2026-09-16,495
114,2026-09-16,510
114,2026-09-16,525
114,2026-09-16,540
114,2026-09-16,555
114,2026-09-16,570
114,2026-09-16,585
114,2026-09-16,600
114,2026-09-16,615
114,2026-09-16,630
114,2026-09-16,645
114,2026-09-16,660
114,2026-09-16,675
114,2026-09-16,690
114,2026-09-16,705
114,2026-09-16,720
114,2026-09-16,735
114,2026-09-16,750
114,2026-09-16,765
114,2026-09-16,780
114,2026-09-16,795
114,2026-09-16,810
114,2026-09-16,825
114,2026-09-16,840
114,2026-09-16,855
114,2026-09-16,870
114,2026-09-16,885
114,2026-09-16,900
114,2026-09-16,915
114,2026-09-16,930
114,2026-09-16,945
114,2026-09-16,960
114,2026-09-16,975
114,2026-09-16,990
114,2026-09-16,1005
114,2026-09-16,1020
114,2026-09-16,1035
114,2026-09-16,1050
114,2026-09-16,1065
114,2026-09-16,1080
114,2026-09-16,1095
114,2026-09-16,1110
114,2026-09-16,1125
114,2026-09-16,1140
114,2026-09-16,1155
114,2026-09-16,1170
114,2026-09-16,1185
114,2026-09-16,1200
114,2026-09-16,1215
114,2026-09-16,1230
114,2026-09-16,1245
114,2026-09-16,1260
114,2026-09-16,1275
114,2026-09-16,1290
114,2026-09-16,1305
114,2026-09-16,1320
114,2026-09-16,1335
114,2026-09-16,1350
114,2026-09-16,1365
114,2026-09-16,1380
114,2026-09-16,1395
114,2026-09-16,1410
114,2026-09-16,1425
115,2026-09-16,0
115,2026-09-16,15
115,2026-09-16,30
115,2026-09-16,45
115,2026-09-16,60
115,2026-09-16,75
115,2026-09-16,90
115,2026-09-16,105
115,2026-09-16,120
115,2026-09-16,135
115,2026-09-16,150
115,2026-09-16,165
115,2026-09-16,180
115,2026-09-16,195
115,2026-09-16,210
115,2026-09-16,225
115,2026-09-16,240
115,2026-09-16,255
115,2026-09-16,270
115,2026-09-16,285
115,2026-09-16,300
115,2026-09-16,315
115,2026-09-16,330
115,2026-09-16,345
115,2026-09-16,360
115,2026-09-16,375
115,2026-09-16,390
115,2026-09-16,405
115,2026-09-16,420
115,2026-09-16,435
115,2026-09-16,450
115,2026-09-16,465
115,2026-09-16,480
115,2026-09-16,495
115,2026-09-16,510
115,2026-09-16,525
115,2026-09-16,540
115,2026-09-16,555
115,2026-09-16,570
115,2026-09-16,585
115,2026-09-16,600
115,2026-09-16,615
115,2026-09-16,630
115,2026-09-16,645
115,2026-09-16,660
115,2026-09-16,675
115,2026-09-16,690
115,2026-09-16,705
115,2026-09-16,720
115,2026-09-16,735
115,2026-09-16,750
115,2026-09-16,765
115,2026-09-16,780
115,2026-09-16,795
115,2026-09-16,810
115,2026-09-16,825
115,2026-09-16,840
115,2026-09-16,855
115,2026-09-16,870
115,2026-09-16,885
115,2026-09-16,900
115,2026-09-16,915
115,2026-09-16,930
115,2026-09-16,945
115,2026-09-16,960
115,2026-09-16,975
115,2026-09-16,990
115,2026-09-16,1005
115,2026-09-16,1020
115,2026-09-16,1035
115,2026-09-16,1050
115,2026-09-16,1065
115,2026-09-16,1080
115,2026-09-16,1095
115,2026-09-16,1110
115,2026-09-16,1125
115,2026-09-16,1140
115,2026-09-16,1155
115,2026-09-16,1170
115,2026-09-16,1185
115,2026-09-16,1200
115,2026-09-16,1215
115,2026-09-16,1230
115,2026-09-16,1245
115,2026-09-16,1260
115,2026-09-16,1275
115,2026-09-16,1290
115,2026-09-16,1305
115,2026-09-16,1320
115,2026-09-16,1335
115,2026-09-16,1350
115,2026-09-16,1365
115,2026-09-16,1380
115,2026-09-16,1395
115,2026-09-16,1410
115,2026-09-16,1425
116,2026-09-16,0
116,2026-09-16,15
116,2026-09-16,30
116,2026-09-16,45
116,2026-09-16,60
116,2026-09-16,75
116,2026-09-16,90
116,2026-09-16,105
116,2026-09-16,120
116,2026-09-16,135
116,2026-09-16,150
116,2026-09-16,165
116,2026-09-16,180
116,2026-09-16,195
116,2026-09-16,210
116,2026-09-16,225
116,2026-09-16,240
116,2026-09-16,255
116,2026-09-16,270
116,2026-09-16,285
116,2026-09-16,300
116,2026-09-16,315
116,2026-09-16,330
116,2026-09-16,345
116,2026-09-16,360
116,2026-09-16,375
116,2026-09-16,390
116,2026-09-16,405
116,2026-09-16,420
116,2026-09-16,435
116,2026-09-16,450
116,2026-09-16,465
116,2026-09-16,480
116,2026-09-16,495
116,2026-09-16,510
116,2026-09-16,525
116,2026-09-16,540
116,2026-09-16,555
116,2026-09-16,570
116,2026-09-16,585
116,2026-09-16,600
116,2026-09-16,615
116,2026-09-16,630
116,2026-09-16,645
116,2026-09-16,660
116,2026-09-16,675
116,2026-09-16,690
116,2026-09-16,705
116,2026-09-16,720
116,2026-09-16,735
116,2026-09-16,750
116,2026-09-16,765
116,2026-09-16,780
116,2026-09-16,795
116,2026-09-16,810
116,2026-09-16,825
116,2026-09-16,840
116,2026-09-16,855
116,2026-09-16,870
116,2026-09-16,885
116,2026-09-16,900
116,2026-09-16,915
116,2026-09-16,930
116,2026-09-16,945
116,2026-09-16,960
116,2026-09-16,975
116,2026-09-16,990
116,2026-09-16,1005
116,2026-09-16,1020
116,2026-09-16,1035
116,2026-09-16,1050
116,2026-09-16,1065
116,2026-09-16,1080
116,2026-09-16,1095
116,2026-09-16,1110
116,2026-09-16,1125
116,2026-09-16,1140
116,2026-09-16,1155
116,2026-09-16,1170
116,2026-09-16,1185
116,2026-09-16,1200
116,2026-09-16,1215
116,2026-09-16,1230
116,2026-09-16,1245
116,2026-09-16,1260
116,2026-09-16,1275
116,2026-09-16,1290
116,2026-09-16,1305
116,2026-09-16,1320
116,2026-09-16,1335
116,2026-09-16,1350
116,2026-09-16,1365
116,2026-09-16,1380
116,2026-09-16,1395
116,2026-09-16,1410
116,2026-09-16,1425
117,2026-09-16,0
117,2026-09-16,15
117,2026-09-16,30
117,2026-09-16,45
117,2026-09-16,60
117,2026-09-16,75
117,2026-09-16,90
117,2026-09-16,105
117,2026-09-16,120
117,2026-09-16,135
117,2026-09-16,150
117,2026-09-16,165
117,2026-09-16,180
117,2026-09-16,195
117,2026-09-16,210
117,2026-09-16,225
117,2026-09-16,240
117,2026-09-16,255
117,2026-09-16,270
117,2026-09-16,285
117,2026-09-16,300
117,2026-09-16,315
117,2026-09-16,330
117,2026-09-16,345
117,2026-09-16,360
117,2026-09-16,375
117,2026-09-16,390
117,2026-09-16,405
117,2026-09-16,420
117,2026-09-16,435
117,2026-09-16,450
117,2026-09-16,465
117,2026-09-16,480
117,2026-09-16,495
117,2026-09-16,510
117,2026-09-16,525
117,2026-09-16,540
117,2026-09-16,555
117,2026-09-16,570
117,2026-09-16,585
117,2026-09-16,600
117,2026-09-16,615
117,2026-09-16,630
117,2026-09-16,645
117,2026-09-16,660
117,2026-09-16,675
117,2026-09-16,690
117,2026-09-16,705
117,2026-09-16,720
117,2026-09-16,735
117,2026-09-16,750
117,2026-09-16,765
117,2026-09-16,780
117,2026-09-16,795
117,2026-09-16,810
117,2026-09-16,825
117,2026-09-16,840
117,2026-09-16,855
117,2026-09-16,870
117,2026-09-16,885
117,2026-09-16,900
117,2026-09-16,915
117,2026-09-16,930
117,2026-09-16,945
117,2026-09-16,960
117,2026-09-16,975
117,2026-09-16,990
117,2026-09-16,1005
117,2026-09-16,1020
117,2026-09-16,1035
117,2026-09-16,1050
117,2026-09-16,1065
117,2026-09-16,1080
117,2026-09-16,1095
117,2026-09-16,1110
117,2026-09-16,1125
117,2026-09-16,1140
117,2026-09-16,1155
117,2026-09-16,1170
117,2026-09-16,1185
117,2026-09-16,1200
117,2026-09-16,1215
117,2026-09-16,1230
117,2026-09-16,1245
117,2026-09-16,1260
117,2026-09-16,1275
117,2026-09-16,1290
117,2026-09-16,1305
117,2026-09-16,1320
117,2026-09-16,1335
117,2026-09-16,1350
117,2026-09-16,1365
117,2026-09-16,1380
117,2026-09-16,1395
117,2026-09-16,1410
117,2026-09-16,1425
31,2026-09-17,0
31,2026-09-17,15
31,2026-09-17,30
31,2026-09-17,45
31,2026-09-17,60
31,2026-09-17,75
31,2026-09-17,90
31,2026-09-17,105
31,2026-09-17,120
31,2026-09-17,135
31,2026-09-17,150
31,2026-09-17,165
31,2026-09-17,180
31,2026-09-17,195
31,2026-09-17,210
31,2026-09-17,225
31,2026-09-17,240
31,2026-09-17,255
31,2026-09-17,270
31,2026-09-17,285
31,2026-09-17,300
31,2026-09-17,315
31,2026-09-17,330
31,2026-09-17,345
31,2026-09-17,360
31,2026-09-17,375
31,2026-09-17,390
31,2026-09-17,405
31,2026-09-17,420
31,2026-09-17,435
31,2026-09-17,450
31,2026-09-17,465
31,2026-09-17,480
31,2026-09-17,495
31,2026-09-17,510
31,2026-09-17,525
31,2026-09-17,540
31,2026-09-17,555
31,2026-09-17,570
31,2026-09-17,585
31,2026-09-17,600
31,2026-09-17,615
31,2026-09-17,630
31,2026-09-17,645
31,2026-09-17,660
31,2026-09-17,675
31,2026-09-17,690
31,2026-09-17,705
31,2026-09-17,720
31,2026-09-17,735
31,2026-09-17,750
31,2026-09-17,765
31,2026-09-17,780
31,2026-09-17,795
31,2026-09-17,810
31,2026-09-17,825
31,2026-09-17,840
31,2026-09-17,855
31,2026-09-17,870
31,2026-09-17,885
31,2026-09-17,900
31,2026-09-17,915
31,2026-09-17,930
31,2026-09-17,945
31,2026-09-17,960
31,2026-09-17,975
31,2026-09-17,990
31,2026-09-17,1005
31,2026-09-17,1020
31,2026-09-17,1035
31,2026-09-17,1050
31,2026-09-17,1065
31,2026-09-17,1080
31,2026-09-17,1095
31,2026-09-17,1110
31,2026-09-17,1125
31,2026-09-17,1140
31,2026-09-17,1155
31,2026-09-17,1170
31,2026-09-17,1185
31,2026-09-17,1200
31,2026-09-17,1215
31,2026-09-17,1230
31,2026-09-17,1245
31,2026-09-17,1260
31,2026-09-17,1275
31,2026-09-17,1290
31,2026-09-17,1305
31,2026-09-17,1320
31,2026-09-17,1335
31,2026-09-17,1350
31,2026-09-17,1365
31,2026-09-17,1380
31,2026-09-17,1395
31,2026-09-17,1410
31,2026-09-17,1425
45,2026-09-17,0
45,2026-09-17,15
45,2026-09-17,30
45,2026-09-17,45
45,2026-09-17,60
45,2026-09-17,75
45,2026-09-17,90
45,2026-09-17,105
45,2026-09-17,120
45,2026-09-17,135
45,2026-09-17,150
45,2026-09-17,165
45,2026-09-17,180
45,2026-09-17,195
45,2026-09-17,210
45,2026-09-17,225
45,2026-09-17,240
45,2026-09-17,255
45,2026-09-17,270
45,2026-09-17,285
45,2026-09-17,300
45,2026-09-17,315
45,2026-09-17,330
45,2026-09-17,345
45,2026-09-17,360
45,2026-09-17,375
45,2026-09-17,390
45,2026-09-17,405
45,2026-09-17,420
45,2026-09-17,435
45,2026-09-17,450
45,2026-09-17,465
45,2026-09-17,480
45,2026-09-17,495
45,2026-09-17,510
45,2026-09-17,525
45,2026-09-17,540
45,2026-09-17,555
45,2026-09-17,570
45,2026-09-17,585
45,2026-09-17,600
45,2026-09-17,615
45,2026-09-17,630
45,2026-09-17,645
45,2026-09-17,660
45,2026-09-17,675
45,2026-09-17,690
45,2026-09-17,705
45,2026-09-17,720
45,2026-09-17,735
45,2026-09-17,750
45,2026-09-17,765
45,2026-09-17,780
45,2026-09-17,795
45,2026-09-17,810
45,2026-09-17,825
45,2026-09-17,840
45,2026-09-17,855
45,2026-09-17,870
45,2026-09-17,885
45,2026-09-17,900
45,2026-09-17,915
45,2026-09-17,930
45,2026-09-17,945
45,2026-09-17,960
45,2026-09-17,975
45,2026-09-17,990
45,2026-09-17,1005
45,2026-09-17,1020
45,2026-09-17,1035
45,2026-09-17,1050
45,2026-09-17,1065
45,2026-09-17,1080
45,2026-09-17,1095
45,2026-09-17,1110
45,2026-09-17,1125
45,2026-09-17,1140
45,2026-09-17,1155
45,2026-09-17,1170
45,2026-09-17,1185
45,2026-09-17,1200
45,2026-09-17,1215
45,2026-09-17,1230
45,2026-09-17,1245
45,2026-09-17,1260
45,2026-09-17,1275
45,2026-09-17,1290
45,2026-09-17,1305
45,2026-09-17,1320
45,2026-09-17,1335
45,2026-09-17,1350
45,2026-09-17,1365
45,2026-09-17,1380
45,2026-09-17,1395
45,2026-09-17,1410
45,2026-09-17,1425
67,2026-09-17,0
67,2026-09-17,15
67,2026-09-17,30
67,2026-09-17,45
67,2026-09-17,60
67,2026-09-17,75
67,2026-09-17,90
67,2026-09-17,105
67,2026-09-17,120
67,2026-09-17,135
67,2026-09-17,150
67,2026-09-17,165
67,2026-09-17,180
67,2026-09-17,195
67,2026-09-17,210
67,2026-09-17,225
67,2026-09-17,240
67,2026-09-17,255
67,2026-09-17,270
67,2026-09-17,285
67,2026-09-17,300
67,2026-09-17,315
67,2026-09-17,330
67,2026-09-17,345
67,2026-09-17,360
67,2026-09-17,375
67,2026-09-17,390
67,2026-09-17,405
67,2026-09-17,420
67,2026-09-17,435
67,2026-09-17,450
67,2026-09-17,465
67,2026-09-17,480
67,2026-09-17,495
67,2026-09-17,510
67,2026-09-17,525
67,2026-09-17,540
67,2026-09-17,555
67,2026-09-17,570
67,2026-09-17,585
67,2026-09-17,600
67,2026-09-17,615
67,2026-09-17,630
67,2026-09-17,645
67,2026-09-17,660
67,2026-09-17,675
67,2026-09-17,690
67,2026-09-17,705
67,2026-09-17,720
67,2026-09-17,735
67,2026-09-17,750
67,2026-09-17,765
67,2026-09-17,780
67,2026-09-17,795
67,2026-09-17,810
67,2026-09-17,825
67,2026-09-17,840
67,2026-09-17,855
67,2026-09-17,870
67,2026-09-17,885
67,2026-09-17,900
67,2026-09-17,915
67,2026-09-17,930
67,2026-09-17,945
67,2026-09-17,960
67,2026-09-17,975
67,2026-09-17,990
67,2026-09-17,1005
67,2026-09-17,1020
67,2026-09-17,1035
67,2026-09-17,1050
67,2026-09-17,1065
67,2026-09-17,1080
67,2026-09-17,1095
67,2026-09-17,1110
67,2026-09-17,1125
67,2026-09-17,1140
67,2026-09-17,1155
67,2026-09-17,1170
67,2026-09-17,1185
67,2026-09-17,1200
67,2026-09-17,1215
67,2026-09-17,1230
67,2026-09-17,1245
67,2026-09-17,1260
67,2026-09-17,1275
67,2026-09-17,1290
67,2026-09-17,1305
67,2026-09-17,1320
67,2026-09-17,1335
67,2026-09-17,1350
67,2026-09-17,1365
67,2026-09-17,1380
67,2026-09-17,1395
67,2026-09-17,1410
67,2026-09-17,1425
70,2026-09-17,0
70,2026-09-17,15
70,2026-09-17,30
70,2026-09-17,45
70,2026-09-17,60
70,2026-09-17,75
70,2026-09-17,90
70,2026-09-17,105
70,2026-09-17,120
70,2026-09-17,135
70,2026-09-17,150
70,2026-09-17,165
70,2026-09-17,180
70,2026-09-17,195
70,2026-09-17,210
70,2026-09-17,225
70,2026-09-17,240
70,2026-09-17,255
70,2026-09-17,270
70,2026-09-17,285
70,2026-09-17,300
70,2026-09-17,315
70,2026-09-17,330
70,2026-09-17,345
70,2026-09-17,360
70,2026-09-17,375
70,2026-09-17,390
70,2026-09-17,405
70,2026-09-17,420
70,2026-09-17,435
70,2026-09-17,450
70,2026-09-17,465
70,2026-09-17,480
70,2026-09-17,495
70,2026-09-17,510
70,2026-09-17,525
70,2026-09-17,540
70,2026-09-17,555
70,2026-09-17,570
70,2026-09-17,585
70,2026-09-17,600
70,2026-09-17,615
70,2026-09-17,630
70,2026-09-17,645
70,2026-09-17,660
70,2026-09-17,675
70,2026-09-17,690
70,2026-09-17,705
70,2026-09-17,720
70,2026-09-17,735
70,2026-09-17,750
70,2026-09-17,765
70,2026-09-17,780
70,2026-09-17,795
70,2026-09-17,810
70,2026-09-17,825
70,2026-09-17,840
70,2026-09-17,855
70,2026-09-17,870
70,2026-09-17,885
70,2026-09-17,900
70,2026-09-17,915
70,2026-09-17,930
70,2026-09-17,945
70,2026-09-17,960
70,2026-09-17,975
70,2026-09-17,990
70,2026-09-17,1005
70,2026-09-17,1020
70,2026-09-17,1035
70,2026-09-17,1050
70,2026-09-17,1065
70,2026-09-17,1080
70,2026-09-17,1095
70,2026-09-17,1110
70,2026-09-17,1125
70,2026-09-17,1140
70,2026-09-17,1155
70,2026-09-17,1170
70,2026-09-17,1185
70,2026-09-17,1200
70,2026-09-17,1215
70,2026-09-17,1230
70,2026-09-17,1245
70,2026-09-17,1260
70,2026-09-17,1275
70,2026-09-17,1290
70,2026-09-17,1305
70,2026-09-17,1320
70,2026-09-17,1335
70,2026-09-17,1350
70,2026-09-17,1365
70,2026-09-17,1380
70,2026-09-17,1395
70,2026-09-17,1410
70,2026-09-17,1425
91,2026-09-17,0
91,2026-09-17,15
91,2026-09-17,30
91,2026-09-17,45
91,2026-09-17,60
91,2026-09-17,75
91,2026-09-17,90
91,2026-09-17,105
91,2026-09-17,120
91,2026-09-17,135
91,2026-09-17,150
91,2026-09-17,165
91,2026-09-17,180
91,2026-09-17,195
91,2026-09-17,210
91,2026-09-17,225
91,2026-09-17,240
91,2026-09-17,255
91,2026-09-17,270
91,2026-09-17,285
91,2026-09-17,300
91,2026-09-17,315
91,2026-09-17,330
91,2026-09-17,345
91,2026-09-17,360
91,2026-09-17,375
91,2026-09-17,390
91,2026-09-17,405
91,2026-09-17,420
91,2026-09-17,435
91,2026-09-17,450
91,2026-09-17,465
91,2026-09-17,480
91,2026-09-17,495
91,2026-09-17,510
91,2026-09-17,525
91,2026-09-17,540
91,2026-09-17,555
91,2026-09-17,570
91,2026-09-17,585
91,2026-09-17,600
91,2026-09-17,615
91,2026-09-17,630
91,2026-09-17,645
91,2026-09-17,660
91,2026-09-17,675
91,2026-09-17,690
91,2026-09-17,705
91,2026-09-17,720
91,2026-09-17,735
91,2026-09-17,750
91,2026-09-17,765
91,2026-09-17,780
91,2026-09-17,795
91,2026-09-17,810
91,2026-09-17,825
91,2026-09-17,840
91,2026-09-17,855
91,2026-09-17,870
91,2026-09-17,885
91,2026-09-17,900
91,2026-09-17,915
91,2026-09-17,930
91,2026-09-17,945
91,2026-09-17,960
91,2026-09-17,975
91,2026-09-17,990
91,2026-09-17,1005
91,2026-09-17,1020
91,2026-09-17,1035
91,2026-09-17,1050
91,2026-09-17,1065
91,2026-09-17,1080
91,2026-09-17,1095
91,2026-09-17,1110
91,2026-09-17,1125
91,2026-09-17,1140
91,2026-09-17,1155
91,2026-09-17,1170
91,2026-09-17,1185
91,2026-09-17,1200
91,2026-09-17,1215
91,2026-09-17,1230
91,2026-09-17,1245
91,2026-09-17,1260
91,2026-09-17,1275
91,2026-09-17,1290
91,2026-09-17,1305
91,2026-09-17,1320
91,2026-09-17,1335
91,2026-09-17,1350
91,2026-09-17,1365
91,2026-09-17,1380
91,2026-09-17,1395
91,2026-09-17,1410
91,2026-09-17,1425
92,2026-09-17,0
92,2026-09-17,15
92,2026-09-17,30
92,2026-09-17,45
92,2026-09-17,60
92,2026-09-17,75
92,2026-09-17,90
92,2026-09-17,105
92,2026-09-17,120
92,2026-09-17,135
92,2026-09-17,150
92,2026-09-17,165
92,2026-09-17,180
92,2026-09-17,195
92,2026-09-17,210
92,2026-09-17,225
92,2026-09-17,240
92,2026-09-17,255
92,2026-09-17,270
92,2026-09-17,285
92,2026-09-17,300
92,2026-09-17,315
92,2026-09-17,330
92,2026-09-17,345
92,2026-09-17,360
92,2026-09-17,375
92,2026-09-17,390
92,2026-09-17,405
92,2026-09-17,420
92,2026-09-17,435
92,2026-09-17,450
92,2026-09-17,465
92,2026-09-17,480
92,2026-09-17,495
92,2026-09-17,510
92,2026-09-17,525
92,2026-09-17,540
92,2026-09-17,555
92,2026-09-17,570
92,2026-09-17,585
92,2026-09-17,600
92,2026-09-17,615
92,2026-09-17,630
92,2026-09-17,645
92,2026-09-17,660
92,2026-09-17,675
92,2026-09-17,690
92,2026-09-17,705
92,2026-09-17,720
92,2026-09-17,735
92,2026-09-17,750
92,2026-09-17,765
92,2026-09-17,780
92,2026-09-17,795
92,2026-09-17,810
92,2026-09-17,825
92,2026-09-17,840
92,2026-09-17,855
92,2026-09-17,870
92,2026-09-17,885
92,2026-09-17,900
92,2026-09-17,915
92,2026-09-17,930
92,2026-09-17,945
92,2026-09-17,960
92,2026-09-17,975
92,2026-09-17,990
92,2026-09-17,1005
92,2026-09-17,1020
92,2026-09-17,1035
92,2026-09-17,1050
92,2026-09-17,1065
92,2026-09-17,1080
92,2026-09-17,1095
92,2026-09-17,1110
92,2026-09-17,1125
92,2026-09-17,1140
92,2026-09-17,1155
92,2026-09-17,1170
92,2026-09-17,1185
92,2026-09-17,1200
92,2026-09-17,1215
92,2026-09-17,1230
92,2026-09-17,1245
92,2026-09-17,1260
92,2026-09-17,1275
92,2026-09-17,1290
92,2026-09-17,1305
92,2026-09-17,1320
92,2026-09-17,1335
92,2026-09-17,1350
92,2026-09-17,1365
92,2026-09-17,1380
92,2026-09-17,1395
92,2026-09-17,1410
92,2026-09-17,1425
93,2026-09-17,0
93,2026-09-17,15
93,2026-09-17,30
93,2026-09-17,45
93,2026-09-17,60
93,2026-09-17,75
93,2026-09-17,90
93,2026-09-17,105
93,2026-09-17,120
93,2026-09-17,135
93,2026-09-17,150
93,2026-09-17,165
93,2026-09-17,180
93,2026-09-17,195
93,2026-09-17,210
93,2026-09-17,225
93,2026-09-17,240
93,2026-09-17,255
93,2026-09-17,270
93,2026-09-17,285
93,2026-09-17,300
93,2026-09-17,315
93,2026-09-17,330
93,2026-09-17,345
93,2026-09-17,360
93,2026-09-17,375
93,2026-09-17,390
93,2026-09-17,405
93,2026-09-17,420
93,2026-09-17,435
93,2026-09-17,450
93,2026-09-17,465
93,2026-09-17,480
93,2026-09-17,495
93,2026-09-17,510
93,2026-09-17,525
93,2026-09-17,540
93,2026-09-17,555
93,2026-09-17,570
93,2026-09-17,585
93,2026-09-17,600
93,2026-09-17,615
93,2026-09-17,630
93,2026-09-17,645
93,2026-09-17,660
93,2026-09-17,675
93,2026-09-17,690
93,2026-09-17,705
93,2026-09-17,720
93,2026-09-17,735
93,2026-09-17,750
93,2026-09-17,765
93,2026-09-17,780
93,2026-09-17,795
93,2026-09-17,810
93,2026-09-17,825
93,2026-09-17,840
93,2026-09-17,855
93,2026-09-17,870
93,2026-09-17,885
93,2026-09-17,900
93,2026-09-17,915
93,2026-09-17,930
93,2026-09-17,945
93,2026-09-17,960
93,2026-09-17,975
93,2026-09-17,990
93,2026-09-17,1005
93,2026-09-17,1020
93,2026-09-17,1035
93,2026-09-17,1050
93,2026-09-17,1065
93,2026-09-17,1080
93,2026-09-17,1095
93,2026-09-17,1110
93,2026-09-17,1125
93,2026-09-17,1140
93,2026-09-17,1155
93,2026-09-17,1170
93,2026-09-17,1185
93,2026-09-17,1200
93,2026-09-17,1215
93,2026-09-17,1230
93,2026-09-17,1245
93,2026-09-17,1260
93,2026-09-17,1275
93,2026-09-17,1290
93,2026-09-17,1305
93,2026-09-17,1320
93,2026-09-17,1335
93,2026-09-17,1350
93,2026-09-17,1365
93,2026-09-17,1380
93,2026-09-17,1395
93,2026-09-17,1410
93,2026-09-17,1425
94,2026-09-17,0
94,2026-09-17,15
94,2026-09-17,30
94,2026-09-17,45
94,2026-09-17,60
94,2026-09-17,75
94,2026-09-17,90
94,2026-09-17,105
94,2026-09-17,120
94,2026-09-17,135
94,2026-09-17,150
94,2026-09-17,165
94,2026-09-17,180
94,2026-09-17,195
94,2026-09-17,210
94,2026-09-17,225
94,2026-09-17,240
94,2026-09-17,255
94,2026-09-17,270
94,2026-09-17,285
94,2026-09-17,300
94,2026-09-17,315
94,2026-09-17,330
94,2026-09-17,345
94,2026-09-17,360
94,2026-09-17,375
94,2026-09-17,390
94,2026-09-17,405
94,2026-09-17,420
94,2026-09-17,435
94,2026-09-17,450
94,2026-09-17,465
94,2026-09-17,480
94,2026-09-17,495
94,2026-09-17,510
94,2026-09-17,525
94,2026-09-17,540
94,2026-09-17,555
94,2026-09-17,570
94,2026-09-17,585
94,2026-09-17,600
94,2026-09-17,615
94,2026-09-17,630
94,2026-09-17,645
94,2026-09-17,660
94,2026-09-17,675
94,2026-09-17,690
94,2026-09-17,705
94,2026-09-17,720
94,2026-09-17,735
94,2026-09-17,750
94,2026-09-17,765
94,2026-09-17,780
94,2026-09-17,795
94,2026-09-17,810
94,2026-09-17,825
94,2026-09-17,840
94,2026-09-17,855
94,2026-09-17,870
94,2026-09-17,885
94,2026-09-17,900
94,2026-09-17,915
94,2026-09-17,930
94,2026-09-17,945
94,2026-09-17,960
94,2026-09-17,975
94,2026-09-17,990
94,2026-09-17,1005
94,2026-09-17,1020
94,2026-09-17,1035
94,2026-09-17,1050
94,2026-09-17,1065
94,2026-09-17,1080
94,2026-09-17,1095
94,2026-09-17,1110
94,2026-09-17,1125
94,2026-09-17,1140
94,2026-09-17,1155
94,2026-09-17,1170
94,2026-09-17,1185
94,2026-09-17,1200
94,2026-09-17,1215
94,2026-09-17,1230
94,2026-09-17,1245
94,2026-09-17,1260
94,2026-09-17,1275
94,2026-09-17,1290
94,2026-09-17,1305
94,2026-09-17,1320
94,2026-09-17,1335
94,2026-09-17,1350
94,2026-09-17,1365
94,2026-09-17,1380
94,2026-09-17,1395
94,2026-09-17,1410
94,2026-09-17,1425
95,2026-09-17,0
95,2026-09-17,15
95,2026-09-17,30
95,2026-09-17,45
95,2026-09-17,60
95,2026-09-17,75
95,2026-09-17,90
95,2026-09-17,105
95,2026-09-17,120
95,2026-09-17,135
95,2026-09-17,150
95,2026-09-17,165
95,2026-09-17,180
95,2026-09-17,195
95,2026-09-17,210
95,2026-09-17,225
95,2026-09-17,240
95,2026-09-17,255
95,2026-09-17,270
95,2026-09-17,285
95,2026-09-17,300
95,2026-09-17,315
95,2026-09-17,330
95,2026-09-17,345
95,2026-09-17,360
95,2026-09-17,375
95,2026-09-17,390
95,2026-09-17,405
95,2026-09-17,420
95,2026-09-17,435
95,2026-09-17,450
95,2026-09-17,465
95,2026-09-17,480
95,2026-09-17,495
95,2026-09-17,510
95,2026-09-17,525
95,2026-09-17,540
95,2026-09-17,555
95,2026-09-17,570
95,2026-09-17,585
95,2026-09-17,600
95,2026-09-17,615
95,2026-09-17,630
95,2026-09-17,645
95,2026-09-17,660
95,2026-09-17,675
95,2026-09-17,690
95,2026-09-17,705
95,2026-09-17,720
95,2026-09-17,735
95,2026-09-17,750
95,2026-09-17,765
95,2026-09-17,780
95,2026-09-17,795
95,2026-09-17,810
95,2026-09-17,825
95,2026-09-17,840
95,2026-09-17,855
95,2026-09-17,870
95,2026-09-17,885
95,2026-09-17,900
95,2026-09-17,915
95,2026-09-17,930
95,2026-09-17,945
95,2026-09-17,960
95,2026-09-17,975
95,2026-09-17,990
95,2026-09-17,1005
95,2026-09-17,1020
95,2026-09-17,1035
95,2026-09-17,1050
95,2026-09-17,1065
95,2026-09-17,1080
95,2026-09-17,1095
95,2026-09-17,1110
95,2026-09-17,1125
95,2026-09-17,1140
95,2026-09-17,1155
95,2026-09-17,1170
95,2026-09-17,1185
95,2026-09-17,1200
95,2026-09-17,1215
95,2026-09-17,1230
95,2026-09-17,1245
95,2026-09-17,1260
95,2026-09-17,1275
95,2026-09-17,1290
95,2026-09-17,1305
95,2026-09-17,1320
95,2026-09-17,1335
95,2026-09-17,1350
95,2026-09-17,1365
95,2026-09-17,1380
95,2026-09-17,1395
95,2026-09-17,1410
95,2026-09-17,1425
96,2026-09-17,0
96,2026-09-17,15
96,2026-09-17,30
96,2026-09-17,45
96,2026-09-17,60
96,2026-09-17,75
96,2026-09-17,90
96,2026-09-17,105
96,2026-09-17,120
96,2026-09-17,135
96,2026-09-17,150
96,2026-09-17,165
96,2026-09-17,180
96,2026-09-17,195
96,2026-09-17,210
96,2026-09-17,225
96,2026-09-17,240
96,2026-09-17,255
96,2026-09-17,270
96,2026-09-17,285
96,2026-09-17,300
96,2026-09-17,315
96,2026-09-17,330
96,2026-09-17,345
96,2026-09-17,360
96,2026-09-17,375
96,2026-09-17,390
96,2026-09-17,405
96,2026-09-17,420
96,2026-09-17,435
96,2026-09-17,450
96,2026-09-17,465
96,2026-09-17,480
96,2026-09-17,495
96,2026-09-17,510
96,2026-09-17,525
96,2026-09-17,540
96,2026-09-17,555
96,2026-09-17,570
96,2026-09-17,585
96,2026-09-17,600
96,2026-09-17,615
96,2026-09-17,630
96,2026-09-17,645
96,2026-09-17,660
96,2026-09-17,675
96,2026-09-17,690
96,2026-09-17,705
96,2026-09-17,720
96,2026-09-17,735
96,2026-09-17,750
96,2026-09-17,765
96,2026-09-17,780
96,2026-09-17,795
96,2026-09-17,810
96,2026-09-17,825
96,2026-09-17,840
96,2026-09-17,855
96,2026-09-17,870
96,2026-09-17,885
96,2026-09-17,900
96,2026-09-17,915
96,2026-09-17,930
96,2026-09-17,945
96,2026-09-17,960
96,2026-09-17,975
96,2026-09-17,990
96,2026-09-17,1005
96,2026-09-17,1020
96,2026-09-17,1035
96,2026-09-17,1050
96,2026-09-17,1065
96,2026-09-17,1080
96,2026-09-17,1095
96,2026-09-17,1110
96,2026-09-17,1125
96,2026-09-17,1140
96,2026-09-17,1155
96,2026-09-17,1170
96,2026-09-17,1185
96,2026-09-17,1200
96,2026-09-17,1215
96,2026-09-17,1230
96,2026-09-17,1245
96,2026-09-17,1260
96,2026-09-17,1275
96,2026-09-17,1290
96,2026-09-17,1305
96,2026-09-17,1320
96,2026-09-17,1335
96,2026-09-17,1350
96,2026-09-17,1365
96,2026-09-17,1380
96,2026-09-17,1395
96,2026-09-17,1410
96,2026-09-17,1425
97,2026-09-17,0
97,2026-09-17,15
97,2026-09-17,30
97,2026-09-17,45
97,2026-09-17,60
97,2026-09-17,75
97,2026-09-17,90
97,2026-09-17,105
97,2026-09-17,120
97,2026-09-17,135
97,2026-09-17,150
97,2026-09-17,165
97,2026-09-17,180
97,2026-09-17,195
97,2026-09-17,210
97,2026-09-17,225
97,2026-09-17,240
97,2026-09-17,255
97,2026-09-17,270
97,2026-09-17,285
97,2026-09-17,300
97,2026-09-17,315
97,2026-09-17,330
97,2026-09-17,345
97,2026-09-17,360
97,2026-09-17,375
97,2026-09-17,390
97,2026-09-17,405
97,2026-09-17,420
97,2026-09-17,435
97,2026-09-17,450
97,2026-09-17,465
97,2026-09-17,480
97,2026-09-17,495
97,2026-09-17,510
97,2026-09-17,525
97,2026-09-17,540
97,2026-09-17,555
97,2026-09-17,570
97,2026-09-17,585
97,2026-09-17,600
97,2026-09-17,615
97,2026-09-17,630
97,2026-09-17,645
97,2026-09-17,660
97,2026-09-17,675
97,2026-09-17,690
97,2026-09-17,705
97,2026-09-17,720
97,2026-09-17,735
97,2026-09-17,750
97,2026-09-17,765
97,2026-09-17,780
97,2026-09-17,795
97,2026-09-17,810
97,2026-09-17,825
97,2026-09-17,840
97,2026-09-17,855
97,2026-09-17,870
97,2026-09-17,885
97,2026-09-17,900
97,2026-09-17,915
97,2026-09-17,930
97,2026-09-17,945
97,2026-09-17,960
97,2026-09-17,975
97,2026-09-17,990
97,2026-09-17,1005
97,2026-09-17,1020
97,2026-09-17,1035
97,2026-09-17,1050
97,2026-09-17,1065
97,2026-09-17,1080
97,2026-09-17,1095
97,2026-09-17,1110
97,2026-09-17,1125
97,2026-09-17,1140
97,2026-09-17,1155
97,2026-09-17,1170
97,2026-09-17,1185
97,2026-09-17,1200
97,2026-09-17,1215
97,2026-09-17,1230
97,2026-09-17,1245
97,2026-09-17,1260
97,2026-09-17,1275
97,2026-09-17,1290
97,2026-09-17,1305
97,2026-09-17,1320
97,2026-09-17,1335
97,2026-09-17,1350
97,2026-09-17,1365
97,2026-09-17,1380
97,2026-09-17,1395
97,2026-09-17,1410
97,2026-09-17,1425
98,2026-09-17,0
98,2026-09-17,15
98,2026-09-17,30
98,2026-09-17,45
98,2026-09-17,60
98,2026-09-17,75
98,2026-09-17,90
98,2026-09-17,105
98,2026-09-17,120
98,2026-09-17,135
98,2026-09-17,150
98,2026-09-17,165
98,2026-09-17,180
98,2026-09-17,195
98,2026-09-17,210
98,2026-09-17,225
98,2026-09-17,240
98,2026-09-17,255
98,2026-09-17,270
98,2026-09-17,285
98,2026-09-17,300
98,2026-09-17,315
98,2026-09-17,330
98,2026-09-17,345
98,2026-09-17,360
98,2026-09-17,375
98,2026-09-17,390
98,2026-09-17,405
98,2026-09-17,420
98,2026-09-17,435
98,2026-09-17,450
98,2026-09-17,465
98,2026-09-17,480
98,2026-09-17,495
98,2026-09-17,510
98,2026-09-17,525
98,2026-09-17,540
98,2026-09-17,555
98,2026-09-17,570
98,2026-09-17,585
98,2026-09-17,600
98,2026-09-17,615
98,2026-09-17,630
98,2026-09-17,645
98,2026-09-17,660
98,2026-09-17,675
98,2026-09-17,690
98,2026-09-17,705
98,2026-09-17,720
98,2026-09-17,735
98,2026-09-17,750
98,2026-09-17,765
98,2026-09-17,780
98,2026-09-17,795
98,2026-09-17,810
98,2026-09-17,825
98,2026-09-17,840
98,2026-09-17,855
98,2026-09-17,870
98,2026-09-17,885
98,2026-09-17,900
98,2026-09-17,915
98,2026-09-17,930
98,2026-09-17,945
98,2026-09-17,960
98,2026-09-17,975
98,2026-09-17,990
98,2026-09-17,1005
98,2026-09-17,1020
98,2026-09-17,1035
98,2026-09-17,1050
98,2026-09-17,1065
98,2026-09-17,1080
98,2026-09-17,1095
98,2026-09-17,1110
98,2026-09-17,1125
98,2026-09-17,1140
98,2026-09-17,1155
98,2026-09-17,1170
98,2026-09-17,1185
98,2026-09-17,1200
98,2026-09-17,1215
98,2026-09-17,1230
98,2026-09-17,1245
98,2026-09-17,1260
98,2026-09-17,1275
98,2026-09-17,1290
98,2026-09-17,1305
98,2026-09-17,1320
98,2026-09-17,1335
98,2026-09-17,1350
98,2026-09-17,1365
98,2026-09-17,1380
98,2026-09-17,1395
98,2026-09-17,1410
98,2026-09-17,1425
99,2026-09-17,0
99,2026-09-17,15
99,2026-09-17,30
99,2026-09-17,45
99,2026-09-17,60
99,2026-09-17,75
99,2026-09-17,90
99,2026-09-17,105
99,2026-09-17,120
99,2026-09-17,135
99,2026-09-17,150
99,2026-09-17,165
99,2026-09-17,180
99,2026-09-17,195
99,2026-09-17,210
99,2026-09-17,225
99,2026-09-17,240
99,2026-09-17,255
99,2026-09-17,270
99,2026-09-17,285
99,2026-09-17,300
99,2026-09-17,315
99,2026-09-17,330
99,2026-09-17,345
99,2026-09-17,360
99,2026-09-17,375
99,2026-09-17,390
99,2026-09-17,405
99,2026-09-17,420
99,2026-09-17,435
99,2026-09-17,450
99,2026-09-17,465
99,2026-09-17,480
99,2026-09-17,495
99,2026-09-17,510
99,2026-09-17,525
99,2026-09-17,540
99,2026-09-17,555
99,2026-09-17,570
99,2026-09-17,585
99,2026-09-17,600
99,2026-09-17,615
99,2026-09-17,630
99,2026-09-17,645
99,2026-09-17,660
99,2026-09-17,675
99,2026-09-17,690
99,2026-09-17,705
99,2026-09-17,720
99,2026-09-17,735
99,2026-09-17,750
99,2026-09-17,765
99,2026-09-17,780
99,2026-09-17,795
99,2026-09-17,810
99,2026-09-17,825
99,2026-09-17,840
99,2026-09-17,855
99,2026-09-17,870
99,2026-09-17,885
99,2026-09-17,900
99,2026-09-17,915
99,2026-09-17,930
99,2026-09-17,945
99,2026-09-17,960
99,2026-09-17,975
99,2026-09-17,990
99,2026-09-17,1005
99,2026-09-17,1020
99,2026-09-17,1035
99,2026-09-17,1050
99,2026-09-17,1065
99,2026-09-17,1080
99,2026-09-17,1095
99,2026-09-17,1110
99,2026-09-17,1125
99,2026-09-17,1140
99,2026-09-17,1155
99,2026-09-17,1170
99,2026-09-17,1185
99,2026-09-17,1200
99,2026-09-17,1215
99,2026-09-17,1230
99,2026-09-17,1245
99,2026-09-17,1260
99,2026-09-17,1275
99,2026-09-17,1290
99,2026-09-17,1305
99,2026-09-17,1320
99,2026-09-17,1335
99,2026-09-17,1350
99,2026-09-17,1365
99,2026-09-17,1380
99,2026-09-17,1395
99,2026-09-17,1410
99,2026-09-17,1425
100,2026-09-17,0
100,2026-09-17,15
100,2026-09-17,30
100,2026-09-17,45
100,2026-09-17,60
100,2026-09-17,75
100,2026-09-17,90
100,2026-09-17,105
100,2026-09-17,120
100,2026-09-17,135
100,2026-09-17,150
100,2026-09-17,165
100,2026-09-17,180
100,2026-09-17,195
100,2026-09-17,210
100,2026-09-17,225
100,2026-09-17,240
100,2026-09-17,255
100,2026-09-17,270
100,2026-09-17,285
100,2026-09-17,300
100,2026-09-17,315
100,2026-09-17,330
100,2026-09-17,345
100,2026-09-17,360
100,2026-09-17,375
100,2026-09-17,390
100,2026-09-17,405
100,2026-09-17,420
100,2026-09-17,435
100,2026-09-17,450
100,2026-09-17,465
100,2026-09-17,480
100,2026-09-17,495
100,2026-09-17,510
100,2026-09-17,525
100,2026-09-17,540
100,2026-09-17,555
100,2026-09-17,570
100,2026-09-17,585
100,2026-09-17,600
100,2026-09-17,615
100,2026-09-17,630
100,2026-09-17,645
100,2026-09-17,660
100,2026-09-17,675
100,2026-09-17,690
100,2026-09-17,705
100,2026-09-17,720
100,2026-09-17,735
100,2026-09-17,750
100,2026-09-17,765
100,2026-09-17,780
100,2026-09-17,795
100,2026-09-17,810
100,2026-09-17,825
100,2026-09-17,840
100,2026-09-17,855
100,2026-09-17,870
100,2026-09-17,885
100,2026-09-17,900
100,2026-09-17,915
100,2026-09-17,930
100,2026-09-17,945
100,2026-09-17,960
100,2026-09-17,975
100,2026-09-17,990
100,2026-09-17,1005
100,2026-09-17,1020
100,2026-09-17,1035
100,2026-09-17,1050
100,2026-09-17,1065
100,2026-09-17,1080
100,2026-09-17,1095
100,2026-09-17,1110
100,2026-09-17,1125
100,2026-09-17,1140
100,2026-09-17,1155
100,2026-09-17,1170
100,2026-09-17,1185
100,2026-09-17,1200
100,2026-09-17,1215
100,2026-09-17,1230
100,2026-09-17,1245
100,2026-09-17,1260
100,2026-09-17,1275
100,2026-09-17,1290
100,2026-09-17,1305
100,2026-09-17,1320
100,2026-09-17,1335
100,2026-09-17,1350
100,2026-09-17,1365
100,2026-09-17,1380
100,2026-09-17,1395
100,2026-09-17,1410
100,2026-09-17,1425
101,2026-09-17,0
101,2026-09-17,15
101,2026-09-17,30
101,2026-09-17,45
101,2026-09-17,60
101,2026-09-17,75
101,2026-09-17,90
101,2026-09-17,105
101,2026-09-17,120
101,2026-09-17,135
101,2026-09-17,150
101,2026-09-17,165
101,2026-09-17,180
101,2026-09-17,195
101,2026-09-17,210
101,2026-09-17,225
101,2026-09-17,240
101,2026-09-17,255
101,2026-09-17,270
101,2026-09-17,285
101,2026-09-17,300
101,2026-09-17,315
101,2026-09-17,330
101,2026-09-17,345
101,2026-09-17,360
101,2026-09-17,375
101,2026-09-17,390
101,2026-09-17,405
101,2026-09-17,420
101,2026-09-17,435
101,2026-09-17,450
101,2026-09-17,465
101,2026-09-17,480
101,2026-09-17,495
101,2026-09-17,510
101,2026-09-17,525
101,2026-09-17,540
101,2026-09-17,555
101,2026-09-17,570
101,2026-09-17,585
101,2026-09-17,600
101,2026-09-17,615
101,2026-09-17,630
101,2026-09-17,645
101,2026-09-17,660
101,2026-09-17,675
101,2026-09-17,690
101,2026-09-17,705
101,2026-09-17,720
101,2026-09-17,735
101,2026-09-17,750
101,2026-09-17,765
101,2026-09-17,780
101,2026-09-17,795
101,2026-09-17,810
101,2026-09-17,825
101,2026-09-17,840
101,2026-09-17,855
101,2026-09-17,870
101,2026-09-17,885
101,2026-09-17,900
101,2026-09-17,915
101,2026-09-17,930
101,2026-09-17,945
101,2026-09-17,960
101,2026-09-17,975
101,2026-09-17,990
101,2026-09-17,1005
101,2026-09-17,1020
101,2026-09-17,1035
101,2026-09-17,1050
101,2026-09-17,1065
101,2026-09-17,1080
101,2026-09-17,1095
101,2026-09-17,1110
101,2026-09-17,1125
101,2026-09-17,1140
101,2026-09-17,1155
101,2026-09-17,1170
101,2026-09-17,1185
101,2026-09-17,1200
101,2026-09-17,1215
101,2026-09-17,1230
101,2026-09-17,1245
101,2026-09-17,1260
101,2026-09-17,1275
101,2026-09-17,1290
101,2026-09-17,1305
101,2026-09-17,1320
101,2026-09-17,1335
101,2026-09-17,1350
101,2026-09-17,1365
101,2026-09-17,1380
101,2026-09-17,1395
101,2026-09-17,1410
101,2026-09-17,1425
102,2026-09-17,0
102,2026-09-17,15
102,2026-09-17,30
102,2026-09-17,45
102,2026-09-17,60
102,2026-09-17,75
102,2026-09-17,90
102,2026-09-17,105
102,2026-09-17,120
102,2026-09-17,135
102,2026-09-17,150
102,2026-09-17,165
102,2026-09-17,180
102,2026-09-17,195
102,2026-09-17,210
102,2026-09-17,225
102,2026-09-17,240
102,2026-09-17,255
102,2026-09-17,270
102,2026-09-17,285
102,2026-09-17,300
102,2026-09-17,315
102,2026-09-17,330
102,2026-09-17,345
102,2026-09-17,360
102,2026-09-17,375
102,2026-09-17,390
102,2026-09-17,405
102,2026-09-17,420
102,2026-09-17,435
102,2026-09-17,450
102,2026-09-17,465
102,2026-09-17,480
102,2026-09-17,495
102,2026-09-17,510
102,2026-09-17,525
102,2026-09-17,540
102,2026-09-17,555
102,2026-09-17,570
102,2026-09-17,585
102,2026-09-17,600
102,2026-09-17,615
102,2026-09-17,630
102,2026-09-17,645
102,2026-09-17,660
102,2026-09-17,675
102,2026-09-17,690
102,2026-09-17,705
102,2026-09-17,720
102,2026-09-17,735
102,2026-09-17,750
102,2026-09-17,765
102,2026-09-17,780
102,2026-09-17,795
102,2026-09-17,810
102,2026-09-17,825
102,2026-09-17,840
102,2026-09-17,855
102,2026-09-17,870
102,2026-09-17,885
102,2026-09-17,900
102,2026-09-17,915
102,2026-09-17,930
102,2026-09-17,945
102,2026-09-17,960
102,2026-09-17,975
102,2026-09-17,990
102,2026-09-17,1005
102,2026-09-17,1020
102,2026-09-17,1035
102,2026-09-17,1050
102,2026-09-17,1065
102,2026-09-17,1080
102,2026-09-17,1095
102,2026-09-17,1110
102,2026-09-17,1125
102,2026-09-17,1140
102,2026-09-17,1155
102,2026-09-17,1170
102,2026-09-17,1185
102,2026-09-17,1200
102,2026-09-17,1215
102,2026-09-17,1230
102,2026-09-17,1245
102,2026-09-17,1260
102,2026-09-17,1275
102,2026-09-17,1290
102,2026-09-17,1305
102,2026-09-17,1320
102,2026-09-17,1335
102,2026-09-17,1350
102,2026-09-17,1365
102,2026-09-17,1380
102,2026-09-17,1395
102,2026-09-17,1410
102,2026-09-17,1425
103,2026-09-17,0
103,2026-09-17,15
103,2026-09-17,30
103,2026-09-17,45
103,2026-09-17,60
103,2026-09-17,75
103,2026-09-17,90
103,2026-09-17,105
103,2026-09-17,120
103,2026-09-17,135
103,2026-09-17,150
103,2026-09-17,165
103,2026-09-17,180
103,2026-09-17,195
103,2026-09-17,210
103,2026-09-17,225
103,2026-09-17,240
103,2026-09-17,255
103,2026-09-17,270
103,2026-09-17,285
103,2026-09-17,300
103,2026-09-17,315
103,2026-09-17,330
103,2026-09-17,345
103,2026-09-17,360
103,2026-09-17,375
103,2026-09-17,390
103,2026-09-17,405
103,2026-09-17,420
103,2026-09-17,435
103,2026-09-17,450
103,2026-09-17,465
103,2026-09-17,480
103,2026-09-17,495
103,2026-09-17,510
103,2026-09-17,525
103,2026-09-17,540
103,2026-09-17,555
103,2026-09-17,570
103,2026-09-17,585
103,2026-09-17,600
103,2026-09-17,615
103,2026-09-17,630
103,2026-09-17,645
103,2026-09-17,660
103,2026-09-17,675
103,2026-09-17,690
103,2026-09-17,705
103,2026-09-17,720
103,2026-09-17,735
103,2026-09-17,750
103,2026-09-17,765
103,2026-09-17,780
103,2026-09-17,795
103,2026-09-17,810
103,2026-09-17,825
103,2026-09-17,840
103,2026-09-17,855
103,2026-09-17,870
103,2026-09-17,885
103,2026-09-17,900
103,2026-09-17,915
103,2026-09-17,930
103,2026-09-17,945
103,2026-09-17,960
103,2026-09-17,975
103,2026-09-17,990
103,2026-09-17,1005
103,2026-09-17,1020
103,2026-09-17,1035
103,2026-09-17,1050
103,2026-09-17,1065
103,2026-09-17,1080
103,2026-09-17,1095
103,2026-09-17,1110
103,2026-09-17,1125
103,2026-09-17,1140
103,2026-09-17,1155
103,2026-09-17,1170
103,2026-09-17,1185
103,2026-09-17,1200
103,2026-09-17,1215
103,2026-09-17,1230
103,2026-09-17,1245
103,2026-09-17,1260
103,2026-09-17,1275
103,2026-09-17,1290
103,2026-09-17,1305
103,2026-09-17,1320
103,2026-09-17,1335
103,2026-09-17,1350
103,2026-09-17,1365
103,2026-09-17,1380
103,2026-09-17,1395
103,2026-09-17,1410
103,2026-09-17,1425
104,2026-09-17,0
104,2026-09-17,15
104,2026-09-17,30
104,2026-09-17,45
104,2026-09-17,60
104,2026-09-17,75
104,2026-09-17,90
104,2026-09-17,105
104,2026-09-17,120
104,2026-09-17,135
104,2026-09-17,150
104,2026-09-17,165
104,2026-09-17,180
104,2026-09-17,195
104,2026-09-17,210
104,2026-09-17,225
104,2026-09-17,240
104,2026-09-17,255
104,2026-09-17,270
104,2026-09-17,285
104,2026-09-17,300
104,2026-09-17,315
104,2026-09-17,330
104,2026-09-17,345
104,2026-09-17,360
104,2026-09-17,375
104,2026-09-17,390
104,2026-09-17,405
104,2026-09-17,420
104,2026-09-17,435
104,2026-09-17,450
104,2026-09-17,465
104,2026-09-17,480
104,2026-09-17,495
104,2026-09-17,510
104,2026-09-17,525
104,2026-09-17,540
104,2026-09-17,555
104,2026-09-17,570
104,2026-09-17,585
104,2026-09-17,600
104,2026-09-17,615
104,2026-09-17,630
104,2026-09-17,645
104,2026-09-17,660
104,2026-09-17,675
104,2026-09-17,690
104,2026-09-17,705
104,2026-09-17,720
104,2026-09-17,735
104,2026-09-17,750
104,2026-09-17,765
104,2026-09-17,780
104,2026-09-17,795
104,2026-09-17,810
104,2026-09-17,825
104,2026-09-17,840
104,2026-09-17,855
104,2026-09-17,870
104,2026-09-17,885
104,2026-09-17,900
104,2026-09-17,915
104,2026-09-17,930
104,2026-09-17,945
104,2026-09-17,960
104,2026-09-17,975
104,2026-09-17,990
104,2026-09-17,1005
104,2026-09-17,1020
104,2026-09-17,1035
104,2026-09-17,1050
104,2026-09-17,1065
104,2026-09-17,1080
104,2026-09-17,1095
104,2026-09-17,1110
104,2026-09-17,1125
104,2026-09-17,1140
104,2026-09-17,1155
104,2026-09-17,1170
104,2026-09-17,1185
104,2026-09-17,1200
104,2026-09-17,1215
104,2026-09-17,1230
104,2026-09-17,1245
104,2026-09-17,1260
104,2026-09-17,1275
104,2026-09-17,1290
104,2026-09-17,1305
104,2026-09-17,1320
104,2026-09-17,1335
104,2026-09-17,1350
104,2026-09-17,1365
104,2026-09-17,1380
104,2026-09-17,1395
104,2026-09-17,1410
104,2026-09-17,1425
105,2026-09-17,0
105,2026-09-17,15
105,2026-09-17,30
105,2026-09-17,45
105,2026-09-17,60
105,2026-09-17,75
105,2026-09-17,90
105,2026-09-17,105
105,2026-09-17,120
105,2026-09-17,135
105,2026-09-17,150
105,2026-09-17,165
105,2026-09-17,180
105,2026-09-17,195
105,2026-09-17,210
105,2026-09-17,225
105,2026-09-17,240
105,2026-09-17,255
105,2026-09-17,270
105,2026-09-17,285
105,2026-09-17,300
105,2026-09-17,315
105,2026-09-17,330
105,2026-09-17,345
105,2026-09-17,360
105,2026-09-17,375
105,2026-09-17,390
105,2026-09-17,405
105,2026-09-17,420
105,2026-09-17,435
105,2026-09-17,450
105,2026-09-17,465
105,2026-09-17,480
105,2026-09-17,495
105,2026-09-17,510
105,2026-09-17,525
105,2026-09-17,540
105,2026-09-17,555
105,2026-09-17,570
105,2026-09-17,585
105,2026-09-17,600
105,2026-09-17,615
105,2026-09-17,630
105,2026-09-17,645
105,2026-09-17,660
105,2026-09-17,675
105,2026-09-17,690
105,2026-09-17,705
105,2026-09-17,720
105,2026-09-17,735
105,2026-09-17,750
105,2026-09-17,765
105,2026-09-17,780
105,2026-09-17,795
105,2026-09-17,810
105,2026-09-17,825
105,2026-09-17,840
105,2026-09-17,855
105,2026-09-17,870
105,2026-09-17,885
105,2026-09-17,900
105,2026-09-17,915
105,2026-09-17,930
105,2026-09-17,945
105,2026-09-17,960
105,2026-09-17,975
105,2026-09-17,990
105,2026-09-17,1005
105,2026-09-17,1020
105,2026-09-17,1035
105,2026-09-17,1050
105,2026-09-17,1065
105,2026-09-17,1080
105,2026-09-17,1095
105,2026-09-17,1110
105,2026-09-17,1125
105,2026-09-17,1140
105,2026-09-17,1155
105,2026-09-17,1170
105,2026-09-17,1185
105,2026-09-17,1200
105,2026-09-17,1215
105,2026-09-17,1230
105,2026-09-17,1245
105,2026-09-17,1260
105,2026-09-17,1275
105,2026-09-17,1290
105,2026-09-17,1305
105,2026-09-17,1320
105,2026-09-17,1335
105,2026-09-17,1350
105,2026-09-17,1365
105,2026-09-17,1380
105,2026-09-17,1395
105,2026-09-17,1410
105,2026-09-17,1425
106,2026-09-17,0
106,2026-09-17,15
106,2026-09-17,30
106,2026-09-17,45
106,2026-09-17,60
106,2026-09-17,75
106,2026-09-17,90
106,2026-09-17,105
106,2026-09-17,120
106,2026-09-17,135
106,2026-09-17,150
106,2026-09-17,165
106,2026-09-17,180
106,2026-09-17,195
106,2026-09-17,210
106,2026-09-17,225
106,2026-09-17,240
106,2026-09-17,255
106,2026-09-17,270
106,2026-09-17,285
106,2026-09-17,300
106,2026-09-17,315
106,2026-09-17,330
106,2026-09-17,345
106,2026-09-17,360
106,2026-09-17,375
106,2026-09-17,390
106,2026-09-17,405
106,2026-09-17,420
106,2026-09-17,435
106,2026-09-17,450
106,2026-09-17,465
106,2026-09-17,480
106,2026-09-17,495
106,2026-09-17,510
106,2026-09-17,525
106,2026-09-17,540
106,2026-09-17,555
106,2026-09-17,570
106,2026-09-17,585
106,2026-09-17,600
106,2026-09-17,615
106,2026-09-17,630
106,2026-09-17,645
106,2026-09-17,660
106,2026-09-17,675
106,2026-09-17,690
106,2026-09-17,705
106,2026-09-17,720
106,2026-09-17,735
106,2026-09-17,750
106,2026-09-17,765
106,2026-09-17,780
106,2026-09-17,795
106,2026-09-17,810
106,2026-09-17,825
106,2026-09-17,840
106,2026-09-17,855
106,2026-09-17,870
106,2026-09-17,885
106,2026-09-17,900
106,2026-09-17,915
106,2026-09-17,930
106,2026-09-17,945
106,2026-09-17,960
106,2026-09-17,975
106,2026-09-17,990
106,2026-09-17,1005
106,2026-09-17,1020
106,2026-09-17,1035
106,2026-09-17,1050
106,2026-09-17,1065
106,2026-09-17,1080
106,2026-09-17,1095
106,2026-09-17,1110
106,2026-09-17,1125
106,2026-09-17,1140
106,2026-09-17,1155
106,2026-09-17,1170
106,2026-09-17,1185
106,2026-09-17,1200
106,2026-09-17,1215
106,2026-09-17,1230
106,2026-09-17,1245
106,2026-09-17,1260
106,2026-09-17,1275
106,2026-09-17,1290
106,2026-09-17,1305
106,2026-09-17,1320
106,2026-09-17,1335
106,2026-09-17,1350
106,2026-09-17,1365
106,2026-09-17,1380
106,2026-09-17,1395
106,2026-09-17,1410
106,2026-09-17,1425
107,2026-09-17,0
107,2026-09-17,15
107,2026-09-17,30
107,2026-09-17,45
107,2026-09-17,60
107,2026-09-17,75
107,2026-09-17,90
107,2026-09-17,105
107,2026-09-17,120
107,2026-09-17,135
107,2026-09-17,150
107,2026-09-17,165
107,2026-09-17,180
107,2026-09-17,195
107,2026-09-17,210
107,2026-09-17,225
107,2026-09-17,240
107,2026-09-17,255
107,2026-09-17,270
107,2026-09-17,285
107,2026-09-17,300
107,2026-09-17,315
107,2026-09-17,330
107,2026-09-17,345
107,2026-09-17,360
107,2026-09-17,375
107,2026-09-17,390
107,2026-09-17,405
107,2026-09-17,420
107,2026-09-17,435
107,2026-09-17,450
107,2026-09-17,465
107,2026-09-17,480
107,2026-09-17,495
107,2026-09-17,510
107,2026-09-17,525
107,2026-09-17,540
107,2026-09-17,555
107,2026-09-17,570
107,2026-09-17,585
107,2026-09-17,600
107,2026-09-17,615
107,2026-09-17,630
107,2026-09-17,645
107,2026-09-17,660
107,2026-09-17,675
107,2026-09-17,690
107,2026-09-17,705
107,2026-09-17,720
107,2026-09-17,735
107,2026-09-17,750
107,2026-09-17,765
107,2026-09-17,780
107,2026-09-17,795
107,2026-09-17,810
107,2026-09-17,825
107,2026-09-17,840
107,2026-09-17,855
107,2026-09-17,870
107,2026-09-17,885
107,2026-09-17,900
107,2026-09-17,915
107,2026-09-17,930
107,2026-09-17,945
107,2026-09-17,960
107,2026-09-17,975
107,2026-09-17,990
107,2026-09-17,1005
107,2026-09-17,1020
107,2026-09-17,1035
107,2026-09-17,1050
107,2026-09-17,1065
107,2026-09-17,1080
107,2026-09-17,1095
107,2026-09-17,1110
107,2026-09-17,1125
107,2026-09-17,1140
107,2026-09-17,1155
107,2026-09-17,1170
107,2026-09-17,1185
107,2026-09-17,1200
107,2026-09-17,1215
107,2026-09-17,1230
107,2026-09-17,1245
107,2026-09-17,1260
107,2026-09-17,1275
107,2026-09-17,1290
107,2026-09-17,1305
107,2026-09-17,1320
107,2026-09-17,1335
107,2026-09-17,1350
107,2026-09-17,1365
107,2026-09-17,1380
107,2026-09-17,1395
107,2026-09-17,1410
107,2026-09-17,1425
108,2026-09-17,0
108,2026-09-17,15
108,2026-09-17,30
108,2026-09-17,45
108,2026-09-17,60
108,2026-09-17,75
108,2026-09-17,90
108,2026-09-17,105
108,2026-09-17,120
108,2026-09-17,135
108,2026-09-17,150
108,2026-09-17,165
108,2026-09-17,180
108,2026-09-17,195
108,2026-09-17,210
108,2026-09-17,225
108,2026-09-17,240
108,2026-09-17,255
108,2026-09-17,270
108,2026-09-17,285
108,2026-09-17,300
108,2026-09-17,315
108,2026-09-17,330
108,2026-09-17,345
108,2026-09-17,360
108,2026-09-17,375
108,2026-09-17,390
108,2026-09-17,405
108,2026-09-17,420
108,2026-09-17,435
108,2026-09-17,450
108,2026-09-17,465
108,2026-09-17,480
108,2026-09-17,495
108,2026-09-17,510
108,2026-09-17,525
108,2026-09-17,540
108,2026-09-17,555
108,2026-09-17,570
108,2026-09-17,585
108,2026-09-17,600
108,2026-09-17,615
108,2026-09-17,630
108,2026-09-17,645
108,2026-09-17,660
108,2026-09-17,675
108,2026-09-17,690
108,2026-09-17,705
108,2026-09-17,720
108,2026-09-17,735
108,2026-09-17,750
108,2026-09-17,765
108,2026-09-17,780
108,2026-09-17,795
108,2026-09-17,810
108,2026-09-17,825
108,2026-09-17,840
108,2026-09-17,855
108,2026-09-17,870
108,2026-09-17,885
108,2026-09-17,900
108,2026-09-17,915
108,2026-09-17,930
108,2026-09-17,945
108,2026-09-17,960
108,2026-09-17,975
108,2026-09-17,990
108,2026-09-17,1005
108,2026-09-17,1020
108,2026-09-17,1035
108,2026-09-17,1050
108,2026-09-17,1065
108,2026-09-17,1080
108,2026-09-17,1095
108,2026-09-17,1110
108,2026-09-17,1125
108,2026-09-17,1140
108,2026-09-17,1155
108,2026-09-17,1170
108,2026-09-17,1185
108,2026-09-17,1200
108,2026-09-17,1215
108,2026-09-17,1230
108,2026-09-17,1245
108,2026-09-17,1260
108,2026-09-17,1275
108,2026-09-17,1290
108,2026-09-17,1305
108,2026-09-17,1320
108,2026-09-17,1335
108,2026-09-17,1350
108,2026-09-17,1365
108,2026-09-17,1380
108,2026-09-17,1395
108,2026-09-17,1410
108,2026-09-17,1425
109,2026-09-17,0
109,2026-09-17,15
109,2026-09-17,30
109,2026-09-17,45
109,2026-09-17,60
109,2026-09-17,75
109,2026-09-17,90
109,2026-09-17,105
109,2026-09-17,120
109,2026-09-17,135
109,2026-09-17,150
109,2026-09-17,165
109,2026-09-17,180
109,2026-09-17,195
109,2026-09-17,210
109,2026-09-17,225
109,2026-09-17,240
109,2026-09-17,255
109,2026-09-17,270
109,2026-09-17,285
109,2026-09-17,300
109,2026-09-17,315
109,2026-09-17,330
109,2026-09-17,345
109,2026-09-17,360
109,2026-09-17,375
109,2026-09-17,390
109,2026-09-17,405
109,2026-09-17,420
109,2026-09-17,435
109,2026-09-17,450
109,2026-09-17,465
109,2026-09-17,480
109,2026-09-17,495
109,2026-09-17,510
109,2026-09-17,525
109,2026-09-17,540
109,2026-09-17,555
109,2026-09-17,570
109,2026-09-17,585
109,2026-09-17,600
109,2026-09-17,615
109,2026-09-17,630
109,2026-09-17,645
109,2026-09-17,660
109,2026-09-17,675
109,2026-09-17,690
109,2026-09-17,705
109,2026-09-17,720
109,2026-09-17,735
109,2026-09-17,750
109,2026-09-17,765
109,2026-09-17,780
109,2026-09-17,795
109,2026-09-17,810
109,2026-09-17,825
109,2026-09-17,840
109,2026-09-17,855
109,2026-09-17,870
109,2026-09-17,885
109,2026-09-17,900
109,2026-09-17,915
109,2026-09-17,930
109,2026-09-17,945
109,2026-09-17,960
109,2026-09-17,975
109,2026-09-17,990
109,2026-09-17,1005
109,2026-09-17,1020
109,2026-09-17,1035
109,2026-09-17,1050
109,2026-09-17,1065
109,2026-09-17,1080
109,2026-09-17,1095
109,2026-09-17,1110
109,2026-09-17,1125
109,2026-09-17,1140
109,2026-09-17,1155
109,2026-09-17,1170
109,2026-09-17,1185
109,2026-09-17,1200
109,2026-09-17,1215
109,2026-09-17,1230
109,2026-09-17,1245
109,2026-09-17,1260
109,2026-09-17,1275
109,2026-09-17,1290
109,2026-09-17,1305
109,2026-09-17,1320
109,2026-09-17,1335
109,2026-09-17,1350
109,2026-09-17,1365
109,2026-09-17,1380
109,2026-09-17,1395
109,2026-09-17,1410
109,2026-09-17,1425
110,2026-09-17,0
110,2026-09-17,15
110,2026-09-17,30
110,2026-09-17,45
110,2026-09-17,60
110,2026-09-17,75
110,2026-09-17,90
110,2026-09-17,105
110,2026-09-17,120
110,2026-09-17,135
110,2026-09-17,150
110,2026-09-17,165
110,2026-09-17,180
110,2026-09-17,195
110,2026-09-17,210
110,2026-09-17,225
110,2026-09-17,240
110,2026-09-17,255
110,2026-09-17,270
110,2026-09-17,285
110,2026-09-17,300
110,2026-09-17,315
110,2026-09-17,330
110,2026-09-17,345
110,2026-09-17,360
110,2026-09-17,375
110,2026-09-17,390
110,2026-09-17,405
110,2026-09-17,420
110,2026-09-17,435
110,2026-09-17,450
110,2026-09-17,465
110,2026-09-17,480
110,2026-09-17,495
110,2026-09-17,510
110,2026-09-17,525
110,2026-09-17,540
110,2026-09-17,555
110,2026-09-17,570
110,2026-09-17,585
110,2026-09-17,600
110,2026-09-17,615
110,2026-09-17,630
110,2026-09-17,645
110,2026-09-17,660
110,2026-09-17,675
110,2026-09-17,690
110,2026-09-17,705
110,2026-09-17,720
110,2026-09-17,735
110,2026-09-17,750
110,2026-09-17,765
110,2026-09-17,780
110,2026-09-17,795
110,2026-09-17,810
110,2026-09-17,825
110,2026-09-17,840
110,2026-09-17,855
110,2026-09-17,870
110,2026-09-17,885
110,2026-09-17,900
110,2026-09-17,915
110,2026-09-17,930
110,2026-09-17,945
110,2026-09-17,960
110,2026-09-17,975
110,2026-09-17,990
110,2026-09-17,1005
110,2026-09-17,1020
110,2026-09-17,1035
110,2026-09-17,1050
110,2026-09-17,1065
110,2026-09-17,1080
110,2026-09-17,1095
110,2026-09-17,1110
110,2026-09-17,1125
110,2026-09-17,1140
110,2026-09-17,1155
110,2026-09-17,1170
110,2026-09-17,1185
110,2026-09-17,1200
110,2026-09-17,1215
110,2026-09-17,1230
110,2026-09-17,1245
110,2026-09-17,1260
110,2026-09-17,1275
110,2026-09-17,1290
110,2026-09-17,1305
110,2026-09-17,1320
110,2026-09-17,1335
110,2026-09-17,1350
110,2026-09-17,1365
110,2026-09-17,1380
110,2026-09-17,1395
110,2026-09-17,1410
110,2026-09-17,1425
111,2026-09-17,0
111,2026-09-17,15
111,2026-09-17,30
111,2026-09-17,45
111,2026-09-17,60
111,2026-09-17,75
111,2026-09-17,90
111,2026-09-17,105
111,2026-09-17,120
111,2026-09-17,135
111,2026-09-17,150
111,2026-09-17,165
111,2026-09-17,180
111,2026-09-17,195
111,2026-09-17,210
111,2026-09-17,225
111,2026-09-17,240
111,2026-09-17,255
111,2026-09-17,270
111,2026-09-17,285
111,2026-09-17,300
111,2026-09-17,315
111,2026-09-17,330
111,2026-09-17,345
111,2026-09-17,360
111,2026-09-17,375
111,2026-09-17,390
111,2026-09-17,405
111,2026-09-17,420
111,2026-09-17,435
111,2026-09-17,450
111,2026-09-17,465
111,2026-09-17,480
111,2026-09-17,495
111,2026-09-17,510
111,2026-09-17,525
111,2026-09-17,540
111,2026-09-17,555
111,2026-09-17,570
111,2026-09-17,585
111,2026-09-17,600
111,2026-09-17,615
111,2026-09-17,630
111,2026-09-17,645
111,2026-09-17,660
111,2026-09-17,675
111,2026-09-17,690
111,2026-09-17,705
111,2026-09-17,720
111,2026-09-17,735
111,2026-09-17,750
111,2026-09-17,765
111,2026-09-17,780
111,2026-09-17,795
111,2026-09-17,810
111,2026-09-17,825
111,2026-09-17,840
111,2026-09-17,855
111,2026-09-17,870
111,2026-09-17,885
111,2026-09-17,900
111,2026-09-17,915
111,2026-09-17,930
111,2026-09-17,945
111,2026-09-17,960
111,2026-09-17,975
111,2026-09-17,990
111,2026-09-17,1005
111,2026-09-17,1020
111,2026-09-17,1035
111,2026-09-17,1050
111,2026-09-17,1065
111,2026-09-17,1080
111,2026-09-17,1095
111,2026-09-17,1110
111,2026-09-17,1125
111,2026-09-17,1140
111,2026-09-17,1155
111,2026-09-17,1170
111,2026-09-17,1185
111,2026-09-17,1200
111,2026-09-17,1215
111,2026-09-17,1230
111,2026-09-17,1245
111,2026-09-17,1260
111,2026-09-17,1275
111,2026-09-17,1290
111,2026-09-17,1305
111,2026-09-17,1320
111,2026-09-17,1335
111,2026-09-17,1350
111,2026-09-17,1365
111,2026-09-17,1380
111,2026-09-17,1395
111,2026-09-17,1410
111,2026-09-17,1425
112,2026-09-17,0
112,2026-09-17,15
112,2026-09-17,30
112,2026-09-17,45
112,2026-09-17,60
112,2026-09-17,75
112,2026-09-17,90
112,2026-09-17,105
112,2026-09-17,120
112,2026-09-17,135
112,2026-09-17,150
112,2026-09-17,165
112,2026-09-17,180
112,2026-09-17,195
112,2026-09-17,210
112,2026-09-17,225
112,2026-09-17,240
112,2026-09-17,255
112,2026-09-17,270
112,2026-09-17,285
112,2026-09-17,300
112,2026-09-17,315
112,2026-09-17,330
112,2026-09-17,345
112,2026-09-17,360
112,2026-09-17,375
112,2026-09-17,390
112,2026-09-17,405
112,2026-09-17,420
112,2026-09-17,435
112,2026-09-17,450
112,2026-09-17,465
112,2026-09-17,480
112,2026-09-17,495
112,2026-09-17,510
112,2026-09-17,525
112,2026-09-17,540
112,2026-09-17,555
112,2026-09-17,570
112,2026-09-17,585
112,2026-09-17,600
112,2026-09-17,615
112,2026-09-17,630
112,2026-09-17,645
112,2026-09-17,660
112,2026-09-17,675
112,2026-09-17,690
112,2026-09-17,705
112,2026-09-17,720
112,2026-09-17,735
112,2026-09-17,750
112,2026-09-17,765
112,2026-09-17,780
112,2026-09-17,795
112,2026-09-17,810
112,2026-09-17,825
112,2026-09-17,840
112,2026-09-17,855
112,2026-09-17,870
112,2026-09-17,885
112,2026-09-17,900
112,2026-09-17,915
112,2026-09-17,930
112,2026-09-17,945
112,2026-09-17,960
112,2026-09-17,975
112,2026-09-17,990
112,2026-09-17,1005
112,2026-09-17,1020
112,2026-09-17,1035
112,2026-09-17,1050
112,2026-09-17,1065
112,2026-09-17,1080
112,2026-09-17,1095
112,2026-09-17,1110
112,2026-09-17,1125
112,2026-09-17,1140
112,2026-09-17,1155
112,2026-09-17,1170
112,2026-09-17,1185
112,2026-09-17,1200
112,2026-09-17,1215
112,2026-09-17,1230
112,2026-09-17,1245
112,2026-09-17,1260
112,2026-09-17,1275
112,2026-09-17,1290
112,2026-09-17,1305
112,2026-09-17,1320
112,2026-09-17,1335
112,2026-09-17,1350
112,2026-09-17,1365
112,2026-09-17,1380
112,2026-09-17,1395
112,2026-09-17,1410
112,2026-09-17,1425
113,2026-09-17,0
113,2026-09-17,15
113,2026-09-17,30
113,2026-09-17,45
113,2026-09-17,60
113,2026-09-17,75
113,2026-09-17,90
113,2026-09-17,105
113,2026-09-17,120
113,2026-09-17,135
113,2026-09-17,150
113,2026-09-17,165
113,2026-09-17,180
113,2026-09-17,195
113,2026-09-17,210
113,2026-09-17,225
113,2026-09-17,240
113,2026-09-17,255
113,2026-09-17,270
113,2026-09-17,285
113,2026-09-17,300
113,2026-09-17,315
113,2026-09-17,330
113,2026-09-17,345
113,2026-09-17,360
113,2026-09-17,375
113,2026-09-17,390
113,2026-09-17,405
113,2026-09-17,420
113,2026-09-17,435
113,2026-09-17,450
113,2026-09-17,465
113,2026-09-17,480
113,2026-09-17,495
113,2026-09-17,510
113,2026-09-17,525
113,2026-09-17,540
113,2026-09-17,555
113,2026-09-17,570
113,2026-09-17,585
113,2026-09-17,600
113,2026-09-17,615
113,2026-09-17,630
113,2026-09-17,645
113,2026-09-17,660
113,2026-09-17,675
113,2026-09-17,690
113,2026-09-17,705
113,2026-09-17,720
113,2026-09-17,735
113,2026-09-17,750
113,2026-09-17,765
113,2026-09-17,780
113,2026-09-17,795
113,2026-09-17,810
113,2026-09-17,825
113,2026-09-17,840
113,2026-09-17,855
113,2026-09-17,870
113,2026-09-17,885
113,2026-09-17,900
113,2026-09-17,915
113,2026-09-17,930
113,2026-09-17,945
113,2026-09-17,960
113,2026-09-17,975
113,2026-09-17,990
113,2026-09-17,1005
113,2026-09-17,1020
113,2026-09-17,1035
113,2026-09-17,1050
113,2026-09-17,1065
113,2026-09-17,1080
113,2026-09-17,1095
113,2026-09-17,1110
113,2026-09-17,1125
113,2026-09-17,1140
113,2026-09-17,1155
113,2026-09-17,1170
113,2026-09-17,1185
113,2026-09-17,1200
113,2026-09-17,1215
113,2026-09-17,1230
113,2026-09-17,1245
113,2026-09-17,1260
113,2026-09-17,1275
113,2026-09-17,1290
113,2026-09-17,1305
113,2026-09-17,1320
113,2026-09-17,1335
113,2026-09-17,1350
113,2026-09-17,1365
113,2026-09-17,1380
113,2026-09-17,1395
113,2026-09-17,1410
113,2026-09-17,1425
114,2026-09-17,0
114,2026-09-17,15
114,2026-09-17,30
114,2026-09-17,45
114,2026-09-17,60
114,2026-09-17,75
114,2026-09-17,90
114,2026-09-17,105
114,2026-09-17,120
114,2026-09-17,135
114,2026-09-17,150
114,2026-09-17,165
114,2026-09-17,180
114,2026-09-17,195
114,2026-09-17,210
114,2026-09-17,225
114,2026-09-17,240
114,2026-09-17,255
114,2026-09-17,270
114,2026-09-17,285
114,2026-09-17,300
114,2026-09-17,315
114,2026-09-17,330
114,2026-09-17,345
114,2026-09-17,360
114,2026-09-17,375
114,2026-09-17,390
114,2026-09-17,405
114,2026-09-17,420
114,2026-09-17,435
114,2026-09-17,450
114,2026-09-17,465
114,2026-09-17,480
114,2026-09-17,495
114,2026-09-17,510
114,2026-09-17,525
114,2026-09-17,540
114,2026-09-17,555
114,2026-09-17,570
114,2026-09-17,585
114,2026-09-17,600
114,2026-09-17,615
114,2026-09-17,630
114,2026-09-17,645
114,2026-09-17,660
114,2026-09-17,675
114,2026-09-17,690
114,2026-09-17,705
114,2026-09-17,720
114,2026-09-17,735
114,2026-09-17,750
114,2026-09-17,765
114,2026-09-17,780
114,2026-09-17,795
114,2026-09-17,810
114,2026-09-17,825
114,2026-09-17,840
114,2026-09-17,855
114,2026-09-17,870
114,2026-09-17,885
114,2026-09-17,900
114,2026-09-17,915
114,2026-09-17,930
114,2026-09-17,945
114,2026-09-17,960
114,2026-09-17,975
114,2026-09-17,990
114,2026-09-17,1005
114,2026-09-17,1020
114,2026-09-17,1035
114,2026-09-17,1050
114,2026-09-17,1065
114,2026-09-17,1080
114,2026-09-17,1095
114,2026-09-17,1110
114,2026-09-17,1125
114,2026-09-17,1140
114,2026-09-17,1155
114,2026-09-17,1170
114,2026-09-17,1185
114,2026-09-17,1200
114,2026-09-17,1215
114,2026-09-17,1230
114,2026-09-17,1245
114,2026-09-17,1260
114,2026-09-17,1275
114,2026-09-17,1290
114,2026-09-17,1305
114,2026-09-17,1320
114,2026-09-17,1335
114,2026-09-17,1350
114,2026-09-17,1365
114,2026-09-17,1380
114,2026-09-17,1395
114,2026-09-17,1410
114,2026-09-17,1425
115,2026-09-17,0
115,2026-09-17,15
115,2026-09-17,30
115,2026-09-17,45
115,2026-09-17,60
115,2026-09-17,75
115,2026-09-17,90
115,2026-09-17,105
115,2026-09-17,120
115,2026-09-17,135
115,2026-09-17,150
115,2026-09-17,165
115,2026-09-17,180
115,2026-09-17,195
115,2026-09-17,210
115,2026-09-17,225
115,2026-09-17,240
115,2026-09-17,255
115,2026-09-17,270
115,2026-09-17,285
115,2026-09-17,300
115,2026-09-17,315
115,2026-09-17,330
115,2026-09-17,345
115,2026-09-17,360
115,2026-09-17,375
115,2026-09-17,390
115,2026-09-17,405
115,2026-09-17,420
115,2026-09-17,435
115,2026-09-17,450
115,2026-09-17,465
115,2026-09-17,480
115,2026-09-17,495
115,2026-09-17,510
115,2026-09-17,525
115,2026-09-17,540
115,2026-09-17,555
115,2026-09-17,570
115,2026-09-17,585
115,2026-09-17,600
115,2026-09-17,615
115,2026-09-17,630
115,2026-09-17,645
115,2026-09-17,660
115,2026-09-17,675
115,2026-09-17,690
115,2026-09-17,705
115,2026-09-17,720
115,2026-09-17,735
115,2026-09-17,750
115,2026-09-17,765
115,2026-09-17,780
115,2026-09-17,795
115,2026-09-17,810
115,2026-09-17,825
115,2026-09-17,840
115,2026-09-17,855
115,2026-09-17,870
115,2026-09-17,885
115,2026-09-17,900
115,2026-09-17,915
115,2026-09-17,930
115,2026-09-17,945
115,2026-09-17,960
115,2026-09-17,975
115,2026-09-17,990
115,2026-09-17,1005
115,2026-09-17,1020
115,2026-09-17,1035
115,2026-09-17,1050
115,2026-09-17,1065
115,2026-09-17,1080
115,2026-09-17,1095
115,2026-09-17,1110
115,2026-09-17,1125
115,2026-09-17,1140
115,2026-09-17,1155
115,2026-09-17,1170
115,2026-09-17,1185
115,2026-09-17,1200
115,2026-09-17,1215
115,2026-09-17,1230
115,2026-09-17,1245
115,2026-09-17,1260
115,2026-09-17,1275
115,2026-09-17,1290
115,2026-09-17,1305
115,2026-09-17,1320
115,2026-09-17,1335
115,2026-09-17,1350
115,2026-09-17,1365
115,2026-09-17,1380
115,2026-09-17,1395
115,2026-09-17,1410
115,2026-09-17,1425
116,2026-09-17,0
116,2026-09-17,15
116,2026-09-17,30
116,2026-09-17,45
116,2026-09-17,60
116,2026-09-17,75
116,2026-09-17,90
116,2026-09-17,105
116,2026-09-17,120
116,2026-09-17,135
116,2026-09-17,150
116,2026-09-17,165
116,2026-09-17,180
116,2026-09-17,195
116,2026-09-17,210
116,2026-09-17,225
116,2026-09-17,240
116,2026-09-17,255
116,2026-09-17,270
116,2026-09-17,285
116,2026-09-17,300
116,2026-09-17,315
116,2026-09-17,330
116,2026-09-17,345
116,2026-09-17,360
116,2026-09-17,375
116,2026-09-17,390
116,2026-09-17,405
116,2026-09-17,420
116,2026-09-17,435
116,2026-09-17,450
116,2026-09-17,465
116,2026-09-17,480
116,2026-09-17,495
116,2026-09-17,510
116,2026-09-17,525
116,2026-09-17,540
116,2026-09-17,555
116,2026-09-17,570
116,2026-09-17,585
116,2026-09-17,600
116,2026-09-17,615
116,2026-09-17,630
116,2026-09-17,645
116,2026-09-17,660
116,2026-09-17,675
116,2026-09-17,690
116,2026-09-17,705
116,2026-09-17,720
116,2026-09-17,735
116,2026-09-17,750
116,2026-09-17,765
116,2026-09-17,780
116,2026-09-17,795
116,2026-09-17,810
116,2026-09-17,825
116,2026-09-17,840
116,2026-09-17,855
116,2026-09-17,870
116,2026-09-17,885
116,2026-09-17,900
116,2026-09-17,915
116,2026-09-17,930
116,2026-09-17,945
116,2026-09-17,960
116,2026-09-17,975
116,2026-09-17,990
116,2026-09-17,1005
116,2026-09-17,1020
116,2026-09-17,1035
116,2026-09-17,1050
116,2026-09-17,1065
116,2026-09-17,1080
116,2026-09-17,1095
116,2026-09-17,1110
116,2026-09-17,1125
116,2026-09-17,1140
116,2026-09-17,1155
116,2026-09-17,1170
116,2026-09-17,1185
116,2026-09-17,1200
116,2026-09-17,1215
116,2026-09-17,1230
116,2026-09-17,1245
116,2026-09-17,1260
116,2026-09-17,1275
116,2026-09-17,1290
116,2026-09-17,1305
116,2026-09-17,1320
116,2026-09-17,1335
116,2026-09-17,1350
116,2026-09-17,1365
116,2026-09-17,1380
116,2026-09-17,1395
116,2026-09-17,1410
116,2026-09-17,1425
117,2026-09-17,0
117,2026-09-17,15
117,2026-09-17,30
117,2026-09-17,45
117,2026-09-17,60
117,2026-09-17,75
117,2026-09-17,90
117,2026-09-17,105
117,2026-09-17,120
117,2026-09-17,135
117,2026-09-17,150
117,2026-09-17,165
117,2026-09-17,180
117,2026-09-17,195
117,2026-09-17,210
117,2026-09-17,225
117,2026-09-17,240
117,2026-09-17,255
117,2026-09-17,270
117,2026-09-17,285
117,2026-09-17,300
117,2026-09-17,315
117,2026-09-17,330
117,2026-09-17,345
117,2026-09-17,360
117,2026-09-17,375
117,2026-09-17,390
117,2026-09-17,405
117,2026-09-17,420
117,2026-09-17,435
117,2026-09-17,450
117,2026-09-17,465
117,2026-09-17,480
117,2026-09-17,495
117,2026-09-17,510
117,2026-09-17,525
117,2026-09-17,540
117,2026-09-17,555
117,2026-09-17,570
117,2026-09-17,585
117,2026-09-17,600
117,2026-09-17,615
117,2026-09-17,630
117,2026-09-17,645
117,2026-09-17,660
117,2026-09-17,675
117,2026-09-17,690
117,2026-09-17,705
117,2026-09-17,720
117,2026-09-17,735
117,2026-09-17,750
117,2026-09-17,765
117,2026-09-17,780
117,2026-09-17,795
117,2026-09-17,810
117,2026-09-17,825
117,2026-09-17,840
117,2026-09-17,855
117,2026-09-17,870
117,2026-09-17,885
117,2026-09-17,900
117,2026-09-17,915
117,2026-09-17,930
117,2026-09-17,945
117,2026-09-17,960
117,2026-09-17,975
117,2026-09-17,990
117,2026-09-17,1005
117,2026-09-17,1020
117,2026-09-17,1035
117,2026-09-17,1050
117,2026-09-17,1065
117,2026-09-17,1080
117,2026-09-17,1095
117,2026-09-17,1110
117,2026-09-17,1125
117,2026-09-17,1140
117,2026-09-17,1155
117,2026-09-17,1170
117,2026-09-17,1185
117,2026-09-17,1200
117,2026-09-17,1215
117,2026-09-17,1230
117,2026-09-17,1245
117,2026-09-17,1260
117,2026-09-17,1275
117,2026-09-17,1290
117,2026-09-17,1305
117,2026-09-17,1320
117,2026-09-17,1335
117,2026-09-17,1350
117,2026-09-17,1365
117,2026-09-17,1380
117,2026-09-17,1395
117,2026-09-17,1410
117,2026-09-17,1425
31,2026-09-18,0
31,2026-09-18,15
31,2026-09-18,30
31,2026-09-18,45
31,2026-09-18,60
31,2026-09-18,75
31,2026-09-18,90
31,2026-09-18,105
31,2026-09-18,120
31,2026-09-18,135
31,2026-09-18,150
31,2026-09-18,165
31,2026-09-18,180
31,2026-09-18,195
31,2026-09-18,210
31,2026-09-18,225
31,2026-09-18,240
31,2026-09-18,255
31,2026-09-18,270
31,2026-09-18,285
31,2026-09-18,300
31,2026-09-18,315
31,2026-09-18,330
31,2026-09-18,345
31,2026-09-18,360
31,2026-09-18,375
31,2026-09-18,390
31,2026-09-18,405
31,2026-09-18,420
31,2026-09-18,435
31,2026-09-18,450
31,2026-09-18,465
31,2026-09-18,480
31,2026-09-18,495
31,2026-09-18,510
31,2026-09-18,525
31,2026-09-18,540
31,2026-09-18,555
31,2026-09-18,570
31,2026-09-18,585
31,2026-09-18,600
31,2026-09-18,615
31,2026-09-18,630
31,2026-09-18,645
31,2026-09-18,660
31,2026-09-18,675
31,2026-09-18,690
31,2026-09-18,705
31,2026-09-18,720
31,2026-09-18,735
31,2026-09-18,750
31,2026-09-18,765
31,2026-09-18,780
31,2026-09-18,795
31,2026-09-18,810
31,2026-09-18,825
31,2026-09-18,840
31,2026-09-18,855
31,2026-09-18,870
31,2026-09-18,885
31,2026-09-18,900
31,2026-09-18,915
31,2026-09-18,930
31,2026-09-18,945
31,2026-09-18,960
31,2026-09-18,975
31,2026-09-18,990
31,2026-09-18,1005
31,2026-09-18,1020
31,2026-09-18,1035
31,2026-09-18,1050
31,2026-09-18,1065
31,2026-09-18,1080
31,2026-09-18,1095
31,2026-09-18,1110
31,2026-09-18,1125
31,2026-09-18,1140
31,2026-09-18,1155
31,2026-09-18,1170
31,2026-09-18,1185
31,2026-09-18,1200
31,2026-09-18,1215
31,2026-09-18,1230
31,2026-09-18,1245
31,2026-09-18,1260
31,2026-09-18,1275
31,2026-09-18,1290
31,2026-09-18,1305
31,2026-09-18,1320
31,2026-09-18,1335
31,2026-09-18,1350
31,2026-09-18,1365
31,2026-09-18,1380
31,2026-09-18,1395
31,2026-09-18,1410
31,2026-09-18,1425
45,2026-09-18,0
45,2026-09-18,15
45,2026-09-18,30
45,2026-09-18,45
45,2026-09-18,60
45,2026-09-18,75
45,2026-09-18,90
45,2026-09-18,105
45,2026-09-18,120
45,2026-09-18,135
45,2026-09-18,150
45,2026-09-18,165
45,2026-09-18,180
45,2026-09-18,195
45,2026-09-18,210
45,2026-09-18,225
45,2026-09-18,240
45,2026-09-18,255
45,2026-09-18,270
45,2026-09-18,285
45,2026-09-18,300
45,2026-09-18,315
45,2026-09-18,330
45,2026-09-18,345
45,2026-09-18,360
45,2026-09-18,375
45,2026-09-18,390
45,2026-09-18,405
45,2026-09-18,420
45,2026-09-18,435
45,2026-09-18,450
45,2026-09-18,465
45,2026-09-18,480
45,2026-09-18,495
45,2026-09-18,510
45,2026-09-18,525
45,2026-09-18,540
45,2026-09-18,555
45,2026-09-18,570
45,2026-09-18,585
45,2026-09-18,600
45,2026-09-18,615
45,2026-09-18,630
45,2026-09-18,645
45,2026-09-18,660
45,2026-09-18,675
45,2026-09-18,690
45,2026-09-18,705
45,2026-09-18,720
45,2026-09-18,735
45,2026-09-18,750
45,2026-09-18,765
45,2026-09-18,780
45,2026-09-18,795
45,2026-09-18,810
45,2026-09-18,825
45,2026-09-18,840
45,2026-09-18,855
45,2026-09-18,870
45,2026-09-18,885
45,2026-09-18,900
45,2026-09-18,915
45,2026-09-18,930
45,2026-09-18,945
45,2026-09-18,960
45,2026-09-18,975
45,2026-09-18,990
45,2026-09-18,1005
45,2026-09-18,1020
45,2026-09-18,1035
45,2026-09-18,1050
45,2026-09-18,1065
45,2026-09-18,1080
45,2026-09-18,1095
45,2026-09-18,1110
45,2026-09-18,1125
45,2026-09-18,1140
45,2026-09-18,1155
45,2026-09-18,1170
45,2026-09-18,1185
45,2026-09-18,1200
45,2026-09-18,1215
45,2026-09-18,1230
45,2026-09-18,1245
45,2026-09-18,1260
45,2026-09-18,1275
45,2026-09-18,1290
45,2026-09-18,1305
45,2026-09-18,1320
45,2026-09-18,1335
45,2026-09-18,1350
45,2026-09-18,1365
45,2026-09-18,1380
45,2026-09-18,1395
45,2026-09-18,1410
45,2026-09-18,1425
67,2026-09-18,0
67,2026-09-18,15
67,2026-09-18,30
67,2026-09-18,45
67,2026-09-18,60
67,2026-09-18,75
67,2026-09-18,90
67,2026-09-18,105
67,2026-09-18,120
67,2026-09-18,135
67,2026-09-18,150
67,2026-09-18,165
67,2026-09-18,180
67,2026-09-18,195
67,2026-09-18,210
67,2026-09-18,225
67,2026-09-18,240
67,2026-09-18,255
67,2026-09-18,270
67,2026-09-18,285
67,2026-09-18,300
67,2026-09-18,315
67,2026-09-18,330
67,2026-09-18,345
67,2026-09-18,360
67,2026-09-18,375
67,2026-09-18,390
67,2026-09-18,405
67,2026-09-18,420
67,2026-09-18,435
67,2026-09-18,450
67,2026-09-18,465
67,2026-09-18,480
67,2026-09-18,495
67,2026-09-18,510
67,2026-09-18,525
67,2026-09-18,540
67,2026-09-18,555
67,2026-09-18,570
67,2026-09-18,585
67,2026-09-18,600
67,2026-09-18,615
67,2026-09-18,630
67,2026-09-18,645
67,2026-09-18,660
67,2026-09-18,675
67,2026-09-18,690
67,2026-09-18,705
67,2026-09-18,720
67,2026-09-18,735
67,2026-09-18,750
67,2026-09-18,765
67,2026-09-18,780
67,2026-09-18,795
67,2026-09-18,810
67,2026-09-18,825
67,2026-09-18,840
67,2026-09-18,855
67,2026-09-18,870
67,2026-09-18,885
67,2026-09-18,900
67,2026-09-18,915
67,2026-09-18,930
67,2026-09-18,945
67,2026-09-18,960
67,2026-09-18,975
67,2026-09-18,990
67,2026-09-18,1005
67,2026-09-18,1020
67,2026-09-18,1035
67,2026-09-18,1050
67,2026-09-18,1065
67,2026-09-18,1080
67,2026-09-18,1095
67,2026-09-18,1110
67,2026-09-18,1125
67,2026-09-18,1140
67,2026-09-18,1155
67,2026-09-18,1170
67,2026-09-18,1185
67,2026-09-18,1200
67,2026-09-18,1215
67,2026-09-18,1230
67,2026-09-18,1245
67,2026-09-18,1260
67,2026-09-18,1275
67,2026-09-18,1290
67,2026-09-18,1305
67,2026-09-18,1320
67,2026-09-18,1335
67,2026-09-18,1350
67,2026-09-18,1365
67,2026-09-18,1380
67,2026-09-18,1395
67,2026-09-18,1410
67,2026-09-18,1425
70,2026-09-18,0
70,2026-09-18,15
70,2026-09-18,30
70,2026-09-18,45
70,2026-09-18,60
70,2026-09-18,75
70,2026-09-18,90
70,2026-09-18,105
70,2026-09-18,120
70,2026-09-18,135
70,2026-09-18,150
70,2026-09-18,165
70,2026-09-18,180
70,2026-09-18,195
70,2026-09-18,210
70,2026-09-18,225
70,2026-09-18,240
70,2026-09-18,255
70,2026-09-18,270
70,2026-09-18,285
70,2026-09-18,300
70,2026-09-18,315
70,2026-09-18,330
70,2026-09-18,345
70,2026-09-18,360
70,2026-09-18,375
70,2026-09-18,390
70,2026-09-18,405
70,2026-09-18,420
70,2026-09-18,435
70,2026-09-18,450
70,2026-09-18,465
70,2026-09-18,480
70,2026-09-18,495
70,2026-09-18,510
70,2026-09-18,525
70,2026-09-18,540
70,2026-09-18,555
70,2026-09-18,570
70,2026-09-18,585
70,2026-09-18,600
70,2026-09-18,615
70,2026-09-18,630
70,2026-09-18,645
70,2026-09-18,660
70,2026-09-18,675
70,2026-09-18,690
70,2026-09-18,705
70,2026-09-18,720
70,2026-09-18,735
70,2026-09-18,750
70,2026-09-18,765
70,2026-09-18,780
70,2026-09-18,795
70,2026-09-18,810
70,2026-09-18,825
70,2026-09-18,840
70,2026-09-18,855
70,2026-09-18,870
70,2026-09-18,885
70,2026-09-18,900
70,2026-09-18,915
70,2026-09-18,930
70,2026-09-18,945
70,2026-09-18,960
70,2026-09-18,975
70,2026-09-18,990
70,2026-09-18,1005
70,2026-09-18,1020
70,2026-09-18,1035
70,2026-09-18,1050
70,2026-09-18,1065
70,2026-09-18,1080
70,2026-09-18,1095
70,2026-09-18,1110
70,2026-09-18,1125
70,2026-09-18,1140
70,2026-09-18,1155
70,2026-09-18,1170
70,2026-09-18,1185
70,2026-09-18,1200
70,2026-09-18,1215
70,2026-09-18,1230
70,2026-09-18,1245
70,2026-09-18,1260
70,2026-09-18,1275
70,2026-09-18,1290
70,2026-09-18,1305
70,2026-09-18,1320
70,2026-09-18,1335
70,2026-09-18,1350
70,2026-09-18,1365
70,2026-09-18,1380
70,2026-09-18,1395
70,2026-09-18,1410
70,2026-09-18,1425
91,2026-09-18,0
91,2026-09-18,15
91,2026-09-18,30
91,2026-09-18,45
91,2026-09-18,60
91,2026-09-18,75
91,2026-09-18,90
91,2026-09-18,105
91,2026-09-18,120
91,2026-09-18,135
91,2026-09-18,150
91,2026-09-18,165
91,2026-09-18,180
91,2026-09-18,195
91,2026-09-18,210
91,2026-09-18,225
91,2026-09-18,240
91,2026-09-18,255
91,2026-09-18,270
91,2026-09-18,285
91,2026-09-18,300
91,2026-09-18,315
91,2026-09-18,330
91,2026-09-18,345
91,2026-09-18,360
91,2026-09-18,375
91,2026-09-18,390
91,2026-09-18,405
91,2026-09-18,420
91,2026-09-18,435
91,2026-09-18,450
91,2026-09-18,465
91,2026-09-18,480
91,2026-09-18,495
91,2026-09-18,510
91,2026-09-18,525
91,2026-09-18,540
91,2026-09-18,555
91,2026-09-18,570
91,2026-09-18,585
91,2026-09-18,600
91,2026-09-18,615
91,2026-09-18,630
91,2026-09-18,645
91,2026-09-18,660
91,2026-09-18,675
91,2026-09-18,690
91,2026-09-18,705
91,2026-09-18,720
91,2026-09-18,735
91,2026-09-18,750
91,2026-09-18,765
91,2026-09-18,780
91,2026-09-18,795
91,2026-09-18,810
91,2026-09-18,825
91,2026-09-18,840
91,2026-09-18,855
91,2026-09-18,870
91,2026-09-18,885
91,2026-09-18,900
91,2026-09-18,915
91,2026-09-18,930
91,2026-09-18,945
91,2026-09-18,960
91,2026-09-18,975
91,2026-09-18,990
91,2026-09-18,1005
91,2026-09-18,1020
91,2026-09-18,1035
91,2026-09-18,1050
91,2026-09-18,1065
91,2026-09-18,1080
91,2026-09-18,1095
91,2026-09-18,1110
91,2026-09-18,1125
91,2026-09-18,1140
91,2026-09-18,1155
91,2026-09-18,1170
91,2026-09-18,1185
91,2026-09-18,1200
91,2026-09-18,1215
91,2026-09-18,1230
91,2026-09-18,1245
91,2026-09-18,1260
91,2026-09-18,1275
91,2026-09-18,1290
91,2026-09-18,1305
91,2026-09-18,1320
91,2026-09-18,1335
91,2026-09-18,1350
91,2026-09-18,1365
91,2026-09-18,1380
91,2026-09-18,1395
91,2026-09-18,1410
91,2026-09-18,1425
92,2026-09-18,0
92,2026-09-18,15
92,2026-09-18,30
92,2026-09-18,45
92,2026-09-18,60
92,2026-09-18,75
92,2026-09-18,90
92,2026-09-18,105
92,2026-09-18,120
92,2026-09-18,135
92,2026-09-18,150
92,2026-09-18,165
92,2026-09-18,180
92,2026-09-18,195
92,2026-09-18,210
92,2026-09-18,225
92,2026-09-18,240
92,2026-09-18,255
92,2026-09-18,270
92,2026-09-18,285
92,2026-09-18,300
92,2026-09-18,315
92,2026-09-18,330
92,2026-09-18,345
92,2026-09-18,360
92,2026-09-18,375
92,2026-09-18,390
92,2026-09-18,405
92,2026-09-18,420
92,2026-09-18,435
92,2026-09-18,450
92,2026-09-18,465
92,2026-09-18,480
92,2026-09-18,495
92,2026-09-18,510
92,2026-09-18,525
92,2026-09-18,540
92,2026-09-18,555
92,2026-09-18,570
92,2026-09-18,585
92,2026-09-18,600
92,2026-09-18,615
92,2026-09-18,630
92,2026-09-18,645
92,2026-09-18,660
92,2026-09-18,675
92,2026-09-18,690
92,2026-09-18,705
92,2026-09-18,720
92,2026-09-18,735
92,2026-09-18,750
92,2026-09-18,765
92,2026-09-18,780
92,2026-09-18,795
92,2026-09-18,810
92,2026-09-18,825
92,2026-09-18,840
92,2026-09-18,855
92,2026-09-18,870
92,2026-09-18,885
92,2026-09-18,900
92,2026-09-18,915
92,2026-09-18,930
92,2026-09-18,945
92,2026-09-18,960
92,2026-09-18,975
92,2026-09-18,990
92,2026-09-18,1005
92,2026-09-18,1020
92,2026-09-18,1035
92,2026-09-18,1050
92,2026-09-18,1065
92,2026-09-18,1080
92,2026-09-18,1095
92,2026-09-18,1110
92,2026-09-18,1125
92,2026-09-18,1140
92,2026-09-18,1155
92,2026-09-18,1170
92,2026-09-18,1185
92,2026-09-18,1200
92,2026-09-18,1215
92,2026-09-18,1230
92,2026-09-18,1245
92,2026-09-18,1260
92,2026-09-18,1275
92,2026-09-18,1290
92,2026-09-18,1305
92,2026-09-18,1320
92,2026-09-18,1335
92,2026-09-18,1350
92,2026-09-18,1365
92,2026-09-18,1380
92,2026-09-18,1395
92,2026-09-18,1410
92,2026-09-18,1425
93,2026-09-18,0
93,2026-09-18,15
93,2026-09-18,30
93,2026-09-18,45
93,2026-09-18,60
93,2026-09-18,75
93,2026-09-18,90
93,2026-09-18,105
93,2026-09-18,120
93,2026-09-18,135
93,2026-09-18,150
93,2026-09-18,165
93,2026-09-18,180
93,2026-09-18,195
93,2026-09-18,210
93,2026-09-18,225
93,2026-09-18,240
93,2026-09-18,255
93,2026-09-18,270
93,2026-09-18,285
93,2026-09-18,300
93,2026-09-18,315
93,2026-09-18,330
93,2026-09-18,345
93,2026-09-18,360
93,2026-09-18,375
93,2026-09-18,390
93,2026-09-18,405
93,2026-09-18,420
93,2026-09-18,435
93,2026-09-18,450
93,2026-09-18,465
93,2026-09-18,480
93,2026-09-18,495
93,2026-09-18,510
93,2026-09-18,525
93,2026-09-18,540
93,2026-09-18,555
93,2026-09-18,570
93,2026-09-18,585
93,2026-09-18,600
93,2026-09-18,615
93,2026-09-18,630
93,2026-09-18,645
93,2026-09-18,660
93,2026-09-18,675
93,2026-09-18,690
93,2026-09-18,705
93,2026-09-18,720
93,2026-09-18,735
93,2026-09-18,750
93,2026-09-18,765
93,2026-09-18,780
93,2026-09-18,795
93,2026-09-18,810
93,2026-09-18,825
93,2026-09-18,840
93,2026-09-18,855
93,2026-09-18,870
93,2026-09-18,885
93,2026-09-18,900
93,2026-09-18,915
93,2026-09-18,930
93,2026-09-18,945
93,2026-09-18,960
93,2026-09-18,975
93,2026-09-18,990
93,2026-09-18,1005
93,2026-09-18,1020
93,2026-09-18,1035
93,2026-09-18,1050
93,2026-09-18,1065
93,2026-09-18,1080
93,2026-09-18,1095
93,2026-09-18,1110
93,2026-09-18,1125
93,2026-09-18,1140
93,2026-09-18,1155
93,2026-09-18,1170
93,2026-09-18,1185
93,2026-09-18,1200
93,2026-09-18,1215
93,2026-09-18,1230
93,2026-09-18,1245
93,2026-09-18,1260
93,2026-09-18,1275
93,2026-09-18,1290
93,2026-09-18,1305
93,2026-09-18,1320
93,2026-09-18,1335
93,2026-09-18,1350
93,2026-09-18,1365
93,2026-09-18,1380
93,2026-09-18,1395
93,2026-09-18,1410
93,2026-09-18,1425
94,2026-09-18,0
94,2026-09-18,15
94,2026-09-18,30
94,2026-09-18,45
94,2026-09-18,60
94,2026-09-18,75
94,2026-09-18,90
94,2026-09-18,105
94,2026-09-18,120
94,2026-09-18,135
94,2026-09-18,150
94,2026-09-18,165
94,2026-09-18,180
94,2026-09-18,195
94,2026-09-18,210
94,2026-09-18,225
94,2026-09-18,240
94,2026-09-18,255
94,2026-09-18,270
94,2026-09-18,285
94,2026-09-18,300
94,2026-09-18,315
94,2026-09-18,330
94,2026-09-18,345
94,2026-09-18,360
94,2026-09-18,375
94,2026-09-18,390
94,2026-09-18,405
94,2026-09-18,420
94,2026-09-18,435
94,2026-09-18,450
94,2026-09-18,465
94,2026-09-18,480
94,2026-09-18,495
94,2026-09-18,510
94,2026-09-18,525
94,2026-09-18,540
94,2026-09-18,555
94,2026-09-18,570
94,2026-09-18,585
94,2026-09-18,600
94,2026-09-18,615
94,2026-09-18,630
94,2026-09-18,645
94,2026-09-18,660
94,2026-09-18,675
94,2026-09-18,690
94,2026-09-18,705
94,2026-09-18,720
94,2026-09-18,735
94,2026-09-18,750
94,2026-09-18,765
94,2026-09-18,780
94,2026-09-18,795
94,2026-09-18,810
94,2026-09-18,825
94,2026-09-18,840
94,2026-09-18,855
94,2026-09-18,870
94,2026-09-18,885
94,2026-09-18,900
94,2026-09-18,915
94,2026-09-18,930
94,2026-09-18,945
94,2026-09-18,960
94,2026-09-18,975
94,2026-09-18,990
94,2026-09-18,1005
94,2026-09-18,1020
94,2026-09-18,1035
94,2026-09-18,1050
94,2026-09-18,1065
94,2026-09-18,1080
94,2026-09-18,1095
94,2026-09-18,1110
94,2026-09-18,1125
94,2026-09-18,1140
94,2026-09-18,1155
94,2026-09-18,1170
94,2026-09-18,1185
94,2026-09-18,1200
94,2026-09-18,1215
94,2026-09-18,1230
94,2026-09-18,1245
94,2026-09-18,1260
94,2026-09-18,1275
94,2026-09-18,1290
94,2026-09-18,1305
94,2026-09-18,1320
94,2026-09-18,1335
94,2026-09-18,1350
94,2026-09-18,1365
94,2026-09-18,1380
94,2026-09-18,1395
94,2026-09-18,1410
94,2026-09-18,1425
95,2026-09-18,0
95,2026-09-18,15
95,2026-09-18,30
95,2026-09-18,45
95,2026-09-18,60
95,2026-09-18,75
95,2026-09-18,90
95,2026-09-18,105
95,2026-09-18,120
95,2026-09-18,135
95,2026-09-18,150
95,2026-09-18,165
95,2026-09-18,180
95,2026-09-18,195
95,2026-09-18,210
95,2026-09-18,225
95,2026-09-18,240
95,2026-09-18,255
95,2026-09-18,270
95,2026-09-18,285
95,2026-09-18,300
95,2026-09-18,315
95,2026-09-18,330
95,2026-09-18,345
95,2026-09-18,360
95,2026-09-18,375
95,2026-09-18,390
95,2026-09-18,405
95,2026-09-18,420
95,2026-09-18,435
95,2026-09-18,450
95,2026-09-18,465
95,2026-09-18,480
95,2026-09-18,495
95,2026-09-18,510
95,2026-09-18,525
95,2026-09-18,540
95,2026-09-18,555
95,2026-09-18,570
95,2026-09-18,585
95,2026-09-18,600
95,2026-09-18,615
95,2026-09-18,630
95,2026-09-18,645
95,2026-09-18,660
95,2026-09-18,675
95,2026-09-18,690
95,2026-09-18,705
95,2026-09-18,720
95,2026-09-18,735
95,2026-09-18,750
95,2026-09-18,765
95,2026-09-18,780
95,2026-09-18,795
95,2026-09-18,810
95,2026-09-18,825
95,2026-09-18,840
95,2026-09-18,855
95,2026-09-18,870
95,2026-09-18,885
95,2026-09-18,900
95,2026-09-18,915
95,2026-09-18,930
95,2026-09-18,945
95,2026-09-18,960
95,2026-09-18,975
95,2026-09-18,990
95,2026-09-18,1005
95,2026-09-18,1020
95,2026-09-18,1035
95,2026-09-18,1050
95,2026-09-18,1065
95,2026-09-18,1080
95,2026-09-18,1095
95,2026-09-18,1110
95,2026-09-18,1125
95,2026-09-18,1140
95,2026-09-18,1155
95,2026-09-18,1170
95,2026-09-18,1185
95,2026-09-18,1200
95,2026-09-18,1215
95,2026-09-18,1230
95,2026-09-18,1245
95,2026-09-18,1260
95,2026-09-18,1275
95,2026-09-18,1290
95,2026-09-18,1305
95,2026-09-18,1320
95,2026-09-18,1335
95,2026-09-18,1350
95,2026-09-18,1365
95,2026-09-18,1380
95,2026-09-18,1395
95,2026-09-18,1410
95,2026-09-18,1425
96,2026-09-18,0
96,2026-09-18,15
96,2026-09-18,30
96,2026-09-18,45
96,2026-09-18,60
96,2026-09-18,75
96,2026-09-18,90
96,2026-09-18,105
96,2026-09-18,120
96,2026-09-18,135
96,2026-09-18,150
96,2026-09-18,165
96,2026-09-18,180
96,2026-09-18,195
96,2026-09-18,210
96,2026-09-18,225
96,2026-09-18,240
96,2026-09-18,255
96,2026-09-18,270
96,2026-09-18,285
96,2026-09-18,300
96,2026-09-18,315
96,2026-09-18,330
96,2026-09-18,345
96,2026-09-18,360
96,2026-09-18,375
96,2026-09-18,390
96,2026-09-18,405
96,2026-09-18,420
96,2026-09-18,435
96,2026-09-18,450
96,2026-09-18,465
96,2026-09-18,480
96,2026-09-18,495
96,2026-09-18,510
96,2026-09-18,525
96,2026-09-18,540
96,2026-09-18,555
96,2026-09-18,570
96,2026-09-18,585
96,2026-09-18,600
96,2026-09-18,615
96,2026-09-18,630
96,2026-09-18,645
96,2026-09-18,660
96,2026-09-18,675
96,2026-09-18,690
96,2026-09-18,705
96,2026-09-18,720
96,2026-09-18,735
96,2026-09-18,750
96,2026-09-18,765
96,2026-09-18,780
96,2026-09-18,795
96,2026-09-18,810
96,2026-09-18,825
96,2026-09-18,840
96,2026-09-18,855
96,2026-09-18,870
96,2026-09-18,885
96,2026-09-18,900
96,2026-09-18,915
96,2026-09-18,930
96,2026-09-18,945
96,2026-09-18,960
96,2026-09-18,975
96,2026-09-18,990
96,2026-09-18,1005
96,2026-09-18,1020
96,2026-09-18,1035
96,2026-09-18,1050
96,2026-09-18,1065
96,2026-09-18,1080
96,2026-09-18,1095
96,2026-09-18,1110
96,2026-09-18,1125
96,2026-09-18,1140
96,2026-09-18,1155
96,2026-09-18,1170
96,2026-09-18,1185
96,2026-09-18,1200
96,2026-09-18,1215
96,2026-09-18,1230
96,2026-09-18,1245
96,2026-09-18,1260
96,2026-09-18,1275
96,2026-09-18,1290
96,2026-09-18,1305
96,2026-09-18,1320
96,2026-09-18,1335
96,2026-09-18,1350
96,2026-09-18,1365
96,2026-09-18,1380
96,2026-09-18,1395
96,2026-09-18,1410
96,2026-09-18,1425
97,2026-09-18,0
97,2026-09-18,15
97,2026-09-18,30
97,2026-09-18,45
97,2026-09-18,60
97,2026-09-18,75
97,2026-09-18,90
97,2026-09-18,105
97,2026-09-18,120
97,2026-09-18,135
97,2026-09-18,150
97,2026-09-18,165
97,2026-09-18,180
97,2026-09-18,195
97,2026-09-18,210
97,2026-09-18,225
97,2026-09-18,240
97,2026-09-18,255
97,2026-09-18,270
97,2026-09-18,285
97,2026-09-18,300
97,2026-09-18,315
97,2026-09-18,330
97,2026-09-18,345
97,2026-09-18,360
97,2026-09-18,375
97,2026-09-18,390
97,2026-09-18,405
97,2026-09-18,420
97,2026-09-18,435
97,2026-09-18,450
97,2026-09-18,465
97,2026-09-18,480
97,2026-09-18,495
97,2026-09-18,510
97,2026-09-18,525
97,2026-09-18,540
97,2026-09-18,555
97,2026-09-18,570
97,2026-09-18,585
97,2026-09-18,600
97,2026-09-18,615
97,2026-09-18,630
97,2026-09-18,645
97,2026-09-18,660
97,2026-09-18,675
97,2026-09-18,690
97,2026-09-18,705
97,2026-09-18,720
97,2026-09-18,735
97,2026-09-18,750
97,2026-09-18,765
97,2026-09-18,780
97,2026-09-18,795
97,2026-09-18,810
97,2026-09-18,825
97,2026-09-18,840
97,2026-09-18,855
97,2026-09-18,870
97,2026-09-18,885
97,2026-09-18,900
97,2026-09-18,915
97,2026-09-18,930
97,2026-09-18,945
97,2026-09-18,960
97,2026-09-18,975
97,2026-09-18,990
97,2026-09-18,1005
97,2026-09-18,1020
97,2026-09-18,1035
97,2026-09-18,1050
97,2026-09-18,1065
97,2026-09-18,1080
97,2026-09-18,1095
97,2026-09-18,1110
97,2026-09-18,1125
97,2026-09-18,1140
97,2026-09-18,1155
97,2026-09-18,1170
97,2026-09-18,1185
97,2026-09-18,1200
97,2026-09-18,1215
97,2026-09-18,1230
97,2026-09-18,1245
97,2026-09-18,1260
97,2026-09-18,1275
97,2026-09-18,1290
97,2026-09-18,1305
97,2026-09-18,1320
97,2026-09-18,1335
97,2026-09-18,1350
97,2026-09-18,1365
97,2026-09-18,1380
97,2026-09-18,1395
97,2026-09-18,1410
97,2026-09-18,1425
98,2026-09-18,0
98,2026-09-18,15
98,2026-09-18,30
98,2026-09-18,45
98,2026-09-18,60
98,2026-09-18,75
98,2026-09-18,90
98,2026-09-18,105
98,2026-09-18,120
98,2026-09-18,135
98,2026-09-18,150
98,2026-09-18,165
98,2026-09-18,180
98,2026-09-18,195
98,2026-09-18,210
98,2026-09-18,225
98,2026-09-18,240
98,2026-09-18,255
98,2026-09-18,270
98,2026-09-18,285
98,2026-09-18,300
98,2026-09-18,315
98,2026-09-18,330
98,2026-09-18,345
98,2026-09-18,360
98,2026-09-18,375
98,2026-09-18,390
98,2026-09-18,405
98,2026-09-18,420
98,2026-09-18,435
98,2026-09-18,450
98,2026-09-18,465
98,2026-09-18,480
98,2026-09-18,495
98,2026-09-18,510
98,2026-09-18,525
98,2026-09-18,540
98,2026-09-18,555
98,2026-09-18,570
98,2026-09-18,585
98,2026-09-18,600
98,2026-09-18,615
98,2026-09-18,630
98,2026-09-18,645
98,2026-09-18,660
98,2026-09-18,675
98,2026-09-18,690
98,2026-09-18,705
98,2026-09-18,720
98,2026-09-18,735
98,2026-09-18,750
98,2026-09-18,765
98,2026-09-18,780
98,2026-09-18,795
98,2026-09-18,810
98,2026-09-18,825
98,2026-09-18,840
98,2026-09-18,855
98,2026-09-18,870
98,2026-09-18,885
98,2026-09-18,900
98,2026-09-18,915
98,2026-09-18,930
98,2026-09-18,945
98,2026-09-18,960
98,2026-09-18,975
98,2026-09-18,990
98,2026-09-18,1005
98,2026-09-18,1020
98,2026-09-18,1035
98,2026-09-18,1050
98,2026-09-18,1065
98,2026-09-18,1080
98,2026-09-18,1095
98,2026-09-18,1110
98,2026-09-18,1125
98,2026-09-18,1140
98,2026-09-18,1155
98,2026-09-18,1170
98,2026-09-18,1185
98,2026-09-18,1200
98,2026-09-18,1215
98,2026-09-18,1230
98,2026-09-18,1245
98,2026-09-18,1260
98,2026-09-18,1275
98,2026-09-18,1290
98,2026-09-18,1305
98,2026-09-18,1320
98,2026-09-18,1335
98,2026-09-18,1350
98,2026-09-18,1365
98,2026-09-18,1380
98,2026-09-18,1395
98,2026-09-18,1410
98,2026-09-18,1425
99,2026-09-18,0
99,2026-09-18,15
99,2026-09-18,30
99,2026-09-18,45
99,2026-09-18,60
99,2026-09-18,75
99,2026-09-18,90
99,2026-09-18,105
99,2026-09-18,120
99,2026-09-18,135
99,2026-09-18,150
99,2026-09-18,165
99,2026-09-18,180
99,2026-09-18,195
99,2026-09-18,210
99,2026-09-18,225
99,2026-09-18,240
99,2026-09-18,255
99,2026-09-18,270
99,2026-09-18,285
99,2026-09-18,300
99,2026-09-18,315
99,2026-09-18,330
99,2026-09-18,345
99,2026-09-18,360
99,2026-09-18,375
99,2026-09-18,390
99,2026-09-18,405
99,2026-09-18,420
99,2026-09-18,435
99,2026-09-18,450
99,2026-09-18,465
99,2026-09-18,480
99,2026-09-18,495
99,2026-09-18,510
99,2026-09-18,525
99,2026-09-18,540
99,2026-09-18,555
99,2026-09-18,570
99,2026-09-18,585
99,2026-09-18,600
99,2026-09-18,615
99,2026-09-18,630
99,2026-09-18,645
99,2026-09-18,660
99,2026-09-18,675
99,2026-09-18,690
99,2026-09-18,705
99,2026-09-18,720
99,2026-09-18,735
99,2026-09-18,750
99,2026-09-18,765
99,2026-09-18,780
99,2026-09-18,795
99,2026-09-18,810
99,2026-09-18,825
99,2026-09-18,840
99,2026-09-18,855
99,2026-09-18,870
99,2026-09-18,885
99,2026-09-18,900
99,2026-09-18,915
99,2026-09-18,930
99,2026-09-18,945
99,2026-09-18,960
99,2026-09-18,975
99,2026-09-18,990
99,2026-09-18,1005
99,2026-09-18,1020
99,2026-09-18,1035
99,2026-09-18,1050
99,2026-09-18,1065
99,2026-09-18,1080
99,2026-09-18,1095
99,2026-09-18,1110
99,2026-09-18,1125
99,2026-09-18,1140
99,2026-09-18,1155
99,2026-09-18,1170
99,2026-09-18,1185
99,2026-09-18,1200
99,2026-09-18,1215
99,2026-09-18,1230
99,2026-09-18,1245
99,2026-09-18,1260
99,2026-09-18,1275
99,2026-09-18,1290
99,2026-09-18,1305
99,2026-09-18,1320
99,2026-09-18,1335
99,2026-09-18,1350
99,2026-09-18,1365
99,2026-09-18,1380
99,2026-09-18,1395
99,2026-09-18,1410
99,2026-09-18,1425
100,2026-09-18,0
100,2026-09-18,15
100,2026-09-18,30
100,2026-09-18,45
100,2026-09-18,60
100,2026-09-18,75
100,2026-09-18,90
100,2026-09-18,105
100,2026-09-18,120
100,2026-09-18,135
100,2026-09-18,150
100,2026-09-18,165
100,2026-09-18,180
100,2026-09-18,195
100,2026-09-18,210
100,2026-09-18,225
100,2026-09-18,240
100,2026-09-18,255
100,2026-09-18,270
100,2026-09-18,285
100,2026-09-18,300
100,2026-09-18,315
100,2026-09-18,330
100,2026-09-18,345
100,2026-09-18,360
100,2026-09-18,375
100,2026-09-18,390
100,2026-09-18,405
100,2026-09-18,420
100,2026-09-18,435
100,2026-09-18,450
100,2026-09-18,465
100,2026-09-18,480
100,2026-09-18,495
100,2026-09-18,510
100,2026-09-18,525
100,2026-09-18,540
100,2026-09-18,555
100,2026-09-18,570
100,2026-09-18,585
100,2026-09-18,600
100,2026-09-18,615
100,2026-09-18,630
100,2026-09-18,645
100,2026-09-18,660
100,2026-09-18,675
100,2026-09-18,690
100,2026-09-18,705
100,2026-09-18,720
100,2026-09-18,735
100,2026-09-18,750
100,2026-09-18,765
100,2026-09-18,780
100,2026-09-18,795
100,2026-09-18,810
100,2026-09-18,825
100,2026-09-18,840
100,2026-09-18,855
100,2026-09-18,870
100,2026-09-18,885
100,2026-09-18,900
100,2026-09-18,915
100,2026-09-18,930
100,2026-09-18,945
100,2026-09-18,960
100,2026-09-18,975
100,2026-09-18,990
100,2026-09-18,1005
100,2026-09-18,1020
100,2026-09-18,1035
100,2026-09-18,1050
100,2026-09-18,1065
100,2026-09-18,1080
100,2026-09-18,1095
100,2026-09-18,1110
100,2026-09-18,1125
100,2026-09-18,1140
100,2026-09-18,1155
100,2026-09-18,1170
100,2026-09-18,1185
100,2026-09-18,1200
100,2026-09-18,1215
100,2026-09-18,1230
100,2026-09-18,1245
100,2026-09-18,1260
100,2026-09-18,1275
100,2026-09-18,1290
100,2026-09-18,1305
100,2026-09-18,1320
100,2026-09-18,1335
100,2026-09-18,1350
100,2026-09-18,1365
100,2026-09-18,1380
100,2026-09-18,1395
100,2026-09-18,1410
100,2026-09-18,1425
101,2026-09-18,0
101,2026-09-18,15
101,2026-09-18,30
101,2026-09-18,45
101,2026-09-18,60
101,2026-09-18,75
101,2026-09-18,90
101,2026-09-18,105
101,2026-09-18,120
101,2026-09-18,135
101,2026-09-18,150
101,2026-09-18,165
101,2026-09-18,180
101,2026-09-18,195
101,2026-09-18,210
101,2026-09-18,225
101,2026-09-18,240
101,2026-09-18,255
101,2026-09-18,270
101,2026-09-18,285
101,2026-09-18,300
101,2026-09-18,315
101,2026-09-18,330
101,2026-09-18,345
101,2026-09-18,360
101,2026-09-18,375
101,2026-09-18,390
101,2026-09-18,405
101,2026-09-18,420
101,2026-09-18,435
101,2026-09-18,450
101,2026-09-18,465
101,2026-09-18,480
101,2026-09-18,495
101,2026-09-18,510
101,2026-09-18,525
101,2026-09-18,540
101,2026-09-18,555
101,2026-09-18,570
101,2026-09-18,585
101,2026-09-18,600
101,2026-09-18,615
101,2026-09-18,630
101,2026-09-18,645
101,2026-09-18,660
101,2026-09-18,675
101,2026-09-18,690
101,2026-09-18,705
101,2026-09-18,720
101,2026-09-18,735
101,2026-09-18,750
101,2026-09-18,765
101,2026-09-18,780
101,2026-09-18,795
101,2026-09-18,810
101,2026-09-18,825
101,2026-09-18,840
101,2026-09-18,855
101,2026-09-18,870
101,2026-09-18,885
101,2026-09-18,900
101,2026-09-18,915
101,2026-09-18,930
101,2026-09-18,945
101,2026-09-18,960
101,2026-09-18,975
101,2026-09-18,990
101,2026-09-18,1005
101,2026-09-18,1020
101,2026-09-18,1035
101,2026-09-18,1050
101,2026-09-18,1065
101,2026-09-18,1080
101,2026-09-18,1095
101,2026-09-18,1110
101,2026-09-18,1125
101,2026-09-18,1140
101,2026-09-18,1155
101,2026-09-18,1170
101,2026-09-18,1185
101,2026-09-18,1200
101,2026-09-18,1215
101,2026-09-18,1230
101,2026-09-18,1245
101,2026-09-18,1260
101,2026-09-18,1275
101,2026-09-18,1290
101,2026-09-18,1305
101,2026-09-18,1320
101,2026-09-18,1335
101,2026-09-18,1350
101,2026-09-18,1365
101,2026-09-18,1380
101,2026-09-18,1395
101,2026-09-18,1410
101,2026-09-18,1425
102,2026-09-18,0
102,2026-09-18,15
102,2026-09-18,30
102,2026-09-18,45
102,2026-09-18,60
102,2026-09-18,75
102,2026-09-18,90
102,2026-09-18,105
102,2026-09-18,120
102,2026-09-18,135
102,2026-09-18,150
102,2026-09-18,165
102,2026-09-18,180
102,2026-09-18,195
102,2026-09-18,210
102,2026-09-18,225
102,2026-09-18,240
102,2026-09-18,255
102,2026-09-18,270
102,2026-09-18,285
102,2026-09-18,300
102,2026-09-18,315
102,2026-09-18,330
102,2026-09-18,345
102,2026-09-18,360
102,2026-09-18,375
102,2026-09-18,390
102,2026-09-18,405
102,2026-09-18,420
102,2026-09-18,435
102,2026-09-18,450
102,2026-09-18,465
102,2026-09-18,480
102,2026-09-18,495
102,2026-09-18,510
102,2026-09-18,525
102,2026-09-18,540
102,2026-09-18,555
102,2026-09-18,570
102,2026-09-18,585
102,2026-09-18,600
102,2026-09-18,615
102,2026-09-18,630
102,2026-09-18,645
102,2026-09-18,660
102,2026-09-18,675
102,2026-09-18,690
102,2026-09-18,705
102,2026-09-18,720
102,2026-09-18,735
102,2026-09-18,750
102,2026-09-18,765
102,2026-09-18,780
102,2026-09-18,795
102,2026-09-18,810
102,2026-09-18,825
102,2026-09-18,840
102,2026-09-18,855
102,2026-09-18,870
102,2026-09-18,885
102,2026-09-18,900
102,2026-09-18,915
102,2026-09-18,930
102,2026-09-18,945
102,2026-09-18,960
102,2026-09-18,975
102,2026-09-18,990
102,2026-09-18,1005
102,2026-09-18,1020
102,2026-09-18,1035
102,2026-09-18,1050
102,2026-09-18,1065
102,2026-09-18,1080
102,2026-09-18,1095
102,2026-09-18,1110
102,2026-09-18,1125
102,2026-09-18,1140
102,2026-09-18,1155
102,2026-09-18,1170
102,2026-09-18,1185
102,2026-09-18,1200
102,2026-09-18,1215
102,2026-09-18,1230
102,2026-09-18,1245
102,2026-09-18,1260
102,2026-09-18,1275
102,2026-09-18,1290
102,2026-09-18,1305
102,2026-09-18,1320
102,2026-09-18,1335
102,2026-09-18,1350
102,2026-09-18,1365
102,2026-09-18,1380
102,2026-09-18,1395
102,2026-09-18,1410
102,2026-09-18,1425
103,2026-09-18,0
103,2026-09-18,15
103,2026-09-18,30
103,2026-09-18,45
103,2026-09-18,60
103,2026-09-18,75
103,2026-09-18,90
103,2026-09-18,105
103,2026-09-18,120
103,2026-09-18,135
103,2026-09-18,150
103,2026-09-18,165
103,2026-09-18,180
103,2026-09-18,195
103,2026-09-18,210
103,2026-09-18,225
103,2026-09-18,240
103,2026-09-18,255
103,2026-09-18,270
103,2026-09-18,285
103,2026-09-18,300
103,2026-09-18,315
103,2026-09-18,330
103,2026-09-18,345
103,2026-09-18,360
103,2026-09-18,375
103,2026-09-18,390
103,2026-09-18,405
103,2026-09-18,420
103,2026-09-18,435
103,2026-09-18,450
103,2026-09-18,465
103,2026-09-18,480
103,2026-09-18,495
103,2026-09-18,510
103,2026-09-18,525
103,2026-09-18,540
103,2026-09-18,555
103,2026-09-18,570
103,2026-09-18,585
103,2026-09-18,600
103,2026-09-18,615
103,2026-09-18,630
103,2026-09-18,645
103,2026-09-18,660
103,2026-09-18,675
103,2026-09-18,690
103,2026-09-18,705
103,2026-09-18,720
103,2026-09-18,735
103,2026-09-18,750
103,2026-09-18,765
103,2026-09-18,780
103,2026-09-18,795
103,2026-09-18,810
103,2026-09-18,825
103,2026-09-18,840
103,2026-09-18,855
103,2026-09-18,870
103,2026-09-18,885
103,2026-09-18,900
103,2026-09-18,915
103,2026-09-18,930
103,2026-09-18,945
103,2026-09-18,960
103,2026-09-18,975
103,2026-09-18,990
103,2026-09-18,1005
103,2026-09-18,1020
103,2026-09-18,1035
103,2026-09-18,1050
103,2026-09-18,1065
103,2026-09-18,1080
103,2026-09-18,1095
103,2026-09-18,1110
103,2026-09-18,1125
103,2026-09-18,1140
103,2026-09-18,1155
103,2026-09-18,1170
103,2026-09-18,1185
103,2026-09-18,1200
103,2026-09-18,1215
103,2026-09-18,1230
103,2026-09-18,1245
103,2026-09-18,1260
103,2026-09-18,1275
103,2026-09-18,1290
103,2026-09-18,1305
103,2026-09-18,1320
103,2026-09-18,1335
103,2026-09-18,1350
103,2026-09-18,1365
103,2026-09-18,1380
103,2026-09-18,1395
103,2026-09-18,1410
103,2026-09-18,1425
104,2026-09-18,0
104,2026-09-18,15
104,2026-09-18,30
104,2026-09-18,45
104,2026-09-18,60
104,2026-09-18,75
104,2026-09-18,90
104,2026-09-18,105
104,2026-09-18,120
104,2026-09-18,135
104,2026-09-18,150
104,2026-09-18,165
104,2026-09-18,180
104,2026-09-18,195
104,2026-09-18,210
104,2026-09-18,225
104,2026-09-18,240
104,2026-09-18,255
104,2026-09-18,270
104,2026-09-18,285
104,2026-09-18,300
104,2026-09-18,315
104,2026-09-18,330
104,2026-09-18,345
104,2026-09-18,360
104,2026-09-18,375
104,2026-09-18,390
104,2026-09-18,405
104,2026-09-18,420
104,2026-09-18,435
104,2026-09-18,450
104,2026-09-18,465
104,2026-09-18,480
104,2026-09-18,495
104,2026-09-18,510
104,2026-09-18,525
104,2026-09-18,540
104,2026-09-18,555
104,2026-09-18,570
104,2026-09-18,585
104,2026-09-18,600
104,2026-09-18,615
104,2026-09-18,630
104,2026-09-18,645
104,2026-09-18,660
104,2026-09-18,675
104,2026-09-18,690
104,2026-09-18,705
104,2026-09-18,720
104,2026-09-18,735
104,2026-09-18,750
104,2026-09-18,765
104,2026-09-18,780
104,2026-09-18,795
104,2026-09-18,810
104,2026-09-18,825
104,2026-09-18,840
104,2026-09-18,855
104,2026-09-18,870
104,2026-09-18,885
104,2026-09-18,900
104,2026-09-18,915
104,2026-09-18,930
104,2026-09-18,945
104,2026-09-18,960
104,2026-09-18,975
104,2026-09-18,990
104,2026-09-18,1005
104,2026-09-18,1020
104,2026-09-18,1035
104,2026-09-18,1050
104,2026-09-18,1065
104,2026-09-18,1080
104,2026-09-18,1095
104,2026-09-18,1110
104,2026-09-18,1125
104,2026-09-18,1140
104,2026-09-18,1155
104,2026-09-18,1170
104,2026-09-18,1185
104,2026-09-18,1200
104,2026-09-18,1215
104,2026-09-18,1230
104,2026-09-18,1245
104,2026-09-18,1260
104,2026-09-18,1275
104,2026-09-18,1290
104,2026-09-18,1305
104,2026-09-18,1320
104,2026-09-18,1335
104,2026-09-18,1350
104,2026-09-18,1365
104,2026-09-18,1380
104,2026-09-18,1395
104,2026-09-18,1410
104,2026-09-18,1425
105,2026-09-18,0
105,2026-09-18,15
105,2026-09-18,30
105,2026-09-18,45
105,2026-09-18,60
105,2026-09-18,75
105,2026-09-18,90
105,2026-09-18,105
105,2026-09-18,120
105,2026-09-18,135
105,2026-09-18,150
105,2026-09-18,165
105,2026-09-18,180
105,2026-09-18,195
105,2026-09-18,210
105,2026-09-18,225
105,2026-09-18,240
105,2026-09-18,255
105,2026-09-18,270
105,2026-09-18,285
105,2026-09-18,300
105,2026-09-18,315
105,2026-09-18,330
105,2026-09-18,345
105,2026-09-18,360
105,2026-09-18,375
105,2026-09-18,390
105,2026-09-18,405
105,2026-09-18,420
105,2026-09-18,435
105,2026-09-18,450
105,2026-09-18,465
105,2026-09-18,480
105,2026-09-18,495
105,2026-09-18,510
105,2026-09-18,525
105,2026-09-18,540
105,2026-09-18,555
105,2026-09-18,570
105,2026-09-18,585
105,2026-09-18,600
105,2026-09-18,615
105,2026-09-18,630
105,2026-09-18,645
105,2026-09-18,660
105,2026-09-18,675
105,2026-09-18,690
105,2026-09-18,705
105,2026-09-18,720
105,2026-09-18,735
105,2026-09-18,750
105,2026-09-18,765
105,2026-09-18,780
105,2026-09-18,795
105,2026-09-18,810
105,2026-09-18,825
105,2026-09-18,840
105,2026-09-18,855
105,2026-09-18,870
105,2026-09-18,885
105,2026-09-18,900
105,2026-09-18,915
105,2026-09-18,930
105,2026-09-18,945
105,2026-09-18,960
105,2026-09-18,975
105,2026-09-18,990
105,2026-09-18,1005
105,2026-09-18,1020
105,2026-09-18,1035
105,2026-09-18,1050
105,2026-09-18,1065
105,2026-09-18,1080
105,2026-09-18,1095
105,2026-09-18,1110
105,2026-09-18,1125
105,2026-09-18,1140
105,2026-09-18,1155
105,2026-09-18,1170
105,2026-09-18,1185
105,2026-09-18,1200
105,2026-09-18,1215
105,2026-09-18,1230
105,2026-09-18,1245
105,2026-09-18,1260
105,2026-09-18,1275
105,2026-09-18,1290
105,2026-09-18,1305
105,2026-09-18,1320
105,2026-09-18,1335
105,2026-09-18,1350
105,2026-09-18,1365
105,2026-09-18,1380
105,2026-09-18,1395
105,2026-09-18,1410
105,2026-09-18,1425
106,2026-09-18,0
106,2026-09-18,15
106,2026-09-18,30
106,2026-09-18,45
106,2026-09-18,60
106,2026-09-18,75
106,2026-09-18,90
106,2026-09-18,105
106,2026-09-18,120
106,2026-09-18,135
106,2026-09-18,150
106,2026-09-18,165
106,2026-09-18,180
106,2026-09-18,195
106,2026-09-18,210
106,2026-09-18,225
106,2026-09-18,240
106,2026-09-18,255
106,2026-09-18,270
106,2026-09-18,285
106,2026-09-18,300
106,2026-09-18,315
106,2026-09-18,330
106,2026-09-18,345
106,2026-09-18,360
106,2026-09-18,375
106,2026-09-18,390
106,2026-09-18,405
106,2026-09-18,420
106,2026-09-18,435
106,2026-09-18,450
106,2026-09-18,465
106,2026-09-18,480
106,2026-09-18,495
106,2026-09-18,510
106,2026-09-18,525
106,2026-09-18,540
106,2026-09-18,555
106,2026-09-18,570
106,2026-09-18,585
106,2026-09-18,600
106,2026-09-18,615
106,2026-09-18,630
106,2026-09-18,645
106,2026-09-18,660
106,2026-09-18,675
106,2026-09-18,690
106,2026-09-18,705
106,2026-09-18,720
106,2026-09-18,735
106,2026-09-18,750
106,2026-09-18,765
106,2026-09-18,780
106,2026-09-18,795
106,2026-09-18,810
106,2026-09-18,825
106,2026-09-18,840
106,2026-09-18,855
106,2026-09-18,870
106,2026-09-18,885
106,2026-09-18,900
106,2026-09-18,915
106,2026-09-18,930
106,2026-09-18,945
106,2026-09-18,960
106,2026-09-18,975
106,2026-09-18,990
106,2026-09-18,1005
106,2026-09-18,1020
106,2026-09-18,1035
106,2026-09-18,1050
106,2026-09-18,1065
106,2026-09-18,1080
106,2026-09-18,1095
106,2026-09-18,1110
106,2026-09-18,1125
106,2026-09-18,1140
106,2026-09-18,1155
106,2026-09-18,1170
106,2026-09-18,1185
106,2026-09-18,1200
106,2026-09-18,1215
106,2026-09-18,1230
106,2026-09-18,1245
106,2026-09-18,1260
106,2026-09-18,1275
106,2026-09-18,1290
106,2026-09-18,1305
106,2026-09-18,1320
106,2026-09-18,1335
106,2026-09-18,1350
106,2026-09-18,1365
106,2026-09-18,1380
106,2026-09-18,1395
106,2026-09-18,1410
106,2026-09-18,1425
107,2026-09-18,0
107,2026-09-18,15
107,2026-09-18,30
107,2026-09-18,45
107,2026-09-18,60
107,2026-09-18,75
107,2026-09-18,90
107,2026-09-18,105
107,2026-09-18,120
107,2026-09-18,135
107,2026-09-18,150
107,2026-09-18,165
107,2026-09-18,180
107,2026-09-18,195
107,2026-09-18,210
107,2026-09-18,225
107,2026-09-18,240
107,2026-09-18,255
107,2026-09-18,270
107,2026-09-18,285
107,2026-09-18,300
107,2026-09-18,315
107,2026-09-18,330
107,2026-09-18,345
107,2026-09-18,360
107,2026-09-18,375
107,2026-09-18,390
107,2026-09-18,405
107,2026-09-18,420
107,2026-09-18,435
107,2026-09-18,450
107,2026-09-18,465
107,2026-09-18,480
107,2026-09-18,495
107,2026-09-18,510
107,2026-09-18,525
107,2026-09-18,540
107,2026-09-18,555
107,2026-09-18,570
107,2026-09-18,585
107,2026-09-18,600
107,2026-09-18,615
107,2026-09-18,630
107,2026-09-18,645
107,2026-09-18,660
107,2026-09-18,675
107,2026-09-18,690
107,2026-09-18,705
107,2026-09-18,720
107,2026-09-18,735
107,2026-09-18,750
107,2026-09-18,765
107,2026-09-18,780
107,2026-09-18,795
107,2026-09-18,810
107,2026-09-18,825
107,2026-09-18,840
107,2026-09-18,855
107,2026-09-18,870
107,2026-09-18,885
107,2026-09-18,900
107,2026-09-18,915
107,2026-09-18,930
107,2026-09-18,945
107,2026-09-18,960
107,2026-09-18,975
107,2026-09-18,990
107,2026-09-18,1005
107,2026-09-18,1020
107,2026-09-18,1035
107,2026-09-18,1050
107,2026-09-18,1065
107,2026-09-18,1080
107,2026-09-18,1095
107,2026-09-18,1110
107,2026-09-18,1125
107,2026-09-18,1140
107,2026-09-18,1155
107,2026-09-18,1170
107,2026-09-18,1185
107,2026-09-18,1200
107,2026-09-18,1215
107,2026-09-18,1230
107,2026-09-18,1245
107,2026-09-18,1260
107,2026-09-18,1275
107,2026-09-18,1290
107,2026-09-18,1305
107,2026-09-18,1320
107,2026-09-18,1335
107,2026-09-18,1350
107,2026-09-18,1365
107,2026-09-18,1380
107,2026-09-18,1395
107,2026-09-18,1410
107,2026-09-18,1425
108,2026-09-18,0
108,2026-09-18,15
108,2026-09-18,30
108,2026-09-18,45
108,2026-09-18,60
108,2026-09-18,75
108,2026-09-18,90
108,2026-09-18,105
108,2026-09-18,120
108,2026-09-18,135
108,2026-09-18,150
108,2026-09-18,165
108,2026-09-18,180
108,2026-09-18,195
108,2026-09-18,210
108,2026-09-18,225
108,2026-09-18,240
108,2026-09-18,255
108,2026-09-18,270
108,2026-09-18,285
108,2026-09-18,300
108,2026-09-18,315
108,2026-09-18,330
108,2026-09-18,345
108,2026-09-18,360
108,2026-09-18,375
108,2026-09-18,390
108,2026-09-18,405
108,2026-09-18,420
108,2026-09-18,435
108,2026-09-18,450
108,2026-09-18,465
108,2026-09-18,480
108,2026-09-18,495
108,2026-09-18,510
108,2026-09-18,525
108,2026-09-18,540
108,2026-09-18,555
108,2026-09-18,570
108,2026-09-18,585
108,2026-09-18,600
108,2026-09-18,615
108,2026-09-18,630
108,2026-09-18,645
108,2026-09-18,660
108,2026-09-18,675
108,2026-09-18,690
108,2026-09-18,705
108,2026-09-18,720
108,2026-09-18,735
108,2026-09-18,750
108,2026-09-18,765
108,2026-09-18,780
108,2026-09-18,795
108,2026-09-18,810
108,2026-09-18,825
108,2026-09-18,840
108,2026-09-18,855
108,2026-09-18,870
108,2026-09-18,885
108,2026-09-18,900
108,2026-09-18,915
108,2026-09-18,930
108,2026-09-18,945
108,2026-09-18,960
108,2026-09-18,975
108,2026-09-18,990
108,2026-09-18,1005
108,2026-09-18,1020
108,2026-09-18,1035
108,2026-09-18,1050
108,2026-09-18,1065
108,2026-09-18,1080
108,2026-09-18,1095
108,2026-09-18,1110
108,2026-09-18,1125
108,2026-09-18,1140
108,2026-09-18,1155
108,2026-09-18,1170
108,2026-09-18,1185
108,2026-09-18,1200
108,2026-09-18,1215
108,2026-09-18,1230
108,2026-09-18,1245
108,2026-09-18,1260
108,2026-09-18,1275
108,2026-09-18,1290
108,2026-09-18,1305
108,2026-09-18,1320
108,2026-09-18,1335
108,2026-09-18,1350
108,2026-09-18,1365
108,2026-09-18,1380
108,2026-09-18,1395
108,2026-09-18,1410
108,2026-09-18,1425
109,2026-09-18,0
109,2026-09-18,15
109,2026-09-18,30
109,2026-09-18,45
109,2026-09-18,60
109,2026-09-18,75
109,2026-09-18,90
109,2026-09-18,105
109,2026-09-18,120
109,2026-09-18,135
109,2026-09-18,150
109,2026-09-18,165
109,2026-09-18,180
109,2026-09-18,195
109,2026-09-18,210
109,2026-09-18,225
109,2026-09-18,240
109,2026-09-18,255
109,2026-09-18,270
109,2026-09-18,285
109,2026-09-18,300
109,2026-09-18,315
109,2026-09-18,330
109,2026-09-18,345
109,2026-09-18,360
109,2026-09-18,375
109,2026-09-18,390
109,2026-09-18,405
109,2026-09-18,420
109,2026-09-18,435
109,2026-09-18,450
109,2026-09-18,465
109,2026-09-18,480
109,2026-09-18,495
109,2026-09-18,510
109,2026-09-18,525
109,2026-09-18,540
109,2026-09-18,555
109,2026-09-18,570
109,2026-09-18,585
109,2026-09-18,600
109,2026-09-18,615
109,2026-09-18,630
109,2026-09-18,645
109,2026-09-18,660
109,2026-09-18,675
109,2026-09-18,690
109,2026-09-18,705
109,2026-09-18,720
109,2026-09-18,735
109,2026-09-18,750
109,2026-09-18,765
109,2026-09-18,780
109,2026-09-18,795
109,2026-09-18,810
109,2026-09-18,825
109,2026-09-18,840
109,2026-09-18,855
109,2026-09-18,870
109,2026-09-18,885
109,2026-09-18,900
109,2026-09-18,915
109,2026-09-18,930
109,2026-09-18,945
109,2026-09-18,960
109,2026-09-18,975
109,2026-09-18,990
109,2026-09-18,1005
109,2026-09-18,1020
109,2026-09-18,1035
109,2026-09-18,1050
109,2026-09-18,1065
109,2026-09-18,1080
109,2026-09-18,1095
109,2026-09-18,1110
109,2026-09-18,1125
109,2026-09-18,1140
109,2026-09-18,1155
109,2026-09-18,1170
109,2026-09-18,1185
109,2026-09-18,1200
109,2026-09-18,1215
109,2026-09-18,1230
109,2026-09-18,1245
109,2026-09-18,1260
109,2026-09-18,1275
109,2026-09-18,1290
109,2026-09-18,1305
109,2026-09-18,1320
109,2026-09-18,1335
109,2026-09-18,1350
109,2026-09-18,1365
109,2026-09-18,1380
109,2026-09-18,1395
109,2026-09-18,1410
109,2026-09-18,1425
110,2026-09-18,0
110,2026-09-18,15
110,2026-09-18,30
110,2026-09-18,45
110,2026-09-18,60
110,2026-09-18,75
110,2026-09-18,90
110,2026-09-18,105
110,2026-09-18,120
110,2026-09-18,135
110,2026-09-18,150
110,2026-09-18,165
110,2026-09-18,180
110,2026-09-18,195
110,2026-09-18,210
110,2026-09-18,225
110,2026-09-18,240
110,2026-09-18,255
110,2026-09-18,270
110,2026-09-18,285
110,2026-09-18,300
110,2026-09-18,315
110,2026-09-18,330
110,2026-09-18,345
110,2026-09-18,360
110,2026-09-18,375
110,2026-09-18,390
110,2026-09-18,405
110,2026-09-18,420
110,2026-09-18,435
110,2026-09-18,450
110,2026-09-18,465
110,2026-09-18,480
110,2026-09-18,495
110,2026-09-18,510
110,2026-09-18,525
110,2026-09-18,540
110,2026-09-18,555
110,2026-09-18,570
110,2026-09-18,585
110,2026-09-18,600
110,2026-09-18,615
110,2026-09-18,630
110,2026-09-18,645
110,2026-09-18,660
110,2026-09-18,675
110,2026-09-18,690
110,2026-09-18,705
110,2026-09-18,720
110,2026-09-18,735
110,2026-09-18,750
110,2026-09-18,765
110,2026-09-18,780
110,2026-09-18,795
110,2026-09-18,810
110,2026-09-18,825
110,2026-09-18,840
110,2026-09-18,855
110,2026-09-18,870
110,2026-09-18,885
110,2026-09-18,900
110,2026-09-18,915
110,2026-09-18,930
110,2026-09-18,945
110,2026-09-18,960
110,2026-09-18,975
110,2026-09-18,990
110,2026-09-18,1005
110,2026-09-18,1020
110,2026-09-18,1035
110,2026-09-18,1050
110,2026-09-18,1065
110,2026-09-18,1080
110,2026-09-18,1095
110,2026-09-18,1110
110,2026-09-18,1125
110,2026-09-18,1140
110,2026-09-18,1155
110,2026-09-18,1170
110,2026-09-18,1185
110,2026-09-18,1200
110,2026-09-18,1215
110,2026-09-18,1230
110,2026-09-18,1245
110,2026-09-18,1260
110,2026-09-18,1275
110,2026-09-18,1290
110,2026-09-18,1305
110,2026-09-18,1320
110,2026-09-18,1335
110,2026-09-18,1350
110,2026-09-18,1365
110,2026-09-18,1380
110,2026-09-18,1395
110,2026-09-18,1410
110,2026-09-18,1425
111,2026-09-18,0
111,2026-09-18,15
111,2026-09-18,30
111,2026-09-18,45
111,2026-09-18,60
111,2026-09-18,75
111,2026-09-18,90
111,2026-09-18,105
111,2026-09-18,120
111,2026-09-18,135
111,2026-09-18,150
111,2026-09-18,165
111,2026-09-18,180
111,2026-09-18,195
111,2026-09-18,210
111,2026-09-18,225
111,2026-09-18,240
111,2026-09-18,255
111,2026-09-18,270
111,2026-09-18,285
111,2026-09-18,300
111,2026-09-18,315
111,2026-09-18,330
111,2026-09-18,345
111,2026-09-18,360
111,2026-09-18,375
111,2026-09-18,390
111,2026-09-18,405
111,2026-09-18,420
111,2026-09-18,435
111,2026-09-18,450
111,2026-09-18,465
111,2026-09-18,480
111,2026-09-18,495
111,2026-09-18,510
111,2026-09-18,525
111,2026-09-18,540
111,2026-09-18,555
111,2026-09-18,570
111,2026-09-18,585
111,2026-09-18,600
111,2026-09-18,615
111,2026-09-18,630
111,2026-09-18,645
111,2026-09-18,660
111,2026-09-18,675
111,2026-09-18,690
111,2026-09-18,705
111,2026-09-18,720
111,2026-09-18,735
111,2026-09-18,750
111,2026-09-18,765
111,2026-09-18,780
111,2026-09-18,795
111,2026-09-18,810
111,2026-09-18,825
111,2026-09-18,840
111,2026-09-18,855
111,2026-09-18,870
111,2026-09-18,885
111,2026-09-18,900
111,2026-09-18,915
111,2026-09-18,930
111,2026-09-18,945
111,2026-09-18,960
111,2026-09-18,975
111,2026-09-18,990
111,2026-09-18,1005
111,2026-09-18,1020
111,2026-09-18,1035
111,2026-09-18,1050
111,2026-09-18,1065
111,2026-09-18,1080
111,2026-09-18,1095
111,2026-09-18,1110
111,2026-09-18,1125
111,2026-09-18,1140
111,2026-09-18,1155
111,2026-09-18,1170
111,2026-09-18,1185
111,2026-09-18,1200
111,2026-09-18,1215
111,2026-09-18,1230
111,2026-09-18,1245
111,2026-09-18,1260
111,2026-09-18,1275
111,2026-09-18,1290
111,2026-09-18,1305
111,2026-09-18,1320
111,2026-09-18,1335
111,2026-09-18,1350
111,2026-09-18,1365
111,2026-09-18,1380
111,2026-09-18,1395
111,2026-09-18,1410
111,2026-09-18,1425
112,2026-09-18,0
112,2026-09-18,15
112,2026-09-18,30
112,2026-09-18,45
112,2026-09-18,60
112,2026-09-18,75
112,2026-09-18,90
112,2026-09-18,105
112,2026-09-18,120
112,2026-09-18,135
112,2026-09-18,150
112,2026-09-18,165
112,2026-09-18,180
112,2026-09-18,195
112,2026-09-18,210
112,2026-09-18,225
112,2026-09-18,240
112,2026-09-18,255
112,2026-09-18,270
112,2026-09-18,285
112,2026-09-18,300
112,2026-09-18,315
112,2026-09-18,330
112,2026-09-18,345
112,2026-09-18,360
112,2026-09-18,375
112,2026-09-18,390
112,2026-09-18,405
112,2026-09-18,420
112,2026-09-18,435
112,2026-09-18,450
112,2026-09-18,465
112,2026-09-18,480
112,2026-09-18,495
112,2026-09-18,510
112,2026-09-18,525
112,2026-09-18,540
112,2026-09-18,555
112,2026-09-18,570
112,2026-09-18,585
112,2026-09-18,600
112,2026-09-18,615
112,2026-09-18,630
112,2026-09-18,645
112,2026-09-18,660
112,2026-09-18,675
112,2026-09-18,690
112,2026-09-18,705
112,2026-09-18,720
112,2026-09-18,735
112,2026-09-18,750
112,2026-09-18,765
112,2026-09-18,780
112,2026-09-18,795
112,2026-09-18,810
112,2026-09-18,825
112,2026-09-18,840
112,2026-09-18,855
112,2026-09-18,870
112,2026-09-18,885
112,2026-09-18,900
112,2026-09-18,915
112,2026-09-18,930
112,2026-09-18,945
112,2026-09-18,960
112,2026-09-18,975
112,2026-09-18,990
112,2026-09-18,1005
112,2026-09-18,1020
112,2026-09-18,1035
112,2026-09-18,1050
112,2026-09-18,1065
112,2026-09-18,1080
112,2026-09-18,1095
112,2026-09-18,1110
112,2026-09-18,1125
112,2026-09-18,1140
112,2026-09-18,1155
112,2026-09-18,1170
112,2026-09-18,1185
112,2026-09-18,1200
112,2026-09-18,1215
112,2026-09-18,1230
112,2026-09-18,1245
112,2026-09-18,1260
112,2026-09-18,1275
112,2026-09-18,1290
112,2026-09-18,1305
112,2026-09-18,1320
112,2026-09-18,1335
112,2026-09-18,1350
112,2026-09-18,1365
112,2026-09-18,1380
112,2026-09-18,1395
112,2026-09-18,1410
112,2026-09-18,1425
113,2026-09-18,0
113,2026-09-18,15
113,2026-09-18,30
113,2026-09-18,45
113,2026-09-18,60
113,2026-09-18,75
113,2026-09-18,90
113,2026-09-18,105
113,2026-09-18,120
113,2026-09-18,135
113,2026-09-18,150
113,2026-09-18,165
113,2026-09-18,180
113,2026-09-18,195
113,2026-09-18,210
113,2026-09-18,225
113,2026-09-18,240
113,2026-09-18,255
113,2026-09-18,270
113,2026-09-18,285
113,2026-09-18,300
113,2026-09-18,315
113,2026-09-18,330
113,2026-09-18,345
113,2026-09-18,360
113,2026-09-18,375
113,2026-09-18,390
113,2026-09-18,405
113,2026-09-18,420
113,2026-09-18,435
113,2026-09-18,450
113,2026-09-18,465
113,2026-09-18,480
113,2026-09-18,495
113,2026-09-18,510
113,2026-09-18,525
113,2026-09-18,540
113,2026-09-18,555
113,2026-09-18,570
113,2026-09-18,585
113,2026-09-18,600
113,2026-09-18,615
113,2026-09-18,630
113,2026-09-18,645
113,2026-09-18,660
113,2026-09-18,675
113,2026-09-18,690
113,2026-09-18,705
113,2026-09-18,720
113,2026-09-18,735
113,2026-09-18,750
113,2026-09-18,765
113,2026-09-18,780
113,2026-09-18,795
113,2026-09-18,810
113,2026-09-18,825
113,2026-09-18,840
113,2026-09-18,855
113,2026-09-18,870
113,2026-09-18,885
113,2026-09-18,900
113,2026-09-18,915
113,2026-09-18,930
113,2026-09-18,945
113,2026-09-18,960
113,2026-09-18,975
113,2026-09-18,990
113,2026-09-18,1005
113,2026-09-18,1020
113,2026-09-18,1035
113,2026-09-18,1050
113,2026-09-18,1065
113,2026-09-18,1080
113,2026-09-18,1095
113,2026-09-18,1110
113,2026-09-18,1125
113,2026-09-18,1140
113,2026-09-18,1155
113,2026-09-18,1170
113,2026-09-18,1185
113,2026-09-18,1200
113,2026-09-18,1215
113,2026-09-18,1230
113,2026-09-18,1245
113,2026-09-18,1260
113,2026-09-18,1275
113,2026-09-18,1290
113,2026-09-18,1305
113,2026-09-18,1320
113,2026-09-18,1335
113,2026-09-18,1350
113,2026-09-18,1365
113,2026-09-18,1380
113,2026-09-18,1395
113,2026-09-18,1410
113,2026-09-18,1425
114,2026-09-18,0
114,2026-09-18,15
114,2026-09-18,30
114,2026-09-18,45
114,2026-09-18,60
114,2026-09-18,75
114,2026-09-18,90
114,2026-09-18,105
114,2026-09-18,120
114,2026-09-18,135
114,2026-09-18,150
114,2026-09-18,165
114,2026-09-18,180
114,2026-09-18,195
114,2026-09-18,210
114,2026-09-18,225
114,2026-09-18,240
114,2026-09-18,255
114,2026-09-18,270
114,2026-09-18,285
114,2026-09-18,300
114,2026-09-18,315
114,2026-09-18,330
114,2026-09-18,345
114,2026-09-18,360
114,2026-09-18,375
114,2026-09-18,390
114,2026-09-18,405
114,2026-09-18,420
114,2026-09-18,435
114,2026-09-18,450
114,2026-09-18,465
114,2026-09-18,480
114,2026-09-18,495
114,2026-09-18,510
114,2026-09-18,525
114,2026-09-18,540
114,2026-09-18,555
114,2026-09-18,570
114,2026-09-18,585
114,2026-09-18,600
114,2026-09-18,615
114,2026-09-18,630
114,2026-09-18,645
114,2026-09-18,660
114,2026-09-18,675
114,2026-09-18,690
114,2026-09-18,705
114,2026-09-18,720
114,2026-09-18,735
114,2026-09-18,750
114,2026-09-18,765
114,2026-09-18,780
114,2026-09-18,795
114,2026-09-18,810
114,2026-09-18,825
114,2026-09-18,840
114,2026-09-18,855
114,2026-09-18,870
114,2026-09-18,885
114,2026-09-18,900
114,2026-09-18,915
114,2026-09-18,930
114,2026-09-18,945
114,2026-09-18,960
114,2026-09-18,975
114,2026-09-18,990
114,2026-09-18,1005
114,2026-09-18,1020
114,2026-09-18,1035
114,2026-09-18,1050
114,2026-09-18,1065
114,2026-09-18,1080
114,2026-09-18,1095
114,2026-09-18,1110
114,2026-09-18,1125
114,2026-09-18,1140
114,2026-09-18,1155
114,2026-09-18,1170
114,2026-09-18,1185
114,2026-09-18,1200
114,2026-09-18,1215
114,2026-09-18,1230
114,2026-09-18,1245
114,2026-09-18,1260
114,2026-09-18,1275
114,2026-09-18,1290
114,2026-09-18,1305
114,2026-09-18,1320
114,2026-09-18,1335
114,2026-09-18,1350
114,2026-09-18,1365
114,2026-09-18,1380
114,2026-09-18,1395
114,2026-09-18,1410
114,2026-09-18,1425
115,2026-09-18,0
115,2026-09-18,15
115,2026-09-18,30
115,2026-09-18,45
115,2026-09-18,60
115,2026-09-18,75
115,2026-09-18,90
115,2026-09-18,105
115,2026-09-18,120
115,2026-09-18,135
115,2026-09-18,150
115,2026-09-18,165
115,2026-09-18,180
115,2026-09-18,195
115,2026-09-18,210
115,2026-09-18,225
115,2026-09-18,240
115,2026-09-18,255
115,2026-09-18,270
115,2026-09-18,285
115,2026-09-18,300
115,2026-09-18,315
115,2026-09-18,330
115,2026-09-18,345
115,2026-09-18,360
115,2026-09-18,375
115,2026-09-18,390
115,2026-09-18,405
115,2026-09-18,420
115,2026-09-18,435
115,2026-09-18,450
115,2026-09-18,465
115,2026-09-18,480
115,2026-09-18,495
115,2026-09-18,510
115,2026-09-18,525
115,2026-09-18,540
115,2026-09-18,555
115,2026-09-18,570
115,2026-09-18,585
115,2026-09-18,600
115,2026-09-18,615
115,2026-09-18,630
115,2026-09-18,645
115,2026-09-18,660
115,2026-09-18,675
115,2026-09-18,690
115,2026-09-18,705
115,2026-09-18,720
115,2026-09-18,735
115,2026-09-18,750
115,2026-09-18,765
115,2026-09-18,780
115,2026-09-18,795
115,2026-09-18,810
115,2026-09-18,825
115,2026-09-18,840
115,2026-09-18,855
115,2026-09-18,870
115,2026-09-18,885
115,2026-09-18,900
115,2026-09-18,915
115,2026-09-18,930
115,2026-09-18,945
115,2026-09-18,960
115,2026-09-18,975
115,2026-09-18,990
115,2026-09-18,1005
115,2026-09-18,1020
115,2026-09-18,1035
115,2026-09-18,1050
115,2026-09-18,1065
115,2026-09-18,1080
115,2026-09-18,1095
115,2026-09-18,1110
115,2026-09-18,1125
115,2026-09-18,1140
115,2026-09-18,1155
115,2026-09-18,1170
115,2026-09-18,1185
115,2026-09-18,1200
115,2026-09-18,1215
115,2026-09-18,1230
115,2026-09-18,1245
115,2026-09-18,1260
115,2026-09-18,1275
115,2026-09-18,1290
115,2026-09-18,1305
115,2026-09-18,1320
115,2026-09-18,1335
115,2026-09-18,1350
115,2026-09-18,1365
115,2026-09-18,1380
115,2026-09-18,1395
115,2026-09-18,1410
115,2026-09-18,1425
116,2026-09-18,0
116,2026-09-18,15
116,2026-09-18,30
116,2026-09-18,45
116,2026-09-18,60
116,2026-09-18,75
116,2026-09-18,90
116,2026-09-18,105
116,2026-09-18,120
116,2026-09-18,135
116,2026-09-18,150
116,2026-09-18,165
116,2026-09-18,180
116,2026-09-18,195
116,2026-09-18,210
116,2026-09-18,225
116,2026-09-18,240
116,2026-09-18,255
116,2026-09-18,270
116,2026-09-18,285
116,2026-09-18,300
116,2026-09-18,315
116,2026-09-18,330
116,2026-09-18,345
116,2026-09-18,360
116,2026-09-18,375
116,2026-09-18,390
116,2026-09-18,405
116,2026-09-18,420
116,2026-09-18,435
116,2026-09-18,450
116,2026-09-18,465
116,2026-09-18,480
116,2026-09-18,495
116,2026-09-18,510
116,2026-09-18,525
116,2026-09-18,540
116,2026-09-18,555
116,2026-09-18,570
116,2026-09-18,585
116,2026-09-18,600
116,2026-09-18,615
116,2026-09-18,630
116,2026-09-18,645
116,2026-09-18,660
116,2026-09-18,675
116,2026-09-18,690
116,2026-09-18,705
116,2026-09-18,720
116,2026-09-18,735
116,2026-09-18,750
116,2026-09-18,765
116,2026-09-18,780
116,2026-09-18,795
116,2026-09-18,810
116,2026-09-18,825
116,2026-09-18,840
116,2026-09-18,855
116,2026-09-18,870
116,2026-09-18,885
116,2026-09-18,900
116,2026-09-18,915
116,2026-09-18,930
116,2026-09-18,945
116,2026-09-18,960
116,2026-09-18,975
116,2026-09-18,990
116,2026-09-18,1005
116,2026-09-18,1020
116,2026-09-18,1035
116,2026-09-18,1050
116,2026-09-18,1065
116,2026-09-18,1080
116,2026-09-18,1095
116,2026-09-18,1110
116,2026-09-18,1125
116,2026-09-18,1140
116,2026-09-18,1155
116,2026-09-18,1170
116,2026-09-18,1185
116,2026-09-18,1200
116,2026-09-18,1215
116,2026-09-18,1230
116,2026-09-18,1245
116,2026-09-18,1260
116,2026-09-18,1275
116,2026-09-18,1290
116,2026-09-18,1305
116,2026-09-18,1320
116,2026-09-18,1335
116,2026-09-18,1350
116,2026-09-18,1365
116,2026-09-18,1380
116,2026-09-18,1395
116,2026-09-18,1410
116,2026-09-18,1425
117,2026-09-18,0
117,2026-09-18,15
117,2026-09-18,30
117,2026-09-18,45
117,2026-09-18,60
117,2026-09-18,75
117,2026-09-18,90
117,2026-09-18,105
117,2026-09-18,120
117,2026-09-18,135
117,2026-09-18,150
117,2026-09-18,165
117,2026-09-18,180
117,2026-09-18,195
117,2026-09-18,210
117,2026-09-18,225
117,2026-09-18,240
117,2026-09-18,255
117,2026-09-18,270
117,2026-09-18,285
117,2026-09-18,300
117,2026-09-18,315
117,2026-09-18,330
117,2026-09-18,345
117,2026-09-18,360
117,2026-09-18,375
117,2026-09-18,390
117,2026-09-18,405
117,2026-09-18,420
117,2026-09-18,435
117,2026-09-18,450
117,2026-09-18,465
117,2026-09-18,480
117,2026-09-18,495
117,2026-09-18,510
117,2026-09-18,525
117,2026-09-18,540
117,2026-09-18,555
117,2026-09-18,570
117,2026-09-18,585
117,2026-09-18,600
117,2026-09-18,615
117,2026-09-18,630
117,2026-09-18,645
117,2026-09-18,660
117,2026-09-18,675
117,2026-09-18,690
117,2026-09-18,705
117,2026-09-18,720
117,2026-09-18,735
117,2026-09-18,750
117,2026-09-18,765
117,2026-09-18,780
117,2026-09-18,795
117,2026-09-18,810
117,2026-09-18,825
117,2026-09-18,840
117,2026-09-18,855
117,2026-09-18,870
117,2026-09-18,885
117,2026-09-18,900
117,2026-09-18,915
117,2026-09-18,930
117,2026-09-18,945
117,2026-09-18,960
117,2026-09-18,975
117,2026-09-18,990
117,2026-09-18,1005
117,2026-09-18,1020
117,2026-09-18,1035
117,2026-09-18,1050
117,2026-09-18,1065
117,2026-09-18,1080
117,2026-09-18,1095
117,2026-09-18,1110
117,2026-09-18,1125
117,2026-09-18,1140
117,2026-09-18,1155
117,2026-09-18,1170
117,2026-09-18,1185
117,2026-09-18,1200
117,2026-09-18,1215
117,2026-09-18,1230
117,2026-09-18,1245
117,2026-09-18,1260
117,2026-09-18,1275
117,2026-09-18,1290
117,2026-09-18,1305
117,2026-09-18,1320
117,2026-09-18,1335
117,2026-09-18,1350
117,2026-09-18,1365
117,2026-09-18,1380
117,2026-09-18,1395
117,2026-09-18,1410
117,2026-09-18,1425
31,2026-09-19,0
31,2026-09-19,15
31,2026-09-19,30
31,2026-09-19,45
31,2026-09-19,60
31,2026-09-19,75
31,2026-09-19,90
31,2026-09-19,105
31,2026-09-19,120
31,2026-09-19,135
31,2026-09-19,150
31,2026-09-19,165
31,2026-09-19,180
31,2026-09-19,195
31,2026-09-19,210
31,2026-09-19,225
31,2026-09-19,240
31,2026-09-19,255
31,2026-09-19,270
31,2026-09-19,285
31,2026-09-19,300
31,2026-09-19,315
31,2026-09-19,330
31,2026-09-19,345
31,2026-09-19,360
31,2026-09-19,375
31,2026-09-19,390
31,2026-09-19,405
31,2026-09-19,420
31,2026-09-19,435
31,2026-09-19,450
31,2026-09-19,465
31,2026-09-19,480
31,2026-09-19,495
31,2026-09-19,510
31,2026-09-19,525
31,2026-09-19,540
31,2026-09-19,555
31,2026-09-19,570
31,2026-09-19,585
31,2026-09-19,600
31,2026-09-19,615
31,2026-09-19,630
31,2026-09-19,645
31,2026-09-19,660
31,2026-09-19,675
31,2026-09-19,690
31,2026-09-19,705
31,2026-09-19,720
31,2026-09-19,735
31,2026-09-19,750
31,2026-09-19,765
31,2026-09-19,780
31,2026-09-19,795
31,2026-09-19,810
31,2026-09-19,825
31,2026-09-19,840
31,2026-09-19,855
31,2026-09-19,870
31,2026-09-19,885
31,2026-09-19,900
31,2026-09-19,915
31,2026-09-19,930
31,2026-09-19,945
31,2026-09-19,960
31,2026-09-19,975
31,2026-09-19,990
31,2026-09-19,1005
31,2026-09-19,1020
31,2026-09-19,1035
31,2026-09-19,1050
31,2026-09-19,1065
31,2026-09-19,1080
31,2026-09-19,1095
31,2026-09-19,1110
31,2026-09-19,1125
31,2026-09-19,1140
31,2026-09-19,1155
31,2026-09-19,1170
31,2026-09-19,1185
31,2026-09-19,1200
31,2026-09-19,1215
31,2026-09-19,1230
31,2026-09-19,1245
31,2026-09-19,1260
31,2026-09-19,1275
31,2026-09-19,1290
31,2026-09-19,1305
31,2026-09-19,1320
31,2026-09-19,1335
31,2026-09-19,1350
31,2026-09-19,1365
31,2026-09-19,1380
31,2026-09-19,1395
31,2026-09-19,1410
31,2026-09-19,1425
45,2026-09-19,0
45,2026-09-19,15
45,2026-09-19,30
45,2026-09-19,45
45,2026-09-19,60
45,2026-09-19,75
45,2026-09-19,90
45,2026-09-19,105
45,2026-09-19,120
45,2026-09-19,135
45,2026-09-19,150
45,2026-09-19,165
45,2026-09-19,180
45,2026-09-19,195
45,2026-09-19,210
45,2026-09-19,225
45,2026-09-19,240
45,2026-09-19,255
45,2026-09-19,270
45,2026-09-19,285
45,2026-09-19,300
45,2026-09-19,315
45,2026-09-19,330
45,2026-09-19,345
45,2026-09-19,360
45,2026-09-19,375
45,2026-09-19,390
45,2026-09-19,405
45,2026-09-19,420
45,2026-09-19,435
45,2026-09-19,450
45,2026-09-19,465
45,2026-09-19,480
45,2026-09-19,495
45,2026-09-19,510
45,2026-09-19,525
45,2026-09-19,540
45,2026-09-19,555
45,2026-09-19,570
45,2026-09-19,585
45,2026-09-19,600
45,2026-09-19,615
45,2026-09-19,630
45,2026-09-19,645
45,2026-09-19,660
45,2026-09-19,675
45,2026-09-19,690
45,2026-09-19,705
45,2026-09-19,720
45,2026-09-19,735
45,2026-09-19,750
45,2026-09-19,765
45,2026-09-19,780
45,2026-09-19,795
45,2026-09-19,810
45,2026-09-19,825
45,2026-09-19,840
45,2026-09-19,855
45,2026-09-19,870
45,2026-09-19,885
45,2026-09-19,900
45,2026-09-19,915
45,2026-09-19,930
45,2026-09-19,945
45,2026-09-19,960
45,2026-09-19,975
45,2026-09-19,990
45,2026-09-19,1005
45,2026-09-19,1020
45,2026-09-19,1035
45,2026-09-19,1050
45,2026-09-19,1065
45,2026-09-19,1080
45,2026-09-19,1095
45,2026-09-19,1110
45,2026-09-19,1125
45,2026-09-19,1140
45,2026-09-19,1155
45,2026-09-19,1170
45,2026-09-19,1185
45,2026-09-19,1200
45,2026-09-19,1215
45,2026-09-19,1230
45,2026-09-19,1245
45,2026-09-19,1260
45,2026-09-19,1275
45,2026-09-19,1290
45,2026-09-19,1305
45,2026-09-19,1320
45,2026-09-19,1335
45,2026-09-19,1350
45,2026-09-19,1365
45,2026-09-19,1380
45,2026-09-19,1395
45,2026-09-19,1410
45,2026-09-19,1425
67,2026-09-19,0
67,2026-09-19,15
67,2026-09-19,30
67,2026-09-19,45
67,2026-09-19,60
67,2026-09-19,75
67,2026-09-19,90
67,2026-09-19,105
67,2026-09-19,120
67,2026-09-19,135
67,2026-09-19,150
67,2026-09-19,165
67,2026-09-19,180
67,2026-09-19,195
67,2026-09-19,210
67,2026-09-19,225
67,2026-09-19,240
67,2026-09-19,255
67,2026-09-19,270
67,2026-09-19,285
67,2026-09-19,300
67,2026-09-19,315
67,2026-09-19,330
67,2026-09-19,345
67,2026-09-19,360
67,2026-09-19,375
67,2026-09-19,390
67,2026-09-19,405
67,2026-09-19,420
67,2026-09-19,435
67,2026-09-19,450
67,2026-09-19,465
67,2026-09-19,480
67,2026-09-19,495
67,2026-09-19,510
67,2026-09-19,525
67,2026-09-19,540
67,2026-09-19,555
67,2026-09-19,570
67,2026-09-19,585
67,2026-09-19,600
67,2026-09-19,615
67,2026-09-19,630
67,2026-09-19,645
67,2026-09-19,660
67,2026-09-19,675
67,2026-09-19,690
67,2026-09-19,705
67,2026-09-19,720
67,2026-09-19,735
67,2026-09-19,750
67,2026-09-19,765
67,2026-09-19,780
67,2026-09-19,795
67,2026-09-19,810
67,2026-09-19,825
67,2026-09-19,840
67,2026-09-19,855
67,2026-09-19,870
67,2026-09-19,885
67,2026-09-19,900
67,2026-09-19,915
67,2026-09-19,930
67,2026-09-19,945
67,2026-09-19,960
67,2026-09-19,975
67,2026-09-19,990
67,2026-09-19,1005
67,2026-09-19,1020
67,2026-09-19,1035
67,2026-09-19,1050
67,2026-09-19,1065
67,2026-09-19,1080
67,2026-09-19,1095
67,2026-09-19,1110
67,2026-09-19,1125
67,2026-09-19,1140
67,2026-09-19,1155
67,2026-09-19,1170
67,2026-09-19,1185
67,2026-09-19,1200
67,2026-09-19,1215
67,2026-09-19,1230
67,2026-09-19,1245
67,2026-09-19,1260
67,2026-09-19,1275
67,2026-09-19,1290
67,2026-09-19,1305
67,2026-09-19,1320
67,2026-09-19,1335
67,2026-09-19,1350
67,2026-09-19,1365
67,2026-09-19,1380
67,2026-09-19,1395
67,2026-09-19,1410
67,2026-09-19,1425
70,2026-09-19,0
70,2026-09-19,15
70,2026-09-19,30
70,2026-09-19,45
70,2026-09-19,60
70,2026-09-19,75
70,2026-09-19,90
70,2026-09-19,105
70,2026-09-19,120
70,2026-09-19,135
70,2026-09-19,150
70,2026-09-19,165
70,2026-09-19,180
70,2026-09-19,195
70,2026-09-19,210
70,2026-09-19,225
70,2026-09-19,240
70,2026-09-19,255
70,2026-09-19,270
70,2026-09-19,285
70,2026-09-19,300
70,2026-09-19,315
70,2026-09-19,330
70,2026-09-19,345
70,2026-09-19,360
70,2026-09-19,375
70,2026-09-19,390
70,2026-09-19,405
70,2026-09-19,420
70,2026-09-19,435
70,2026-09-19,450
70,2026-09-19,465
70,2026-09-19,480
70,2026-09-19,495
70,2026-09-19,510
70,2026-09-19,525
70,2026-09-19,540
70,2026-09-19,555
70,2026-09-19,570
70,2026-09-19,585
70,2026-09-19,600
70,2026-09-19,615
70,2026-09-19,630
70,2026-09-19,645
70,2026-09-19,660
70,2026-09-19,675
70,2026-09-19,690
70,2026-09-19,705
70,2026-09-19,720
70,2026-09-19,735
70,2026-09-19,750
70,2026-09-19,765
70,2026-09-19,780
70,2026-09-19,795
70,2026-09-19,810
70,2026-09-19,825
70,2026-09-19,840
70,2026-09-19,855
70,2026-09-19,870
70,2026-09-19,885
70,2026-09-19,900
70,2026-09-19,915
70,2026-09-19,930
70,2026-09-19,945
70,2026-09-19,960
70,2026-09-19,975
70,2026-09-19,990
70,2026-09-19,1005
70,2026-09-19,1020
70,2026-09-19,1035
70,2026-09-19,1050
70,2026-09-19,1065
70,2026-09-19,1080
70,2026-09-19,1095
70,2026-09-19,1110
70,2026-09-19,1125
70,2026-09-19,1140
70,2026-09-19,1155
70,2026-09-19,1170
70,2026-09-19,1185
70,2026-09-19,1200
70,2026-09-19,1215
70,2026-09-19,1230
70,2026-09-19,1245
70,2026-09-19,1260
70,2026-09-19,1275
70,2026-09-19,1290
70,2026-09-19,1305
70,2026-09-19,1320
70,2026-09-19,1335
70,2026-09-19,1350
70,2026-09-19,1365
70,2026-09-19,1380
70,2026-09-19,1395
70,2026-09-19,1410
70,2026-09-19,1425
91,2026-09-19,0
91,2026-09-19,15
91,2026-09-19,30
91,2026-09-19,45
91,2026-09-19,60
91,2026-09-19,75
91,2026-09-19,90
91,2026-09-19,105
91,2026-09-19,120
91,2026-09-19,135
91,2026-09-19,150
91,2026-09-19,165
91,2026-09-19,180
91,2026-09-19,195
91,2026-09-19,210
91,2026-09-19,225
91,2026-09-19,240
91,2026-09-19,255
91,2026-09-19,270
91,2026-09-19,285
91,2026-09-19,300
91,2026-09-19,315
91,2026-09-19,330
91,2026-09-19,345
91,2026-09-19,360
91,2026-09-19,375
91,2026-09-19,390
91,2026-09-19,405
91,2026-09-19,420
91,2026-09-19,435
91,2026-09-19,450
91,2026-09-19,465
91,2026-09-19,480
91,2026-09-19,495
91,2026-09-19,510
91,2026-09-19,525
91,2026-09-19,540
91,2026-09-19,555
91,2026-09-19,570
91,2026-09-19,585
91,2026-09-19,600
91,2026-09-19,615
91,2026-09-19,630
91,2026-09-19,645
91,2026-09-19,660
91,2026-09-19,675
91,2026-09-19,690
91,2026-09-19,705
91,2026-09-19,720
91,2026-09-19,735
91,2026-09-19,750
91,2026-09-19,765
91,2026-09-19,780
91,2026-09-19,795
91,2026-09-19,810
91,2026-09-19,825
91,2026-09-19,840
91,2026-09-19,855
91,2026-09-19,870
91,2026-09-19,885
91,2026-09-19,900
91,2026-09-19,915
91,2026-09-19,930
91,2026-09-19,945
91,2026-09-19,960
91,2026-09-19,975
91,2026-09-19,990
91,2026-09-19,1005
91,2026-09-19,1020
91,2026-09-19,1035
91,2026-09-19,1050
91,2026-09-19,1065
91,2026-09-19,1080
91,2026-09-19,1095
91,2026-09-19,1110
91,2026-09-19,1125
91,2026-09-19,1140
91,2026-09-19,1155
91,2026-09-19,1170
91,2026-09-19,1185
91,2026-09-19,1200
91,2026-09-19,1215
91,2026-09-19,1230
91,2026-09-19,1245
91,2026-09-19,1260
91,2026-09-19,1275
91,2026-09-19,1290
91,2026-09-19,1305
91,2026-09-19,1320
91,2026-09-19,1335
91,2026-09-19,1350
91,2026-09-19,1365
91,2026-09-19,1380
91,2026-09-19,1395
91,2026-09-19,1410
91,2026-09-19,1425
92,2026-09-19,0
92,2026-09-19,15
92,2026-09-19,30
92,2026-09-19,45
92,2026-09-19,60
92,2026-09-19,75
92,2026-09-19,90
92,2026-09-19,105
92,2026-09-19,120
92,2026-09-19,135
92,2026-09-19,150
92,2026-09-19,165
92,2026-09-19,180
92,2026-09-19,195
92,2026-09-19,210
92,2026-09-19,225
92,2026-09-19,240
92,2026-09-19,255
92,2026-09-19,270
92,2026-09-19,285
92,2026-09-19,300
92,2026-09-19,315
92,2026-09-19,330
92,2026-09-19,345
92,2026-09-19,360
92,2026-09-19,375
92,2026-09-19,390
92,2026-09-19,405
92,2026-09-19,420
92,2026-09-19,435
92,2026-09-19,450
92,2026-09-19,465
92,2026-09-19,480
92,2026-09-19,495
92,2026-09-19,510
92,2026-09-19,525
92,2026-09-19,540
92,2026-09-19,555
92,2026-09-19,570
92,2026-09-19,585
92,2026-09-19,600
92,2026-09-19,615
92,2026-09-19,630
92,2026-09-19,645
92,2026-09-19,660
92,2026-09-19,675
92,2026-09-19,690
92,2026-09-19,705
92,2026-09-19,720
92,2026-09-19,735
92,2026-09-19,750
92,2026-09-19,765
92,2026-09-19,780
92,2026-09-19,795
92,2026-09-19,810
92,2026-09-19,825
92,2026-09-19,840
92,2026-09-19,855
92,2026-09-19,870
92,2026-09-19,885
92,2026-09-19,900
92,2026-09-19,915
92,2026-09-19,930
92,2026-09-19,945
92,2026-09-19,960
92,2026-09-19,975
92,2026-09-19,990
92,2026-09-19,1005
92,2026-09-19,1020
92,2026-09-19,1035
92,2026-09-19,1050
92,2026-09-19,1065
92,2026-09-19,1080
92,2026-09-19,1095
92,2026-09-19,1110
92,2026-09-19,1125
92,2026-09-19,1140
92,2026-09-19,1155
92,2026-09-19,1170
92,2026-09-19,1185
92,2026-09-19,1200
92,2026-09-19,1215
92,2026-09-19,1230
92,2026-09-19,1245
92,2026-09-19,1260
92,2026-09-19,1275
92,2026-09-19,1290
92,2026-09-19,1305
92,2026-09-19,1320
92,2026-09-19,1335
92,2026-09-19,1350
92,2026-09-19,1365
92,2026-09-19,1380
92,2026-09-19,1395
92,2026-09-19,1410
92,2026-09-19,1425
93,2026-09-19,0
93,2026-09-19,15
93,2026-09-19,30
93,2026-09-19,45
93,2026-09-19,60
93,2026-09-19,75
93,2026-09-19,90
93,2026-09-19,105
93,2026-09-19,120
93,2026-09-19,135
93,2026-09-19,150
93,2026-09-19,165
93,2026-09-19,180
93,2026-09-19,195
93,2026-09-19,210
93,2026-09-19,225
93,2026-09-19,240
93,2026-09-19,255
93,2026-09-19,270
93,2026-09-19,285
93,2026-09-19,300
93,2026-09-19,315
93,2026-09-19,330
93,2026-09-19,345
93,2026-09-19,360
93,2026-09-19,375
93,2026-09-19,390
93,2026-09-19,405
93,2026-09-19,420
93,2026-09-19,435
93,2026-09-19,450
93,2026-09-19,465
93,2026-09-19,480
93,2026-09-19,495
93,2026-09-19,510
93,2026-09-19,525
93,2026-09-19,540
93,2026-09-19,555
93,2026-09-19,570
93,2026-09-19,585
93,2026-09-19,600
93,2026-09-19,615
93,2026-09-19,630
93,2026-09-19,645
93,2026-09-19,660
93,2026-09-19,675
93,2026-09-19,690
93,2026-09-19,705
93,2026-09-19,720
93,2026-09-19,735
93,2026-09-19,750
93,2026-09-19,765
93,2026-09-19,780
93,2026-09-19,795
93,2026-09-19,810
93,2026-09-19,825
93,2026-09-19,840
93,2026-09-19,855
93,2026-09-19,870
93,2026-09-19,885
93,2026-09-19,900
93,2026-09-19,915
93,2026-09-19,930
93,2026-09-19,945
93,2026-09-19,960
93,2026-09-19,975
93,2026-09-19,990
93,2026-09-19,1005
93,2026-09-19,1020
93,2026-09-19,1035
93,2026-09-19,1050
93,2026-09-19,1065
93,2026-09-19,1080
93,2026-09-19,1095
93,2026-09-19,1110
93,2026-09-19,1125
93,2026-09-19,1140
93,2026-09-19,1155
93,2026-09-19,1170
93,2026-09-19,1185
93,2026-09-19,1200
93,2026-09-19,1215
93,2026-09-19,1230
93,2026-09-19,1245
93,2026-09-19,1260
93,2026-09-19,1275
93,2026-09-19,1290
93,2026-09-19,1305
93,2026-09-19,1320
93,2026-09-19,1335
93,2026-09-19,1350
93,2026-09-19,1365
93,2026-09-19,1380
93,2026-09-19,1395
93,2026-09-19,1410
93,2026-09-19,1425
94,2026-09-19,0
94,2026-09-19,15
94,2026-09-19,30
94,2026-09-19,45
94,2026-09-19,60
94,2026-09-19,75
94,2026-09-19,90
94,2026-09-19,105
94,2026-09-19,120
94,2026-09-19,135
94,2026-09-19,150
94,2026-09-19,165
94,2026-09-19,180
94,2026-09-19,195
94,2026-09-19,210
94,2026-09-19,225
94,2026-09-19,240
94,2026-09-19,255
94,2026-09-19,270
94,2026-09-19,285
94,2026-09-19,300
94,2026-09-19,315
94,2026-09-19,330
94,2026-09-19,345
94,2026-09-19,360
94,2026-09-19,375
94,2026-09-19,390
94,2026-09-19,405
94,2026-09-19,420
94,2026-09-19,435
94,2026-09-19,450
94,2026-09-19,465
94,2026-09-19,480
94,2026-09-19,495
94,2026-09-19,510
94,2026-09-19,525
94,2026-09-19,540
94,2026-09-19,555
94,2026-09-19,570
94,2026-09-19,585
94,2026-09-19,600
94,2026-09-19,615
94,2026-09-19,630
94,2026-09-19,645
94,2026-09-19,660
94,2026-09-19,675
94,2026-09-19,690
94,2026-09-19,705
94,2026-09-19,720
94,2026-09-19,735
94,2026-09-19,750
94,2026-09-19,765
94,2026-09-19,780
94,2026-09-19,795
94,2026-09-19,810
94,2026-09-19,825
94,2026-09-19,840
94,2026-09-19,855
94,2026-09-19,870
94,2026-09-19,885
94,2026-09-19,900
94,2026-09-19,915
94,2026-09-19,930
94,2026-09-19,945
94,2026-09-19,960
94,2026-09-19,975
94,2026-09-19,990
94,2026-09-19,1005
94,2026-09-19,1020
94,2026-09-19,1035
94,2026-09-19,1050
94,2026-09-19,1065
94,2026-09-19,1080
94,2026-09-19,1095
94,2026-09-19,1110
94,2026-09-19,1125
94,2026-09-19,1140
94,2026-09-19,1155
94,2026-09-19,1170
94,2026-09-19,1185
94,2026-09-19,1200
94,2026-09-19,1215
94,2026-09-19,1230
94,2026-09-19,1245
94,2026-09-19,1260
94,2026-09-19,1275
94,2026-09-19,1290
94,2026-09-19,1305
94,2026-09-19,1320
94,2026-09-19,1335
94,2026-09-19,1350
94,2026-09-19,1365
94,2026-09-19,1380
94,2026-09-19,1395
94,2026-09-19,1410
94,2026-09-19,1425
95,2026-09-19,0
95,2026-09-19,15
95,2026-09-19,30
95,2026-09-19,45
95,2026-09-19,60
95,2026-09-19,75
95,2026-09-19,90
95,2026-09-19,105
95,2026-09-19,120
95,2026-09-19,135
95,2026-09-19,150
95,2026-09-19,165
95,2026-09-19,180
95,2026-09-19,195
95,2026-09-19,210
95,2026-09-19,225
95,2026-09-19,240
95,2026-09-19,255
95,2026-09-19,270
95,2026-09-19,285
95,2026-09-19,300
95,2026-09-19,315
95,2026-09-19,330
95,2026-09-19,345
95,2026-09-19,360
95,2026-09-19,375
95,2026-09-19,390
95,2026-09-19,405
95,2026-09-19,420
95,2026-09-19,435
95,2026-09-19,450
95,2026-09-19,465
95,2026-09-19,480
95,2026-09-19,495
95,2026-09-19,510
95,2026-09-19,525
95,2026-09-19,540
95,2026-09-19,555
95,2026-09-19,570
95,2026-09-19,585
95,2026-09-19,600
95,2026-09-19,615
95,2026-09-19,630
95,2026-09-19,645
95,2026-09-19,660
95,2026-09-19,675
95,2026-09-19,690
95,2026-09-19,705
95,2026-09-19,720
95,2026-09-19,735
95,2026-09-19,750
95,2026-09-19,765
95,2026-09-19,780
95,2026-09-19,795
95,2026-09-19,810
95,2026-09-19,825
95,2026-09-19,840
95,2026-09-19,855
95,2026-09-19,870
95,2026-09-19,885
95,2026-09-19,900
95,2026-09-19,915
95,2026-09-19,930
95,2026-09-19,945
95,2026-09-19,960
95,2026-09-19,975
95,2026-09-19,990
95,2026-09-19,1005
95,2026-09-19,1020
95,2026-09-19,1035
95,2026-09-19,1050
95,2026-09-19,1065
95,2026-09-19,1080
95,2026-09-19,1095
95,2026-09-19,1110
95,2026-09-19,1125
95,2026-09-19,1140
95,2026-09-19,1155
95,2026-09-19,1170
95,2026-09-19,1185
95,2026-09-19,1200
95,2026-09-19,1215
95,2026-09-19,1230
95,2026-09-19,1245
95,2026-09-19,1260
95,2026-09-19,1275
95,2026-09-19,1290
95,2026-09-19,1305
95,2026-09-19,1320
95,2026-09-19,1335
95,2026-09-19,1350
95,2026-09-19,1365
95,2026-09-19,1380
95,2026-09-19,1395
95,2026-09-19,1410
95,2026-09-19,1425
96,2026-09-19,0
96,2026-09-19,15
96,2026-09-19,30
96,2026-09-19,45
96,2026-09-19,60
96,2026-09-19,75
96,2026-09-19,90
96,2026-09-19,105
96,2026-09-19,120
96,2026-09-19,135
96,2026-09-19,150
96,2026-09-19,165
96,2026-09-19,180
96,2026-09-19,195
96,2026-09-19,210
96,2026-09-19,225
96,2026-09-19,240
96,2026-09-19,255
96,2026-09-19,270
96,2026-09-19,285
96,2026-09-19,300
96,2026-09-19,315
96,2026-09-19,330
96,2026-09-19,345
96,2026-09-19,360
96,2026-09-19,375
96,2026-09-19,390
96,2026-09-19,405
96,2026-09-19,420
96,2026-09-19,435
96,2026-09-19,450
96,2026-09-19,465
96,2026-09-19,480
96,2026-09-19,495
96,2026-09-19,510
96,2026-09-19,525
96,2026-09-19,540
96,2026-09-19,555
96,2026-09-19,570
96,2026-09-19,585
96,2026-09-19,600
96,2026-09-19,615
96,2026-09-19,630
96,2026-09-19,645
96,2026-09-19,660
96,2026-09-19,675
96,2026-09-19,690
96,2026-09-19,705
96,2026-09-19,720
96,2026-09-19,735
96,2026-09-19,750
96,2026-09-19,765
96,2026-09-19,780
96,2026-09-19,795
96,2026-09-19,810
96,2026-09-19,825
96,2026-09-19,840
96,2026-09-19,855
96,2026-09-19,870
96,2026-09-19,885
96,2026-09-19,900
96,2026-09-19,915
96,2026-09-19,930
96,2026-09-19,945
96,2026-09-19,960
96,2026-09-19,975
96,2026-09-19,990
96,2026-09-19,1005
96,2026-09-19,1020
96,2026-09-19,1035
96,2026-09-19,1050
96,2026-09-19,1065
96,2026-09-19,1080
96,2026-09-19,1095
96,2026-09-19,1110
96,2026-09-19,1125
96,2026-09-19,1140
96,2026-09-19,1155
96,2026-09-19,1170
96,2026-09-19,1185
96,2026-09-19,1200
96,2026-09-19,1215
96,2026-09-19,1230
96,2026-09-19,1245
96,2026-09-19,1260
96,2026-09-19,1275
96,2026-09-19,1290
96,2026-09-19,1305
96,2026-09-19,1320
96,2026-09-19,1335
96,2026-09-19,1350
96,2026-09-19,1365
96,2026-09-19,1380
96,2026-09-19,1395
96,2026-09-19,1410
96,2026-09-19,1425
97,2026-09-19,0
97,2026-09-19,15
97,2026-09-19,30
97,2026-09-19,45
97,2026-09-19,60
97,2026-09-19,75
97,2026-09-19,90
97,2026-09-19,105
97,2026-09-19,120
97,2026-09-19,135
97,2026-09-19,150
97,2026-09-19,165
97,2026-09-19,180
97,2026-09-19,195
97,2026-09-19,210
97,2026-09-19,225
97,2026-09-19,240
97,2026-09-19,255
97,2026-09-19,270
97,2026-09-19,285
97,2026-09-19,300
97,2026-09-19,315
97,2026-09-19,330
97,2026-09-19,345
97,2026-09-19,360
97,2026-09-19,375
97,2026-09-19,390
97,2026-09-19,405
97,2026-09-19,420
97,2026-09-19,435
97,2026-09-19,450
97,2026-09-19,465
97,2026-09-19,480
97,2026-09-19,495
97,2026-09-19,510
97,2026-09-19,525
97,2026-09-19,540
97,2026-09-19,555
97,2026-09-19,570
97,2026-09-19,585
97,2026-09-19,600
97,2026-09-19,615
97,2026-09-19,630
97,2026-09-19,645
97,2026-09-19,660
97,2026-09-19,675
97,2026-09-19,690
97,2026-09-19,705
97,2026-09-19,720
97,2026-09-19,735
97,2026-09-19,750
97,2026-09-19,765
97,2026-09-19,780
97,2026-09-19,795
97,2026-09-19,810
97,2026-09-19,825
97,2026-09-19,840
97,2026-09-19,855
97,2026-09-19,870
97,2026-09-19,885
97,2026-09-19,900
97,2026-09-19,915
97,2026-09-19,930
97,2026-09-19,945
97,2026-09-19,960
97,2026-09-19,975
97,2026-09-19,990
97,2026-09-19,1005
97,2026-09-19,1020
97,2026-09-19,1035
97,2026-09-19,1050
97,2026-09-19,1065
97,2026-09-19,1080
97,2026-09-19,1095
97,2026-09-19,1110
97,2026-09-19,1125
97,2026-09-19,1140
97,2026-09-19,1155
97,2026-09-19,1170
97,2026-09-19,1185
97,2026-09-19,1200
97,2026-09-19,1215
97,2026-09-19,1230
97,2026-09-19,1245
97,2026-09-19,1260
97,2026-09-19,1275
97,2026-09-19,1290
97,2026-09-19,1305
97,2026-09-19,1320
97,2026-09-19,1335
97,2026-09-19,1350
97,2026-09-19,1365
97,2026-09-19,1380
97,2026-09-19,1395
97,2026-09-19,1410
97,2026-09-19,1425
98,2026-09-19,0
98,2026-09-19,15
98,2026-09-19,30
98,2026-09-19,45
98,2026-09-19,60
98,2026-09-19,75
98,2026-09-19,90
98,2026-09-19,105
98,2026-09-19,120
98,2026-09-19,135
98,2026-09-19,150
98,2026-09-19,165
98,2026-09-19,180
98,2026-09-19,195
98,2026-09-19,210
98,2026-09-19,225
98,2026-09-19,240
98,2026-09-19,255
98,2026-09-19,270
98,2026-09-19,285
98,2026-09-19,300
98,2026-09-19,315
98,2026-09-19,330
98,2026-09-19,345
98,2026-09-19,360
98,2026-09-19,375
98,2026-09-19,390
98,2026-09-19,405
98,2026-09-19,420
98,2026-09-19,435
98,2026-09-19,450
98,2026-09-19,465
98,2026-09-19,480
98,2026-09-19,495
98,2026-09-19,510
98,2026-09-19,525
98,2026-09-19,540
98,2026-09-19,555
98,2026-09-19,570
98,2026-09-19,585
98,2026-09-19,600
98,2026-09-19,615
98,2026-09-19,630
98,2026-09-19,645
98,2026-09-19,660
98,2026-09-19,675
98,2026-09-19,690
98,2026-09-19,705
98,2026-09-19,720
98,2026-09-19,735
98,2026-09-19,750
98,2026-09-19,765
98,2026-09-19,780
98,2026-09-19,795
98,2026-09-19,810
98,2026-09-19,825
98,2026-09-19,840
98,2026-09-19,855
98,2026-09-19,870
98,2026-09-19,885
98,2026-09-19,900
98,2026-09-19,915
98,2026-09-19,930
98,2026-09-19,945
98,2026-09-19,960
98,2026-09-19,975
98,2026-09-19,990
98,2026-09-19,1005
98,2026-09-19,1020
98,2026-09-19,1035
98,2026-09-19,1050
98,2026-09-19,1065
98,2026-09-19,1080
98,2026-09-19,1095
98,2026-09-19,1110
98,2026-09-19,1125
98,2026-09-19,1140
98,2026-09-19,1155
98,2026-09-19,1170
98,2026-09-19,1185
98,2026-09-19,1200
98,2026-09-19,1215
98,2026-09-19,1230
98,2026-09-19,1245
98,2026-09-19,1260
98,2026-09-19,1275
98,2026-09-19,1290
98,2026-09-19,1305
98,2026-09-19,1320
98,2026-09-19,1335
98,2026-09-19,1350
98,2026-09-19,1365
98,2026-09-19,1380
98,2026-09-19,1395
98,2026-09-19,1410
98,2026-09-19,1425
99,2026-09-19,0
99,2026-09-19,15
99,2026-09-19,30
99,2026-09-19,45
99,2026-09-19,60
99,2026-09-19,75
99,2026-09-19,90
99,2026-09-19,105
99,2026-09-19,120
99,2026-09-19,135
99,2026-09-19,150
99,2026-09-19,165
99,2026-09-19,180
99,2026-09-19,195
99,2026-09-19,210
99,2026-09-19,225
99,2026-09-19,240
99,2026-09-19,255
99,2026-09-19,270
99,2026-09-19,285
99,2026-09-19,300
99,2026-09-19,315
99,2026-09-19,330
99,2026-09-19,345
99,2026-09-19,360
99,2026-09-19,375
99,2026-09-19,390
99,2026-09-19,405
99,2026-09-19,420
99,2026-09-19,435
99,2026-09-19,450
99,2026-09-19,465
99,2026-09-19,480
99,2026-09-19,495
99,2026-09-19,510
99,2026-09-19,525
99,2026-09-19,540
99,2026-09-19,555
99,2026-09-19,570
99,2026-09-19,585
99,2026-09-19,600
99,2026-09-19,615
99,2026-09-19,630
99,2026-09-19,645
99,2026-09-19,660
99,2026-09-19,675
99,2026-09-19,690
99,2026-09-19,705
99,2026-09-19,720
99,2026-09-19,735
99,2026-09-19,750
99,2026-09-19,765
99,2026-09-19,780
99,2026-09-19,795
99,2026-09-19,810
99,2026-09-19,825
99,2026-09-19,840
99,2026-09-19,855
99,2026-09-19,870
99,2026-09-19,885
99,2026-09-19,900
99,2026-09-19,915
99,2026-09-19,930
99,2026-09-19,945
99,2026-09-19,960
99,2026-09-19,975
99,2026-09-19,990
99,2026-09-19,1005
99,2026-09-19,1020
99,2026-09-19,1035
99,2026-09-19,1050
99,2026-09-19,1065
99,2026-09-19,1080
99,2026-09-19,1095
99,2026-09-19,1110
99,2026-09-19,1125
99,2026-09-19,1140
99,2026-09-19,1155
99,2026-09-19,1170
99,2026-09-19,1185
99,2026-09-19,1200
99,2026-09-19,1215
99,2026-09-19,1230
99,2026-09-19,1245
99,2026-09-19,1260
99,2026-09-19,1275
99,2026-09-19,1290
99,2026-09-19,1305
99,2026-09-19,1320
99,2026-09-19,1335
99,2026-09-19,1350
99,2026-09-19,1365
99,2026-09-19,1380
99,2026-09-19,1395
99,2026-09-19,1410
99,2026-09-19,1425
100,2026-09-19,0
100,2026-09-19,15
100,2026-09-19,30
100,2026-09-19,45
100,2026-09-19,60
100,2026-09-19,75
100,2026-09-19,90
100,2026-09-19,105
100,2026-09-19,120
100,2026-09-19,135
100,2026-09-19,150
100,2026-09-19,165
100,2026-09-19,180
100,2026-09-19,195
100,2026-09-19,210
100,2026-09-19,225
100,2026-09-19,240
100,2026-09-19,255
100,2026-09-19,270
100,2026-09-19,285
100,2026-09-19,300
100,2026-09-19,315
100,2026-09-19,330
100,2026-09-19,345
100,2026-09-19,360
100,2026-09-19,375
100,2026-09-19,390
100,2026-09-19,405
100,2026-09-19,420
100,2026-09-19,435
100,2026-09-19,450
100,2026-09-19,465
100,2026-09-19,480
100,2026-09-19,495
100,2026-09-19,510
100,2026-09-19,525
100,2026-09-19,540
100,2026-09-19,555
100,2026-09-19,570
100,2026-09-19,585
100,2026-09-19,600
100,2026-09-19,615
100,2026-09-19,630
100,2026-09-19,645
100,2026-09-19,660
100,2026-09-19,675
100,2026-09-19,690
100,2026-09-19,705
100,2026-09-19,720
100,2026-09-19,735
100,2026-09-19,750
100,2026-09-19,765
100,2026-09-19,780
100,2026-09-19,795
100,2026-09-19,810
100,2026-09-19,825
100,2026-09-19,840
100,2026-09-19,855
100,2026-09-19,870
100,2026-09-19,885
100,2026-09-19,900
100,2026-09-19,915
100,2026-09-19,930
100,2026-09-19,945
100,2026-09-19,960
100,2026-09-19,975
100,2026-09-19,990
100,2026-09-19,1005
100,2026-09-19,1020
100,2026-09-19,1035
100,2026-09-19,1050
100,2026-09-19,1065
100,2026-09-19,1080
100,2026-09-19,1095
100,2026-09-19,1110
100,2026-09-19,1125
100,2026-09-19,1140
100,2026-09-19,1155
100,2026-09-19,1170
100,2026-09-19,1185
100,2026-09-19,1200
100,2026-09-19,1215
100,2026-09-19,1230
100,2026-09-19,1245
100,2026-09-19,1260
100,2026-09-19,1275
100,2026-09-19,1290
100,2026-09-19,1305
100,2026-09-19,1320
100,2026-09-19,1335
100,2026-09-19,1350
100,2026-09-19,1365
100,2026-09-19,1380
100,2026-09-19,1395
100,2026-09-19,1410
100,2026-09-19,1425
101,2026-09-19,0
101,2026-09-19,15
101,2026-09-19,30
101,2026-09-19,45
101,2026-09-19,60
101,2026-09-19,75
101,2026-09-19,90
101,2026-09-19,105
101,2026-09-19,120
101,2026-09-19,135
101,2026-09-19,150
101,2026-09-19,165
101,2026-09-19,180
101,2026-09-19,195
101,2026-09-19,210
101,2026-09-19,225
101,2026-09-19,240
101,2026-09-19,255
101,2026-09-19,270
101,2026-09-19,285
101,2026-09-19,300
101,2026-09-19,315
101,2026-09-19,330
101,2026-09-19,345
101,2026-09-19,360
101,2026-09-19,375
101,2026-09-19,390
101,2026-09-19,405
101,2026-09-19,420
101,2026-09-19,435
101,2026-09-19,450
101,2026-09-19,465
101,2026-09-19,480
101,2026-09-19,495
101,2026-09-19,510
101,2026-09-19,525
101,2026-09-19,540
101,2026-09-19,555
101,2026-09-19,570
101,2026-09-19,585
101,2026-09-19,600
101,2026-09-19,615
101,2026-09-19,630
101,2026-09-19,645
101,2026-09-19,660
101,2026-09-19,675
101,2026-09-19,690
101,2026-09-19,705
101,2026-09-19,720
101,2026-09-19,735
101,2026-09-19,750
101,2026-09-19,765
101,2026-09-19,780
101,2026-09-19,795
101,2026-09-19,810
101,2026-09-19,825
101,2026-09-19,840
101,2026-09-19,855
101,2026-09-19,870
101,2026-09-19,885
101,2026-09-19,900
101,2026-09-19,915
101,2026-09-19,930
101,2026-09-19,945
101,2026-09-19,960
101,2026-09-19,975
101,2026-09-19,990
101,2026-09-19,1005
101,2026-09-19,1020
101,2026-09-19,1035
101,2026-09-19,1050
101,2026-09-19,1065
101,2026-09-19,1080
101,2026-09-19,1095
101,2026-09-19,1110
101,2026-09-19,1125
101,2026-09-19,1140
101,2026-09-19,1155
101,2026-09-19,1170
101,2026-09-19,1185
101,2026-09-19,1200
101,2026-09-19,1215
101,2026-09-19,1230
101,2026-09-19,1245
101,2026-09-19,1260
101,2026-09-19,1275
101,2026-09-19,1290
101,2026-09-19,1305
101,2026-09-19,1320
101,2026-09-19,1335
101,2026-09-19,1350
101,2026-09-19,1365
101,2026-09-19,1380
101,2026-09-19,1395
101,2026-09-19,1410
101,2026-09-19,1425
102,2026-09-19,0
102,2026-09-19,15
102,2026-09-19,30
102,2026-09-19,45
102,2026-09-19,60
102,2026-09-19,75
102,2026-09-19,90
102,2026-09-19,105
102,2026-09-19,120
102,2026-09-19,135
102,2026-09-19,150
102,2026-09-19,165
102,2026-09-19,180
102,2026-09-19,195
102,2026-09-19,210
102,2026-09-19,225
102,2026-09-19,240
102,2026-09-19,255
102,2026-09-19,270
102,2026-09-19,285
102,2026-09-19,300
102,2026-09-19,315
102,2026-09-19,330
102,2026-09-19,345
102,2026-09-19,360
102,2026-09-19,375
102,2026-09-19,390
102,2026-09-19,405
102,2026-09-19,420
102,2026-09-19,435
102,2026-09-19,450
102,2026-09-19,465
102,2026-09-19,480
102,2026-09-19,495
102,2026-09-19,510
102,2026-09-19,525
102,2026-09-19,540
102,2026-09-19,555
102,2026-09-19,570
102,2026-09-19,585
102,2026-09-19,600
102,2026-09-19,615
102,2026-09-19,630
102,2026-09-19,645
102,2026-09-19,660
102,2026-09-19,675
102,2026-09-19,690
102,2026-09-19,705
102,2026-09-19,720
102,2026-09-19,735
102,2026-09-19,750
102,2026-09-19,765
102,2026-09-19,780
102,2026-09-19,795
102,2026-09-19,810
102,2026-09-19,825
102,2026-09-19,840
102,2026-09-19,855
102,2026-09-19,870
102,2026-09-19,885
102,2026-09-19,900
102,2026-09-19,915
102,2026-09-19,930
102,2026-09-19,945
102,2026-09-19,960
102,2026-09-19,975
102,2026-09-19,990
102,2026-09-19,1005
102,2026-09-19,1020
102,2026-09-19,1035
102,2026-09-19,1050
102,2026-09-19,1065
102,2026-09-19,1080
102,2026-09-19,1095
102,2026-09-19,1110
102,2026-09-19,1125
102,2026-09-19,1140
102,2026-09-19,1155
102,2026-09-19,1170
102,2026-09-19,1185
102,2026-09-19,1200
102,2026-09-19,1215
102,2026-09-19,1230
102,2026-09-19,1245
102,2026-09-19,1260
102,2026-09-19,1275
102,2026-09-19,1290
102,2026-09-19,1305
102,2026-09-19,1320
102,2026-09-19,1335
102,2026-09-19,1350
102,2026-09-19,1365
102,2026-09-19,1380
102,2026-09-19,1395
102,2026-09-19,1410
102,2026-09-19,1425
103,2026-09-19,0
103,2026-09-19,15
103,2026-09-19,30
103,2026-09-19,45
103,2026-09-19,60
103,2026-09-19,75
103,2026-09-19,90
103,2026-09-19,105
103,2026-09-19,120
103,2026-09-19,135
103,2026-09-19,150
103,2026-09-19,165
103,2026-09-19,180
103,2026-09-19,195
103,2026-09-19,210
103,2026-09-19,225
103,2026-09-19,240
103,2026-09-19,255
103,2026-09-19,270
103,2026-09-19,285
103,2026-09-19,300
103,2026-09-19,315
103,2026-09-19,330
103,2026-09-19,345
103,2026-09-19,360
103,2026-09-19,375
103,2026-09-19,390
103,2026-09-19,405
103,2026-09-19,420
103,2026-09-19,435
103,2026-09-19,450
103,2026-09-19,465
103,2026-09-19,480
103,2026-09-19,495
103,2026-09-19,510
103,2026-09-19,525
103,2026-09-19,540
103,2026-09-19,555
103,2026-09-19,570
103,2026-09-19,585
103,2026-09-19,600
103,2026-09-19,615
103,2026-09-19,630
103,2026-09-19,645
103,2026-09-19,660
103,2026-09-19,675
103,2026-09-19,690
103,2026-09-19,705
103,2026-09-19,720
103,2026-09-19,735
103,2026-09-19,750
103,2026-09-19,765
103,2026-09-19,780
103,2026-09-19,795
103,2026-09-19,810
103,2026-09-19,825
103,2026-09-19,840
103,2026-09-19,855
103,2026-09-19,870
103,2026-09-19,885
103,2026-09-19,900
103,2026-09-19,915
103,2026-09-19,930
103,2026-09-19,945
103,2026-09-19,960
103,2026-09-19,975
103,2026-09-19,990
103,2026-09-19,1005
103,2026-09-19,1020
103,2026-09-19,1035
103,2026-09-19,1050
103,2026-09-19,1065
103,2026-09-19,1080
103,2026-09-19,1095
103,2026-09-19,1110
103,2026-09-19,1125
103,2026-09-19,1140
103,2026-09-19,1155
103,2026-09-19,1170
103,2026-09-19,1185
103,2026-09-19,1200
103,2026-09-19,1215
103,2026-09-19,1230
103,2026-09-19,1245
103,2026-09-19,1260
103,2026-09-19,1275
103,2026-09-19,1290
103,2026-09-19,1305
103,2026-09-19,1320
103,2026-09-19,1335
103,2026-09-19,1350
103,2026-09-19,1365
103,2026-09-19,1380
103,2026-09-19,1395
103,2026-09-19,1410
103,2026-09-19,1425
104,2026-09-19,0
104,2026-09-19,15
104,2026-09-19,30
104,2026-09-19,45
104,2026-09-19,60
104,2026-09-19,75
104,2026-09-19,90
104,2026-09-19,105
104,2026-09-19,120
104,2026-09-19,135
104,2026-09-19,150
104,2026-09-19,165
104,2026-09-19,180
104,2026-09-19,195
104,2026-09-19,210
104,2026-09-19,225
104,2026-09-19,240
104,2026-09-19,255
104,2026-09-19,270
104,2026-09-19,285
104,2026-09-19,300
104,2026-09-19,315
104,2026-09-19,330
104,2026-09-19,345
104,2026-09-19,360
104,2026-09-19,375
104,2026-09-19,390
104,2026-09-19,405
104,2026-09-19,420
104,2026-09-19,435
104,2026-09-19,450
104,2026-09-19,465
104,2026-09-19,480
104,2026-09-19,495
104,2026-09-19,510
104,2026-09-19,525
104,2026-09-19,540
104,2026-09-19,555
104,2026-09-19,570
104,2026-09-19,585
104,2026-09-19,600
104,2026-09-19,615
104,2026-09-19,630
104,2026-09-19,645
104,2026-09-19,660
104,2026-09-19,675
104,2026-09-19,690
104,2026-09-19,705
104,2026-09-19,720
104,2026-09-19,735
104,2026-09-19,750
104,2026-09-19,765
104,2026-09-19,780
104,2026-09-19,795
104,2026-09-19,810
104,2026-09-19,825
104,2026-09-19,840
104,2026-09-19,855
104,2026-09-19,870
104,2026-09-19,885
104,2026-09-19,900
104,2026-09-19,915
104,2026-09-19,930
104,2026-09-19,945
104,2026-09-19,960
104,2026-09-19,975
104,2026-09-19,990
104,2026-09-19,1005
104,2026-09-19,1020
104,2026-09-19,1035
104,2026-09-19,1050
104,2026-09-19,1065
104,2026-09-19,1080
104,2026-09-19,1095
104,2026-09-19,1110
104,2026-09-19,1125
104,2026-09-19,1140
104,2026-09-19,1155
104,2026-09-19,1170
104,2026-09-19,1185
104,2026-09-19,1200
104,2026-09-19,1215
104,2026-09-19,1230
104,2026-09-19,1245
104,2026-09-19,1260
104,2026-09-19,1275
104,2026-09-19,1290
104,2026-09-19,1305
104,2026-09-19,1320
104,2026-09-19,1335
104,2026-09-19,1350
104,2026-09-19,1365
104,2026-09-19,1380
104,2026-09-19,1395
104,2026-09-19,1410
104,2026-09-19,1425
105,2026-09-19,0
105,2026-09-19,15
105,2026-09-19,30
105,2026-09-19,45
105,2026-09-19,60
105,2026-09-19,75
105,2026-09-19,90
105,2026-09-19,105
105,2026-09-19,120
105,2026-09-19,135
105,2026-09-19,150
105,2026-09-19,165
105,2026-09-19,180
105,2026-09-19,195
105,2026-09-19,210
105,2026-09-19,225
105,2026-09-19,240
105,2026-09-19,255
105,2026-09-19,270
105,2026-09-19,285
105,2026-09-19,300
105,2026-09-19,315
105,2026-09-19,330
105,2026-09-19,345
105,2026-09-19,360
105,2026-09-19,375
105,2026-09-19,390
105,2026-09-19,405
105,2026-09-19,420
105,2026-09-19,435
105,2026-09-19,450
105,2026-09-19,465
105,2026-09-19,480
105,2026-09-19,495
105,2026-09-19,510
105,2026-09-19,525
105,2026-09-19,540
105,2026-09-19,555
105,2026-09-19,570
105,2026-09-19,585
105,2026-09-19,600
105,2026-09-19,615
105,2026-09-19,630
105,2026-09-19,645
105,2026-09-19,660
105,2026-09-19,675
105,2026-09-19,690
105,2026-09-19,705
105,2026-09-19,720
105,2026-09-19,735
105,2026-09-19,750
105,2026-09-19,765
105,2026-09-19,780
105,2026-09-19,795
105,2026-09-19,810
105,2026-09-19,825
105,2026-09-19,840
105,2026-09-19,855
105,2026-09-19,870
105,2026-09-19,885
105,2026-09-19,900
105,2026-09-19,915
105,2026-09-19,930
105,2026-09-19,945
105,2026-09-19,960
105,2026-09-19,975
105,2026-09-19,990
105,2026-09-19,1005
105,2026-09-19,1020
105,2026-09-19,1035
105,2026-09-19,1050
105,2026-09-19,1065
105,2026-09-19,1080
105,2026-09-19,1095
105,2026-09-19,1110
105,2026-09-19,1125
105,2026-09-19,1140
105,2026-09-19,1155
105,2026-09-19,1170
105,2026-09-19,1185
105,2026-09-19,1200
105,2026-09-19,1215
105,2026-09-19,1230
105,2026-09-19,1245
105,2026-09-19,1260
105,2026-09-19,1275
105,2026-09-19,1290
105,2026-09-19,1305
105,2026-09-19,1320
105,2026-09-19,1335
105,2026-09-19,1350
105,2026-09-19,1365
105,2026-09-19,1380
105,2026-09-19,1395
105,2026-09-19,1410
105,2026-09-19,1425
106,2026-09-19,0
106,2026-09-19,15
106,2026-09-19,30
106,2026-09-19,45
106,2026-09-19,60
106,2026-09-19,75
106,2026-09-19,90
106,2026-09-19,105
106,2026-09-19,120
106,2026-09-19,135
106,2026-09-19,150
106,2026-09-19,165
106,2026-09-19,180
106,2026-09-19,195
106,2026-09-19,210
106,2026-09-19,225
106,2026-09-19,240
106,2026-09-19,255
106,2026-09-19,270
106,2026-09-19,285
106,2026-09-19,300
106,2026-09-19,315
106,2026-09-19,330
106,2026-09-19,345
106,2026-09-19,360
106,2026-09-19,375
106,2026-09-19,390
106,2026-09-19,405
106,2026-09-19,420
106,2026-09-19,435
106,2026-09-19,450
106,2026-09-19,465
106,2026-09-19,480
106,2026-09-19,495
106,2026-09-19,510
106,2026-09-19,525
106,2026-09-19,540
106,2026-09-19,555
106,2026-09-19,570
106,2026-09-19,585
106,2026-09-19,600
106,2026-09-19,615
106,2026-09-19,630
106,2026-09-19,645
106,2026-09-19,660
106,2026-09-19,675
106,2026-09-19,690
106,2026-09-19,705
106,2026-09-19,720
106,2026-09-19,735
106,2026-09-19,750
106,2026-09-19,765
106,2026-09-19,780
106,2026-09-19,795
106,2026-09-19,810
106,2026-09-19,825
106,2026-09-19,840
106,2026-09-19,855
106,2026-09-19,870
106,2026-09-19,885
106,2026-09-19,900
106,2026-09-19,915
106,2026-09-19,930
106,2026-09-19,945
106,2026-09-19,960
106,2026-09-19,975
106,2026-09-19,990
106,2026-09-19,1005
106,2026-09-19,1020
106,2026-09-19,1035
106,2026-09-19,1050
106,2026-09-19,1065
106,2026-09-19,1080
106,2026-09-19,1095
106,2026-09-19,1110
106,2026-09-19,1125
106,2026-09-19,1140
106,2026-09-19,1155
106,2026-09-19,1170
106,2026-09-19,1185
106,2026-09-19,1200
106,2026-09-19,1215
106,2026-09-19,1230
106,2026-09-19,1245
106,2026-09-19,1260
106,2026-09-19,1275
106,2026-09-19,1290
106,2026-09-19,1305
106,2026-09-19,1320
106,2026-09-19,1335
106,2026-09-19,1350
106,2026-09-19,1365
106,2026-09-19,1380
106,2026-09-19,1395
106,2026-09-19,1410
106,2026-09-19,1425
107,2026-09-19,0
107,2026-09-19,15
107,2026-09-19,30
107,2026-09-19,45
107,2026-09-19,60
107,2026-09-19,75
107,2026-09-19,90
107,2026-09-19,105
107,2026-09-19,120
107,2026-09-19,135
107,2026-09-19,150
107,2026-09-19,165
107,2026-09-19,180
107,2026-09-19,195
107,2026-09-19,210
107,2026-09-19,225
107,2026-09-19,240
107,2026-09-19,255
107,2026-09-19,270
107,2026-09-19,285
107,2026-09-19,300
107,2026-09-19,315
107,2026-09-19,330
107,2026-09-19,345
107,2026-09-19,360
107,2026-09-19,375
107,2026-09-19,390
107,2026-09-19,405
107,2026-09-19,420
107,2026-09-19,435
107,2026-09-19,450
107,2026-09-19,465
107,2026-09-19,480
107,2026-09-19,495
107,2026-09-19,510
107,2026-09-19,525
107,2026-09-19,540
107,2026-09-19,555
107,2026-09-19,570
107,2026-09-19,585
107,2026-09-19,600
107,2026-09-19,615
107,2026-09-19,630
107,2026-09-19,645
107,2026-09-19,660
107,2026-09-19,675
107,2026-09-19,690
107,2026-09-19,705
107,2026-09-19,720
107,2026-09-19,735
107,2026-09-19,750
107,2026-09-19,765
107,2026-09-19,780
107,2026-09-19,795
107,2026-09-19,810
107,2026-09-19,825
107,2026-09-19,840
107,2026-09-19,855
107,2026-09-19,870
107,2026-09-19,885
107,2026-09-19,900
107,2026-09-19,915
107,2026-09-19,930
107,2026-09-19,945
107,2026-09-19,960
107,2026-09-19,975
107,2026-09-19,990
107,2026-09-19,1005
107,2026-09-19,1020
107,2026-09-19,1035
107,2026-09-19,1050
107,2026-09-19,1065
107,2026-09-19,1080
107,2026-09-19,1095
107,2026-09-19,1110
107,2026-09-19,1125
107,2026-09-19,1140
107,2026-09-19,1155
107,2026-09-19,1170
107,2026-09-19,1185
107,2026-09-19,1200
107,2026-09-19,1215
107,2026-09-19,1230
107,2026-09-19,1245
107,2026-09-19,1260
107,2026-09-19,1275
107,2026-09-19,1290
107,2026-09-19,1305
107,2026-09-19,1320
107,2026-09-19,1335
107,2026-09-19,1350
107,2026-09-19,1365
107,2026-09-19,1380
107,2026-09-19,1395
107,2026-09-19,1410
107,2026-09-19,1425
108,2026-09-19,0
108,2026-09-19,15
108,2026-09-19,30
108,2026-09-19,45
108,2026-09-19,60
108,2026-09-19,75
108,2026-09-19,90
108,2026-09-19,105
108,2026-09-19,120
108,2026-09-19,135
108,2026-09-19,150
108,2026-09-19,165
108,2026-09-19,180
108,2026-09-19,195
108,2026-09-19,210
108,2026-09-19,225
108,2026-09-19,240
108,2026-09-19,255
108,2026-09-19,270
108,2026-09-19,285
108,2026-09-19,300
108,2026-09-19,315
108,2026-09-19,330
108,2026-09-19,345
108,2026-09-19,360
108,2026-09-19,375
108,2026-09-19,390
108,2026-09-19,405
108,2026-09-19,420
108,2026-09-19,435
108,2026-09-19,450
108,2026-09-19,465
108,2026-09-19,480
108,2026-09-19,495
108,2026-09-19,510
108,2026-09-19,525
108,2026-09-19,540
108,2026-09-19,555
108,2026-09-19,570
108,2026-09-19,585
108,2026-09-19,600
108,2026-09-19,615
108,2026-09-19,630
108,2026-09-19,645
108,2026-09-19,660
108,2026-09-19,675
108,2026-09-19,690
108,2026-09-19,705
108,2026-09-19,720
108,2026-09-19,735
108,2026-09-19,750
108,2026-09-19,765
108,2026-09-19,780
108,2026-09-19,795
108,2026-09-19,810
108,2026-09-19,825
108,2026-09-19,840
108,2026-09-19,855
108,2026-09-19,870
108,2026-09-19,885
108,2026-09-19,900
108,2026-09-19,915
108,2026-09-19,930
108,2026-09-19,945
108,2026-09-19,960
108,2026-09-19,975
108,2026-09-19,990
108,2026-09-19,1005
108,2026-09-19,1020
108,2026-09-19,1035
108,2026-09-19,1050
108,2026-09-19,1065
108,2026-09-19,1080
108,2026-09-19,1095
108,2026-09-19,1110
108,2026-09-19,1125
108,2026-09-19,1140
108,2026-09-19,1155
108,2026-09-19,1170
108,2026-09-19,1185
108,2026-09-19,1200
108,2026-09-19,1215
108,2026-09-19,1230
108,2026-09-19,1245
108,2026-09-19,1260
108,2026-09-19,1275
108,2026-09-19,1290
108,2026-09-19,1305
108,2026-09-19,1320
108,2026-09-19,1335
108,2026-09-19,1350
108,2026-09-19,1365
108,2026-09-19,1380
108,2026-09-19,1395
108,2026-09-19,1410
108,2026-09-19,1425
109,2026-09-19,0
109,2026-09-19,15
109,2026-09-19,30
109,2026-09-19,45
109,2026-09-19,60
109,2026-09-19,75
109,2026-09-19,90
109,2026-09-19,105
109,2026-09-19,120
109,2026-09-19,135
109,2026-09-19,150
109,2026-09-19,165
109,2026-09-19,180
109,2026-09-19,195
109,2026-09-19,210
109,2026-09-19,225
109,2026-09-19,240
109,2026-09-19,255
109,2026-09-19,270
109,2026-09-19,285
109,2026-09-19,300
109,2026-09-19,315
109,2026-09-19,330
109,2026-09-19,345
109,2026-09-19,360
109,2026-09-19,375
109,2026-09-19,390
109,2026-09-19,405
109,2026-09-19,420
109,2026-09-19,435
109,2026-09-19,450
109,2026-09-19,465
109,2026-09-19,480
109,2026-09-19,495
109,2026-09-19,510
109,2026-09-19,525
109,2026-09-19,540
109,2026-09-19,555
109,2026-09-19,570
109,2026-09-19,585
109,2026-09-19,600
109,2026-09-19,615
109,2026-09-19,630
109,2026-09-19,645
109,2026-09-19,660
109,2026-09-19,675
109,2026-09-19,690
109,2026-09-19,705
109,2026-09-19,720
109,2026-09-19,735
109,2026-09-19,750
109,2026-09-19,765
109,2026-09-19,780
109,2026-09-19,795
109,2026-09-19,810
109,2026-09-19,825
109,2026-09-19,840
109,2026-09-19,855
109,2026-09-19,870
109,2026-09-19,885
109,2026-09-19,900
109,2026-09-19,915
109,2026-09-19,930
109,2026-09-19,945
109,2026-09-19,960
109,2026-09-19,975
109,2026-09-19,990
109,2026-09-19,1005
109,2026-09-19,1020
109,2026-09-19,1035
109,2026-09-19,1050
109,2026-09-19,1065
109,2026-09-19,1080
109,2026-09-19,1095
109,2026-09-19,1110
109,2026-09-19,1125
109,2026-09-19,1140
109,2026-09-19,1155
109,2026-09-19,1170
109,2026-09-19,1185
109,2026-09-19,1200
109,2026-09-19,1215
109,2026-09-19,1230
109,2026-09-19,1245
109,2026-09-19,1260
109,2026-09-19,1275
109,2026-09-19,1290
109,2026-09-19,1305
109,2026-09-19,1320
109,2026-09-19,1335
109,2026-09-19,1350
109,2026-09-19,1365
109,2026-09-19,1380
109,2026-09-19,1395
109,2026-09-19,1410
109,2026-09-19,1425
110,2026-09-19,0
110,2026-09-19,15
110,2026-09-19,30
110,2026-09-19,45
110,2026-09-19,60
110,2026-09-19,75
110,2026-09-19,90
110,2026-09-19,105
110,2026-09-19,120
110,2026-09-19,135
110,2026-09-19,150
110,2026-09-19,165
110,2026-09-19,180
110,2026-09-19,195
110,2026-09-19,210
110,2026-09-19,225
110,2026-09-19,240
110,2026-09-19,255
110,2026-09-19,270
110,2026-09-19,285
110,2026-09-19,300
110,2026-09-19,315
110,2026-09-19,330
110,2026-09-19,345
110,2026-09-19,360
110,2026-09-19,375
110,2026-09-19,390
110,2026-09-19,405
110,2026-09-19,420
110,2026-09-19,435
110,2026-09-19,450
110,2026-09-19,465
110,2026-09-19,480
110,2026-09-19,495
110,2026-09-19,510
110,2026-09-19,525
110,2026-09-19,540
110,2026-09-19,555
110,2026-09-19,570
110,2026-09-19,585
110,2026-09-19,600
110,2026-09-19,615
110,2026-09-19,630
110,2026-09-19,645
110,2026-09-19,660
110,2026-09-19,675
110,2026-09-19,690
110,2026-09-19,705
110,2026-09-19,720
110,2026-09-19,735
110,2026-09-19,750
110,2026-09-19,765
110,2026-09-19,780
110,2026-09-19,795
110,2026-09-19,810
110,2026-09-19,825
110,2026-09-19,840
110,2026-09-19,855
110,2026-09-19,870
110,2026-09-19,885
110,2026-09-19,900
110,2026-09-19,915
110,2026-09-19,930
110,2026-09-19,945
110,2026-09-19,960
110,2026-09-19,975
110,2026-09-19,990
110,2026-09-19,1005
110,2026-09-19,1020
110,2026-09-19,1035
110,2026-09-19,1050
110,2026-09-19,1065
110,2026-09-19,1080
110,2026-09-19,1095
110,2026-09-19,1110
110,2026-09-19,1125
110,2026-09-19,1140
110,2026-09-19,1155
110,2026-09-19,1170
110,2026-09-19,1185
110,2026-09-19,1200
110,2026-09-19,1215
110,2026-09-19,1230
110,2026-09-19,1245
110,2026-09-19,1260
110,2026-09-19,1275
110,2026-09-19,1290
110,2026-09-19,1305
110,2026-09-19,1320
110,2026-09-19,1335
110,2026-09-19,1350
110,2026-09-19,1365
110,2026-09-19,1380
110,2026-09-19,1395
110,2026-09-19,1410
110,2026-09-19,1425
111,2026-09-19,0
111,2026-09-19,15
111,2026-09-19,30
111,2026-09-19,45
111,2026-09-19,60
111,2026-09-19,75
111,2026-09-19,90
111,2026-09-19,105
111,2026-09-19,120
111,2026-09-19,135
111,2026-09-19,150
111,2026-09-19,165
111,2026-09-19,180
111,2026-09-19,195
111,2026-09-19,210
111,2026-09-19,225
111,2026-09-19,240
111,2026-09-19,255
111,2026-09-19,270
111,2026-09-19,285
111,2026-09-19,300
111,2026-09-19,315
111,2026-09-19,330
111,2026-09-19,345
111,2026-09-19,360
111,2026-09-19,375
111,2026-09-19,390
111,2026-09-19,405
111,2026-09-19,420
111,2026-09-19,435
111,2026-09-19,450
111,2026-09-19,465
111,2026-09-19,480
111,2026-09-19,495
111,2026-09-19,510
111,2026-09-19,525
111,2026-09-19,540
111,2026-09-19,555
111,2026-09-19,570
111,2026-09-19,585
111,2026-09-19,600
111,2026-09-19,615
111,2026-09-19,630
111,2026-09-19,645
111,2026-09-19,660
111,2026-09-19,675
111,2026-09-19,690
111,2026-09-19,705
111,2026-09-19,720
111,2026-09-19,735
111,2026-09-19,750
111,2026-09-19,765
111,2026-09-19,780
111,2026-09-19,795
111,2026-09-19,810
111,2026-09-19,825
111,2026-09-19,840
111,2026-09-19,855
111,2026-09-19,870
111,2026-09-19,885
111,2026-09-19,900
111,2026-09-19,915
111,2026-09-19,930
111,2026-09-19,945
111,2026-09-19,960
111,2026-09-19,975
111,2026-09-19,990
111,2026-09-19,1005
111,2026-09-19,1020
111,2026-09-19,1035
111,2026-09-19,1050
111,2026-09-19,1065
111,2026-09-19,1080
111,2026-09-19,1095
111,2026-09-19,1110
111,2026-09-19,1125
111,2026-09-19,1140
111,2026-09-19,1155
111,2026-09-19,1170
111,2026-09-19,1185
111,2026-09-19,1200
111,2026-09-19,1215
111,2026-09-19,1230
111,2026-09-19,1245
111,2026-09-19,1260
111,2026-09-19,1275
111,2026-09-19,1290
111,2026-09-19,1305
111,2026-09-19,1320
111,2026-09-19,1335
111,2026-09-19,1350
111,2026-09-19,1365
111,2026-09-19,1380
111,2026-09-19,1395
111,2026-09-19,1410
111,2026-09-19,1425
112,2026-09-19,0
112,2026-09-19,15
112,2026-09-19,30
112,2026-09-19,45
112,2026-09-19,60
112,2026-09-19,75
112,2026-09-19,90
112,2026-09-19,105
112,2026-09-19,120
112,2026-09-19,135
112,2026-09-19,150
112,2026-09-19,165
112,2026-09-19,180
112,2026-09-19,195
112,2026-09-19,210
112,2026-09-19,225
112,2026-09-19,240
112,2026-09-19,255
112,2026-09-19,270
112,2026-09-19,285
112,2026-09-19,300
112,2026-09-19,315
112,2026-09-19,330
112,2026-09-19,345
112,2026-09-19,360
112,2026-09-19,375
112,2026-09-19,390
112,2026-09-19,405
112,2026-09-19,420
112,2026-09-19,435
112,2026-09-19,450
112,2026-09-19,465
112,2026-09-19,480
112,2026-09-19,495
112,2026-09-19,510
112,2026-09-19,525
112,2026-09-19,540
112,2026-09-19,555
112,2026-09-19,570
112,2026-09-19,585
112,2026-09-19,600
112,2026-09-19,615
112,2026-09-19,630
112,2026-09-19,645
112,2026-09-19,660
112,2026-09-19,675
112,2026-09-19,690
112,2026-09-19,705
112,2026-09-19,720
112,2026-09-19,735
112,2026-09-19,750
112,2026-09-19,765
112,2026-09-19,780
112,2026-09-19,795
112,2026-09-19,810
112,2026-09-19,825
112,2026-09-19,840
112,2026-09-19,855
112,2026-09-19,870
112,2026-09-19,885
112,2026-09-19,900
112,2026-09-19,915
112,2026-09-19,930
112,2026-09-19,945
112,2026-09-19,960
112,2026-09-19,975
112,2026-09-19,990
112,2026-09-19,1005
112,2026-09-19,1020
112,2026-09-19,1035
112,2026-09-19,1050
112,2026-09-19,1065
112,2026-09-19,1080
112,2026-09-19,1095
112,2026-09-19,1110
112,2026-09-19,1125
112,2026-09-19,1140
112,2026-09-19,1155
112,2026-09-19,1170
112,2026-09-19,1185
112,2026-09-19,1200
112,2026-09-19,1215
112,2026-09-19,1230
112,2026-09-19,1245
112,2026-09-19,1260
112,2026-09-19,1275
112,2026-09-19,1290
112,2026-09-19,1305
112,2026-09-19,1320
112,2026-09-19,1335
112,2026-09-19,1350
112,2026-09-19,1365
112,2026-09-19,1380
112,2026-09-19,1395
112,2026-09-19,1410
112,2026-09-19,1425
113,2026-09-19,0
113,2026-09-19,15
113,2026-09-19,30
113,2026-09-19,45
113,2026-09-19,60
113,2026-09-19,75
113,2026-09-19,90
113,2026-09-19,105
113,2026-09-19,120
113,2026-09-19,135
113,2026-09-19,150
113,2026-09-19,165
113,2026-09-19,180
113,2026-09-19,195
113,2026-09-19,210
113,2026-09-19,225
113,2026-09-19,240
113,2026-09-19,255
113,2026-09-19,270
113,2026-09-19,285
113,2026-09-19,300
113,2026-09-19,315
113,2026-09-19,330
113,2026-09-19,345
113,2026-09-19,360
113,2026-09-19,375
113,2026-09-19,390
113,2026-09-19,405
113,2026-09-19,420
113,2026-09-19,435
113,2026-09-19,450
113,2026-09-19,465
113,2026-09-19,480
113,2026-09-19,495
113,2026-09-19,510
113,2026-09-19,525
113,2026-09-19,540
113,2026-09-19,555
113,2026-09-19,570
113,2026-09-19,585
113,2026-09-19,600
113,2026-09-19,615
113,2026-09-19,630
113,2026-09-19,645
113,2026-09-19,660
113,2026-09-19,675
113,2026-09-19,690
113,2026-09-19,705
113,2026-09-19,720
113,2026-09-19,735
113,2026-09-19,750
113,2026-09-19,765
113,2026-09-19,780
113,2026-09-19,795
113,2026-09-19,810
113,2026-09-19,825
113,2026-09-19,840
113,2026-09-19,855
113,2026-09-19,870
113,2026-09-19,885
113,2026-09-19,900
113,2026-09-19,915
113,2026-09-19,930
113,2026-09-19,945
113,2026-09-19,960
113,2026-09-19,975
113,2026-09-19,990
113,2026-09-19,1005
113,2026-09-19,1020
113,2026-09-19,1035
113,2026-09-19,1050
113,2026-09-19,1065
113,2026-09-19,1080
113,2026-09-19,1095
113,2026-09-19,1110
113,2026-09-19,1125
113,2026-09-19,1140
113,2026-09-19,1155
113,2026-09-19,1170
113,2026-09-19,1185
113,2026-09-19,1200
113,2026-09-19,1215
113,2026-09-19,1230
113,2026-09-19,1245
113,2026-09-19,1260
113,2026-09-19,1275
113,2026-09-19,1290
113,2026-09-19,1305
113,2026-09-19,1320
113,2026-09-19,1335
113,2026-09-19,1350
113,2026-09-19,1365
113,2026-09-19,1380
113,2026-09-19,1395
113,2026-09-19,1410
113,2026-09-19,1425
114,2026-09-19,0
114,2026-09-19,15
114,2026-09-19,30
114,2026-09-19,45
114,2026-09-19,60
114,2026-09-19,75
114,2026-09-19,90
114,2026-09-19,105
114,2026-09-19,120
114,2026-09-19,135
114,2026-09-19,150
114,2026-09-19,165
114,2026-09-19,180
114,2026-09-19,195
114,2026-09-19,210
114,2026-09-19,225
114,2026-09-19,240
114,2026-09-19,255
114,2026-09-19,270
114,2026-09-19,285
114,2026-09-19,300
114,2026-09-19,315
114,2026-09-19,330
114,2026-09-19,345
114,2026-09-19,360
114,2026-09-19,375
114,2026-09-19,390
114,2026-09-19,405
114,2026-09-19,420
114,2026-09-19,435
114,2026-09-19,450
114,2026-09-19,465
114,2026-09-19,480
114,2026-09-19,495
114,2026-09-19,510
114,2026-09-19,525
114,2026-09-19,540
114,2026-09-19,555
114,2026-09-19,570
114,2026-09-19,585
114,2026-09-19,600
114,2026-09-19,615
114,2026-09-19,630
114,2026-09-19,645
114,2026-09-19,660
114,2026-09-19,675
114,2026-09-19,690
114,2026-09-19,705
114,2026-09-19,720
114,2026-09-19,735
114,2026-09-19,750
114,2026-09-19,765
114,2026-09-19,780
114,2026-09-19,795
114,2026-09-19,810
114,2026-09-19,825
114,2026-09-19,840
114,2026-09-19,855
114,2026-09-19,870
114,2026-09-19,885
114,2026-09-19,900
114,2026-09-19,915
114,2026-09-19,930
114,2026-09-19,945
114,2026-09-19,960
114,2026-09-19,975
114,2026-09-19,990
114,2026-09-19,1005
114,2026-09-19,1020
114,2026-09-19,1035
114,2026-09-19,1050
114,2026-09-19,1065
114,2026-09-19,1080
114,2026-09-19,1095
114,2026-09-19,1110
114,2026-09-19,1125
114,2026-09-19,1140
114,2026-09-19,1155
114,2026-09-19,1170
114,2026-09-19,1185
114,2026-09-19,1200
114,2026-09-19,1215
114,2026-09-19,1230
114,2026-09-19,1245
114,2026-09-19,1260
114,2026-09-19,1275
114,2026-09-19,1290
114,2026-09-19,1305
114,2026-09-19,1320
114,2026-09-19,1335
114,2026-09-19,1350
114,2026-09-19,1365
114,2026-09-19,1380
114,2026-09-19,1395
114,2026-09-19,1410
114,2026-09-19,1425
115,2026-09-19,0
115,2026-09-19,15
115,2026-09-19,30
115,2026-09-19,45
115,2026-09-19,60
115,2026-09-19,75
115,2026-09-19,90
115,2026-09-19,105
115,2026-09-19,120
115,2026-09-19,135
115,2026-09-19,150
115,2026-09-19,165
115,2026-09-19,180
115,2026-09-19,195
115,2026-09-19,210
115,2026-09-19,225
115,2026-09-19,240
115,2026-09-19,255
115,2026-09-19,270
115,2026-09-19,285
115,2026-09-19,300
115,2026-09-19,315
115,2026-09-19,330
115,2026-09-19,345
115,2026-09-19,360
115,2026-09-19,375
115,2026-09-19,390
115,2026-09-19,405
115,2026-09-19,420
115,2026-09-19,435
115,2026-09-19,450
115,2026-09-19,465
115,2026-09-19,480
115,2026-09-19,495
115,2026-09-19,510
115,2026-09-19,525
115,2026-09-19,540
115,2026-09-19,555
115,2026-09-19,570
115,2026-09-19,585
115,2026-09-19,600
115,2026-09-19,615
115,2026-09-19,630
115,2026-09-19,645
115,2026-09-19,660
115,2026-09-19,675
115,2026-09-19,690
115,2026-09-19,705
115,2026-09-19,720
115,2026-09-19,735
115,2026-09-19,750
115,2026-09-19,765
115,2026-09-19,780
115,2026-09-19,795
115,2026-09-19,810
115,2026-09-19,825
115,2026-09-19,840
115,2026-09-19,855
115,2026-09-19,870
115,2026-09-19,885
115,2026-09-19,900
115,2026-09-19,915
115,2026-09-19,930
115,2026-09-19,945
115,2026-09-19,960
115,2026-09-19,975
115,2026-09-19,990
115,2026-09-19,1005
115,2026-09-19,1020
115,2026-09-19,1035
115,2026-09-19,1050
115,2026-09-19,1065
115,2026-09-19,1080
115,2026-09-19,1095
115,2026-09-19,1110
115,2026-09-19,1125
115,2026-09-19,1140
115,2026-09-19,1155
115,2026-09-19,1170
115,2026-09-19,1185
115,2026-09-19,1200
115,2026-09-19,1215
115,2026-09-19,1230
115,2026-09-19,1245
115,2026-09-19,1260
115,2026-09-19,1275
115,2026-09-19,1290
115,2026-09-19,1305
115,2026-09-19,1320
115,2026-09-19,1335
115,2026-09-19,1350
115,2026-09-19,1365
115,2026-09-19,1380
115,2026-09-19,1395
115,2026-09-19,1410
115,2026-09-19,1425
116,2026-09-19,0
116,2026-09-19,15
116,2026-09-19,30
116,2026-09-19,45
116,2026-09-19,60
116,2026-09-19,75
116,2026-09-19,90
116,2026-09-19,105
116,2026-09-19,120
116,2026-09-19,135
116,2026-09-19,150
116,2026-09-19,165
116,2026-09-19,180
116,2026-09-19,195
116,2026-09-19,210
116,2026-09-19,225
116,2026-09-19,240
116,2026-09-19,255
116,2026-09-19,270
116,2026-09-19,285
116,2026-09-19,300
116,2026-09-19,315
116,2026-09-19,330
116,2026-09-19,345
116,2026-09-19,360
116,2026-09-19,375
116,2026-09-19,390
116,2026-09-19,405
116,2026-09-19,420
116,2026-09-19,435
116,2026-09-19,450
116,2026-09-19,465
116,2026-09-19,480
116,2026-09-19,495
116,2026-09-19,510
116,2026-09-19,525
116,2026-09-19,540
116,2026-09-19,555
116,2026-09-19,570
116,2026-09-19,585
116,2026-09-19,600
116,2026-09-19,615
116,2026-09-19,630
116,2026-09-19,645
116,2026-09-19,660
116,2026-09-19,675
116,2026-09-19,690
116,2026-09-19,705
116,2026-09-19,720
116,2026-09-19,735
116,2026-09-19,750
116,2026-09-19,765
116,2026-09-19,780
116,2026-09-19,795
116,2026-09-19,810
116,2026-09-19,825
116,2026-09-19,840
116,2026-09-19,855
116,2026-09-19,870
116,2026-09-19,885
116,2026-09-19,900
116,2026-09-19,915
116,2026-09-19,930
116,2026-09-19,945
116,2026-09-19,960
116,2026-09-19,975
116,2026-09-19,990
116,2026-09-19,1005
116,2026-09-19,1020
116,2026-09-19,1035
116,2026-09-19,1050
116,2026-09-19,1065
116,2026-09-19,1080
116,2026-09-19,1095
116,2026-09-19,1110
116,2026-09-19,1125
116,2026-09-19,1140
116,2026-09-19,1155
116,2026-09-19,1170
116,2026-09-19,1185
116,2026-09-19,1200
116,2026-09-19,1215
116,2026-09-19,1230
116,2026-09-19,1245
116,2026-09-19,1260
116,2026-09-19,1275
116,2026-09-19,1290
116,2026-09-19,1305
116,2026-09-19,1320
116,2026-09-19,1335
116,2026-09-19,1350
116,2026-09-19,1365
116,2026-09-19,1380
116,2026-09-19,1395
116,2026-09-19,1410
116,2026-09-19,1425
117,2026-09-19,0
117,2026-09-19,15
117,2026-09-19,30
117,2026-09-19,45
117,2026-09-19,60
117,2026-09-19,75
117,2026-09-19,90
117,2026-09-19,105
117,2026-09-19,120
117,2026-09-19,135
117,2026-09-19,150
117,2026-09-19,165
117,2026-09-19,180
117,2026-09-19,195
117,2026-09-19,210
117,2026-09-19,225
117,2026-09-19,240
117,2026-09-19,255
117,2026-09-19,270
117,2026-09-19,285
117,2026-09-19,300
117,2026-09-19,315
117,2026-09-19,330
117,2026-09-19,345
117,2026-09-19,360
117,2026-09-19,375
117,2026-09-19,390
117,2026-09-19,405
117,2026-09-19,420
117,2026-09-19,435
117,2026-09-19,450
117,2026-09-19,465
117,2026-09-19,480
117,2026-09-19,495
117,2026-09-19,510
117,2026-09-19,525
117,2026-09-19,540
117,2026-09-19,555
117,2026-09-19,570
117,2026-09-19,585
117,2026-09-19,600
117,2026-09-19,615
117,2026-09-19,630
117,2026-09-19,645
117,2026-09-19,660
117,2026-09-19,675
117,2026-09-19,690
117,2026-09-19,705
117,2026-09-19,720
117,2026-09-19,735
117,2026-09-19,750
117,2026-09-19,765
117,2026-09-19,780
117,2026-09-19,795
117,2026-09-19,810
117,2026-09-19,825
117,2026-09-19,840
117,2026-09-19,855
117,2026-09-19,870
117,2026-09-19,885
117,2026-09-19,900
117,2026-09-19,915
117,2026-09-19,930
117,2026-09-19,945
117,2026-09-19,960
117,2026-09-19,975
117,2026-09-19,990
117,2026-09-19,1005
117,2026-09-19,1020
117,2026-09-19,1035
117,2026-09-19,1050
117,2026-09-19,1065
117,2026-09-19,1080
117,2026-09-19,1095
117,2026-09-19,1110
117,2026-09-19,1125
117,2026-09-19,1140
117,2026-09-19,1155
117,2026-09-19,1170
117,2026-09-19,1185
117,2026-09-19,1200
117,2026-09-19,1215
117,2026-09-19,1230
117,2026-09-19,1245
117,2026-09-19,1260
117,2026-09-19,1275
117,2026-09-19,1290
117,2026-09-19,1305
117,2026-09-19,1320
117,2026-09-19,1335
117,2026-09-19,1350
117,2026-09-19,1365
117,2026-09-19,1380
117,2026-09-19,1395
117,2026-09-19,1410
117,2026-09-19,1425
31,2026-09-20,0
31,2026-09-20,15
31,2026-09-20,30
31,2026-09-20,45
31,2026-09-20,60
31,2026-09-20,75
31,2026-09-20,90
31,2026-09-20,105
31,2026-09-20,120
31,2026-09-20,135
31,2026-09-20,150
31,2026-09-20,165
31,2026-09-20,180
31,2026-09-20,195
31,2026-09-20,210
31,2026-09-20,225
31,2026-09-20,240
31,2026-09-20,255
31,2026-09-20,270
31,2026-09-20,285
31,2026-09-20,300
31,2026-09-20,315
31,2026-09-20,330
31,2026-09-20,345
31,2026-09-20,360
31,2026-09-20,375
31,2026-09-20,390
31,2026-09-20,405
31,2026-09-20,420
31,2026-09-20,435
31,2026-09-20,450
31,2026-09-20,465
31,2026-09-20,480
31,2026-09-20,495
31,2026-09-20,510
31,2026-09-20,525
31,2026-09-20,540
31,2026-09-20,555
31,2026-09-20,570
31,2026-09-20,585
31,2026-09-20,600
31,2026-09-20,615
31,2026-09-20,630
31,2026-09-20,645
31,2026-09-20,660
31,2026-09-20,675
31,2026-09-20,690
31,2026-09-20,705
31,2026-09-20,720
31,2026-09-20,735
31,2026-09-20,750
31,2026-09-20,765
31,2026-09-20,780
31,2026-09-20,795
31,2026-09-20,810
31,2026-09-20,825
31,2026-09-20,840
31,2026-09-20,855
31,2026-09-20,870
31,2026-09-20,885
31,2026-09-20,900
31,2026-09-20,915
31,2026-09-20,930
31,2026-09-20,945
31,2026-09-20,960
31,2026-09-20,975
31,2026-09-20,990
31,2026-09-20,1005
31,2026-09-20,1020
31,2026-09-20,1035
31,2026-09-20,1050
31,2026-09-20,1065
31,2026-09-20,1080
31,2026-09-20,1095
31,2026-09-20,1110
31,2026-09-20,1125
31,2026-09-20,1140
31,2026-09-20,1155
31,2026-09-20,1170
31,2026-09-20,1185
31,2026-09-20,1200
31,2026-09-20,1215
31,2026-09-20,1230
31,2026-09-20,1245
31,2026-09-20,1260
31,2026-09-20,1275
31,2026-09-20,1290
31,2026-09-20,1305
31,2026-09-20,1320
31,2026-09-20,1335
31,2026-09-20,1350
31,2026-09-20,1365
31,2026-09-20,1380
31,2026-09-20,1395
31,2026-09-20,1410
31,2026-09-20,1425
45,2026-09-20,0
45,2026-09-20,15
45,2026-09-20,30
45,2026-09-20,45
45,2026-09-20,60
45,2026-09-20,75
45,2026-09-20,90
45,2026-09-20,105
45,2026-09-20,120
45,2026-09-20,135
45,2026-09-20,150
45,2026-09-20,165
45,2026-09-20,180
45,2026-09-20,195
45,2026-09-20,210
45,2026-09-20,225
45,2026-09-20,240
45,2026-09-20,255
45,2026-09-20,270
45,2026-09-20,285
45,2026-09-20,300
45,2026-09-20,315
45,2026-09-20,330
45,2026-09-20,345
45,2026-09-20,360
45,2026-09-20,375
45,2026-09-20,390
45,2026-09-20,405
45,2026-09-20,420
45,2026-09-20,435
45,2026-09-20,450
45,2026-09-20,465
45,2026-09-20,480
45,2026-09-20,495
45,2026-09-20,510
45,2026-09-20,525
45,2026-09-20,540
45,2026-09-20,555
45,2026-09-20,570
45,2026-09-20,585
45,2026-09-20,600
45,2026-09-20,615
45,2026-09-20,630
45,2026-09-20,645
45,2026-09-20,660
45,2026-09-20,675
45,2026-09-20,690
45,2026-09-20,705
45,2026-09-20,720
45,2026-09-20,735
45,2026-09-20,750
45,2026-09-20,765
45,2026-09-20,780
45,2026-09-20,795
45,2026-09-20,810
45,2026-09-20,825
45,2026-09-20,840
45,2026-09-20,855
45,2026-09-20,870
45,2026-09-20,885
45,2026-09-20,900
45,2026-09-20,915
45,2026-09-20,930
45,2026-09-20,945
45,2026-09-20,960
45,2026-09-20,975
45,2026-09-20,990
45,2026-09-20,1005
45,2026-09-20,1020
45,2026-09-20,1035
45,2026-09-20,1050
45,2026-09-20,1065
45,2026-09-20,1080
45,2026-09-20,1095
45,2026-09-20,1110
45,2026-09-20,1125
45,2026-09-20,1140
45,2026-09-20,1155
45,2026-09-20,1170
45,2026-09-20,1185
45,2026-09-20,1200
45,2026-09-20,1215
45,2026-09-20,1230
45,2026-09-20,1245
45,2026-09-20,1260
45,2026-09-20,1275
45,2026-09-20,1290
45,2026-09-20,1305
45,2026-09-20,1320
45,2026-09-20,1335
45,2026-09-20,1350
45,2026-09-20,1365
45,2026-09-20,1380
45,2026-09-20,1395
45,2026-09-20,1410
45,2026-09-20,1425
67,2026-09-20,0
67,2026-09-20,15
67,2026-09-20,30
67,2026-09-20,45
67,2026-09-20,60
67,2026-09-20,75
67,2026-09-20,90
67,2026-09-20,105
67,2026-09-20,120
67,2026-09-20,135
67,2026-09-20,150
67,2026-09-20,165
67,2026-09-20,180
67,2026-09-20,195
67,2026-09-20,210
67,2026-09-20,225
67,2026-09-20,240
67,2026-09-20,255
67,2026-09-20,270
67,2026-09-20,285
67,2026-09-20,300
67,2026-09-20,315
67,2026-09-20,330
67,2026-09-20,345
67,2026-09-20,360
67,2026-09-20,375
67,2026-09-20,390
67,2026-09-20,405
67,2026-09-20,420
67,2026-09-20,435
67,2026-09-20,450
67,2026-09-20,465
67,2026-09-20,480
67,2026-09-20,495
67,2026-09-20,510
67,2026-09-20,525
67,2026-09-20,540
67,2026-09-20,555
67,2026-09-20,570
67,2026-09-20,585
67,2026-09-20,600
67,2026-09-20,615
67,2026-09-20,630
67,2026-09-20,645
67,2026-09-20,660
67,2026-09-20,675
67,2026-09-20,690
67,2026-09-20,705
67,2026-09-20,720
67,2026-09-20,735
67,2026-09-20,750
67,2026-09-20,765
67,2026-09-20,780
67,2026-09-20,795
67,2026-09-20,810
67,2026-09-20,825
67,2026-09-20,840
67,2026-09-20,855
67,2026-09-20,870
67,2026-09-20,885
67,2026-09-20,900
67,2026-09-20,915
67,2026-09-20,930
67,2026-09-20,945
67,2026-09-20,960
67,2026-09-20,975
67,2026-09-20,990
67,2026-09-20,1005
67,2026-09-20,1020
67,2026-09-20,1035
67,2026-09-20,1050
67,2026-09-20,1065
67,2026-09-20,1080
67,2026-09-20,1095
67,2026-09-20,1110
67,2026-09-20,1125
67,2026-09-20,1140
67,2026-09-20,1155
67,2026-09-20,1170
67,2026-09-20,1185
67,2026-09-20,1200
67,2026-09-20,1215
67,2026-09-20,1230
67,2026-09-20,1245
67,2026-09-20,1260
67,2026-09-20,1275
67,2026-09-20,1290
67,2026-09-20,1305
67,2026-09-20,1320
67,2026-09-20,1335
67,2026-09-20,1350
67,2026-09-20,1365
67,2026-09-20,1380
67,2026-09-20,1395
67,2026-09-20,1410
67,2026-09-20,1425
70,2026-09-20,0
70,2026-09-20,15
70,2026-09-20,30
70,2026-09-20,45
70,2026-09-20,60
70,2026-09-20,75
70,2026-09-20,90
70,2026-09-20,105
70,2026-09-20,120
70,2026-09-20,135
70,2026-09-20,150
70,2026-09-20,165
70,2026-09-20,180
70,2026-09-20,195
70,2026-09-20,210
70,2026-09-20,225
70,2026-09-20,240
70,2026-09-20,255
70,2026-09-20,270
70,2026-09-20,285
70,2026-09-20,300
70,2026-09-20,315
70,2026-09-20,330
70,2026-09-20,345
70,2026-09-20,360
70,2026-09-20,375
70,2026-09-20,390
70,2026-09-20,405
70,2026-09-20,420
70,2026-09-20,435
70,2026-09-20,450
70,2026-09-20,465
70,2026-09-20,480
70,2026-09-20,495
70,2026-09-20,510
70,2026-09-20,525
70,2026-09-20,540
70,2026-09-20,555
70,2026-09-20,570
70,2026-09-20,585
70,2026-09-20,600
70,2026-09-20,615
70,2026-09-20,630
70,2026-09-20,645
70,2026-09-20,660
70,2026-09-20,675
70,2026-09-20,690
70,2026-09-20,705
70,2026-09-20,720
70,2026-09-20,735
70,2026-09-20,750
70,2026-09-20,765
70,2026-09-20,780
70,2026-09-20,795
70,2026-09-20,810
70,2026-09-20,825
70,2026-09-20,840
70,2026-09-20,855
70,2026-09-20,870
70,2026-09-20,885
70,2026-09-20,900
70,2026-09-20,915
70,2026-09-20,930
70,2026-09-20,945
70,2026-09-20,960
70,2026-09-20,975
70,2026-09-20,990
70,2026-09-20,1005
70,2026-09-20,1020
70,2026-09-20,1035
70,2026-09-20,1050
70,2026-09-20,1065
70,2026-09-20,1080
70,2026-09-20,1095
70,2026-09-20,1110
70,2026-09-20,1125
70,2026-09-20,1140
70,2026-09-20,1155
70,2026-09-20,1170
70,2026-09-20,1185
70,2026-09-20,1200
70,2026-09-20,1215
70,2026-09-20,1230
70,2026-09-20,1245
70,2026-09-20,1260
70,2026-09-20,1275
70,2026-09-20,1290
70,2026-09-20,1305
70,2026-09-20,1320
70,2026-09-20,1335
70,2026-09-20,1350
70,2026-09-20,1365
70,2026-09-20,1380
70,2026-09-20,1395
70,2026-09-20,1410
70,2026-09-20,1425
91,2026-09-20,0
91,2026-09-20,15
91,2026-09-20,30
91,2026-09-20,45
91,2026-09-20,60
91,2026-09-20,75
91,2026-09-20,90
91,2026-09-20,105
91,2026-09-20,120
91,2026-09-20,135
91,2026-09-20,150
91,2026-09-20,165
91,2026-09-20,180
91,2026-09-20,195
91,2026-09-20,210
91,2026-09-20,225
91,2026-09-20,240
91,2026-09-20,255
91,2026-09-20,270
91,2026-09-20,285
91,2026-09-20,300
91,2026-09-20,315
91,2026-09-20,330
91,2026-09-20,345
91,2026-09-20,360
91,2026-09-20,375
91,2026-09-20,390
91,2026-09-20,405
91,2026-09-20,420
91,2026-09-20,435
91,2026-09-20,450
91,2026-09-20,465
91,2026-09-20,480
91,2026-09-20,495
91,2026-09-20,510
91,2026-09-20,525
91,2026-09-20,540
91,2026-09-20,555
91,2026-09-20,570
91,2026-09-20,585
91,2026-09-20,600
91,2026-09-20,615
91,2026-09-20,630
91,2026-09-20,645
91,2026-09-20,660
91,2026-09-20,675
91,2026-09-20,690
91,2026-09-20,705
91,2026-09-20,720
91,2026-09-20,735
91,2026-09-20,750
91,2026-09-20,765
91,2026-09-20,780
91,2026-09-20,795
91,2026-09-20,810
91,2026-09-20,825
91,2026-09-20,840
91,2026-09-20,855
91,2026-09-20,870
91,2026-09-20,885
91,2026-09-20,900
91,2026-09-20,915
91,2026-09-20,930
91,2026-09-20,945
91,2026-09-20,960
91,2026-09-20,975
91,2026-09-20,990
91,2026-09-20,1005
91,2026-09-20,1020
91,2026-09-20,1035
91,2026-09-20,1050
91,2026-09-20,1065
91,2026-09-20,1080
91,2026-09-20,1095
91,2026-09-20,1110
91,2026-09-20,1125
91,2026-09-20,1140
91,2026-09-20,1155
91,2026-09-20,1170
91,2026-09-20,1185
91,2026-09-20,1200
91,2026-09-20,1215
91,2026-09-20,1230
91,2026-09-20,1245
91,2026-09-20,1260
91,2026-09-20,1275
91,2026-09-20,1290
91,2026-09-20,1305
91,2026-09-20,1320
91,2026-09-20,1335
91,2026-09-20,1350
91,2026-09-20,1365
91,2026-09-20,1380
91,2026-09-20,1395
91,2026-09-20,1410
91,2026-09-20,1425
92,2026-09-20,0
92,2026-09-20,15
92,2026-09-20,30
92,2026-09-20,45
92,2026-09-20,60
92,2026-09-20,75
92,2026-09-20,90
92,2026-09-20,105
92,2026-09-20,120
92,2026-09-20,135
92,2026-09-20,150
92,2026-09-20,165
92,2026-09-20,180
92,2026-09-20,195
92,2026-09-20,210
92,2026-09-20,225
92,2026-09-20,240
92,2026-09-20,255
92,2026-09-20,270
92,2026-09-20,285
92,2026-09-20,300
92,2026-09-20,315
92,2026-09-20,330
92,2026-09-20,345
92,2026-09-20,360
92,2026-09-20,375
92,2026-09-20,390
92,2026-09-20,405
92,2026-09-20,420
92,2026-09-20,435
92,2026-09-20,450
92,2026-09-20,465
92,2026-09-20,480
92,2026-09-20,495
92,2026-09-20,510
92,2026-09-20,525
92,2026-09-20,540
92,2026-09-20,555
92,2026-09-20,570
92,2026-09-20,585
92,2026-09-20,600
92,2026-09-20,615
92,2026-09-20,630
92,2026-09-20,645
92,2026-09-20,660
92,2026-09-20,675
92,2026-09-20,690
92,2026-09-20,705
92,2026-09-20,720
92,2026-09-20,735
92,2026-09-20,750
92,2026-09-20,765
92,2026-09-20,780
92,2026-09-20,795
92,2026-09-20,810
92,2026-09-20,825
92,2026-09-20,840
92,2026-09-20,855
92,2026-09-20,870
92,2026-09-20,885
92,2026-09-20,900
92,2026-09-20,915
92,2026-09-20,930
92,2026-09-20,945
92,2026-09-20,960
92,2026-09-20,975
92,2026-09-20,990
92,2026-09-20,1005
92,2026-09-20,1020
92,2026-09-20,1035
92,2026-09-20,1050
92,2026-09-20,1065
92,2026-09-20,1080
92,2026-09-20,1095
92,2026-09-20,1110
92,2026-09-20,1125
92,2026-09-20,1140
92,2026-09-20,1155
92,2026-09-20,1170
92,2026-09-20,1185
92,2026-09-20,1200
92,2026-09-20,1215
92,2026-09-20,1230
92,2026-09-20,1245
92,2026-09-20,1260
92,2026-09-20,1275
92,2026-09-20,1290
92,2026-09-20,1305
92,2026-09-20,1320
92,2026-09-20,1335
92,2026-09-20,1350
92,2026-09-20,1365
92,2026-09-20,1380
92,2026-09-20,1395
92,2026-09-20,1410
92,2026-09-20,1425
93,2026-09-20,0
93,2026-09-20,15
93,2026-09-20,30
93,2026-09-20,45
93,2026-09-20,60
93,2026-09-20,75
93,2026-09-20,90
93,2026-09-20,105
93,2026-09-20,120
93,2026-09-20,135
93,2026-09-20,150
93,2026-09-20,165
93,2026-09-20,180
93,2026-09-20,195
93,2026-09-20,210
93,2026-09-20,225
93,2026-09-20,240
93,2026-09-20,255
93,2026-09-20,270
93,2026-09-20,285
93,2026-09-20,300
93,2026-09-20,315
93,2026-09-20,330
93,2026-09-20,345
93,2026-09-20,360
93,2026-09-20,375
93,2026-09-20,390
93,2026-09-20,405
93,2026-09-20,420
93,2026-09-20,435
93,2026-09-20,450
93,2026-09-20,465
93,2026-09-20,480
93,2026-09-20,495
93,2026-09-20,510
93,2026-09-20,525
93,2026-09-20,540
93,2026-09-20,555
93,2026-09-20,570
93,2026-09-20,585
93,2026-09-20,600
93,2026-09-20,615
93,2026-09-20,630
93,2026-09-20,645
93,2026-09-20,660
93,2026-09-20,675
93,2026-09-20,690
93,2026-09-20,705
93,2026-09-20,720
93,2026-09-20,735
93,2026-09-20,750
93,2026-09-20,765
93,2026-09-20,780
93,2026-09-20,795
93,2026-09-20,810
93,2026-09-20,825
93,2026-09-20,840
93,2026-09-20,855
93,2026-09-20,870
93,2026-09-20,885
93,2026-09-20,900
93,2026-09-20,915
93,2026-09-20,930
93,2026-09-20,945
93,2026-09-20,960
93,2026-09-20,975
93,2026-09-20,990
93,2026-09-20,1005
93,2026-09-20,1020
93,2026-09-20,1035
93,2026-09-20,1050
93,2026-09-20,1065
93,2026-09-20,1080
93,2026-09-20,1095
93,2026-09-20,1110
93,2026-09-20,1125
93,2026-09-20,1140
93,2026-09-20,1155
93,2026-09-20,1170
93,2026-09-20,1185
93,2026-09-20,1200
93,2026-09-20,1215
93,2026-09-20,1230
93,2026-09-20,1245
93,2026-09-20,1260
93,2026-09-20,1275
93,2026-09-20,1290
93,2026-09-20,1305
93,2026-09-20,1320
93,2026-09-20,1335
93,2026-09-20,1350
93,2026-09-20,1365
93,2026-09-20,1380
93,2026-09-20,1395
93,2026-09-20,1410
93,2026-09-20,1425
94,2026-09-20,0
94,2026-09-20,15
94,2026-09-20,30
94,2026-09-20,45
94,2026-09-20,60
94,2026-09-20,75
94,2026-09-20,90
94,2026-09-20,105
94,2026-09-20,120
94,2026-09-20,135
94,2026-09-20,150
94,2026-09-20,165
94,2026-09-20,180
94,2026-09-20,195
94,2026-09-20,210
94,2026-09-20,225
94,2026-09-20,240
94,2026-09-20,255
94,2026-09-20,270
94,2026-09-20,285
94,2026-09-20,300
94,2026-09-20,315
94,2026-09-20,330
94,2026-09-20,345
94,2026-09-20,360
94,2026-09-20,375
94,2026-09-20,390
94,2026-09-20,405
94,2026-09-20,420
94,2026-09-20,435
94,2026-09-20,450
94,2026-09-20,465
94,2026-09-20,480
94,2026-09-20,495
94,2026-09-20,510
94,2026-09-20,525
94,2026-09-20,540
94,2026-09-20,555
94,2026-09-20,570
94,2026-09-20,585
94,2026-09-20,600
94,2026-09-20,615
94,2026-09-20,630
94,2026-09-20,645
94,2026-09-20,660
94,2026-09-20,675
94,2026-09-20,690
94,2026-09-20,705
94,2026-09-20,720
94,2026-09-20,735
94,2026-09-20,750
94,2026-09-20,765
94,2026-09-20,780
94,2026-09-20,795
94,2026-09-20,810
94,2026-09-20,825
94,2026-09-20,840
94,2026-09-20,855
94,2026-09-20,870
94,2026-09-20,885
94,2026-09-20,900
94,2026-09-20,915
94,2026-09-20,930
94,2026-09-20,945
94,2026-09-20,960
94,2026-09-20,975
94,2026-09-20,990
94,2026-09-20,1005
94,2026-09-20,1020
94,2026-09-20,1035
94,2026-09-20,1050
94,2026-09-20,1065
94,2026-09-20,1080
94,2026-09-20,1095
94,2026-09-20,1110
94,2026-09-20,1125
94,2026-09-20,1140
94,2026-09-20,1155
94,2026-09-20,1170
94,2026-09-20,1185
94,2026-09-20,1200
94,2026-09-20,1215
94,2026-09-20,1230
94,2026-09-20,1245
94,2026-09-20,1260
94,2026-09-20,1275
94,2026-09-20,1290
94,2026-09-20,1305
94,2026-09-20,1320
94,2026-09-20,1335
94,2026-09-20,1350
94,2026-09-20,1365
94,2026-09-20,1380
94,2026-09-20,1395
94,2026-09-20,1410
94,2026-09-20,1425
95,2026-09-20,0
95,2026-09-20,15
95,2026-09-20,30
95,2026-09-20,45
95,2026-09-20,60
95,2026-09-20,75
95,2026-09-20,90
95,2026-09-20,105
95,2026-09-20,120
95,2026-09-20,135
95,2026-09-20,150
95,2026-09-20,165
95,2026-09-20,180
95,2026-09-20,195
95,2026-09-20,210
95,2026-09-20,225
95,2026-09-20,240
95,2026-09-20,255
95,2026-09-20,270
95,2026-09-20,285
95,2026-09-20,300
95,2026-09-20,315
95,2026-09-20,330
95,2026-09-20,345
95,2026-09-20,360
95,2026-09-20,375
95,2026-09-20,390
95,2026-09-20,405
95,2026-09-20,420
95,2026-09-20,435
95,2026-09-20,450
95,2026-09-20,465
95,2026-09-20,480
95,2026-09-20,495
95,2026-09-20,510
95,2026-09-20,525
95,2026-09-20,540
95,2026-09-20,555
95,2026-09-20,570
95,2026-09-20,585
95,2026-09-20,600
95,2026-09-20,615
95,2026-09-20,630
95,2026-09-20,645
95,2026-09-20,660
95,2026-09-20,675
95,2026-09-20,690
95,2026-09-20,705
95,2026-09-20,720
95,2026-09-20,735
95,2026-09-20,750
95,2026-09-20,765
95,2026-09-20,780
95,2026-09-20,795
95,2026-09-20,810
95,2026-09-20,825
95,2026-09-20,840
95,2026-09-20,855
95,2026-09-20,870
95,2026-09-20,885
95,2026-09-20,900
95,2026-09-20,915
95,2026-09-20,930
95,2026-09-20,945
95,2026-09-20,960
95,2026-09-20,975
95,2026-09-20,990
95,2026-09-20,1005
95,2026-09-20,1020
95,2026-09-20,1035
95,2026-09-20,1050
95,2026-09-20,1065
95,2026-09-20,1080
95,2026-09-20,1095
95,2026-09-20,1110
95,2026-09-20,1125
95,2026-09-20,1140
95,2026-09-20,1155
95,2026-09-20,1170
95,2026-09-20,1185
95,2026-09-20,1200
95,2026-09-20,1215
95,2026-09-20,1230
95,2026-09-20,1245
95,2026-09-20,1260
95,2026-09-20,1275
95,2026-09-20,1290
95,2026-09-20,1305
95,2026-09-20,1320
95,2026-09-20,1335
95,2026-09-20,1350
95,2026-09-20,1365
95,2026-09-20,1380
95,2026-09-20,1395
95,2026-09-20,1410
95,2026-09-20,1425
96,2026-09-20,0
96,2026-09-20,15
96,2026-09-20,30
96,2026-09-20,45
96,2026-09-20,60
96,2026-09-20,75
96,2026-09-20,90
96,2026-09-20,105
96,2026-09-20,120
96,2026-09-20,135
96,2026-09-20,150
96,2026-09-20,165
96,2026-09-20,180
96,2026-09-20,195
96,2026-09-20,210
96,2026-09-20,225
96,2026-09-20,240
96,2026-09-20,255
96,2026-09-20,270
96,2026-09-20,285
96,2026-09-20,300
96,2026-09-20,315
96,2026-09-20,330
96,2026-09-20,345
96,2026-09-20,360
96,2026-09-20,375
96,2026-09-20,390
96,2026-09-20,405
96,2026-09-20,420
96,2026-09-20,435
96,2026-09-20,450
96,2026-09-20,465
96,2026-09-20,480
96,2026-09-20,495
96,2026-09-20,510
96,2026-09-20,525
96,2026-09-20,540
96,2026-09-20,555
96,2026-09-20,570
96,2026-09-20,585
96,2026-09-20,600
96,2026-09-20,615
96,2026-09-20,630
96,2026-09-20,645
96,2026-09-20,660
96,2026-09-20,675
96,2026-09-20,690
96,2026-09-20,705
96,2026-09-20,720
96,2026-09-20,735
96,2026-09-20,750
96,2026-09-20,765
96,2026-09-20,780
96,2026-09-20,795
96,2026-09-20,810
96,2026-09-20,825
96,2026-09-20,840
96,2026-09-20,855
96,2026-09-20,870
96,2026-09-20,885
96,2026-09-20,900
96,2026-09-20,915
96,2026-09-20,930
96,2026-09-20,945
96,2026-09-20,960
96,2026-09-20,975
96,2026-09-20,990
96,2026-09-20,1005
96,2026-09-20,1020
96,2026-09-20,1035
96,2026-09-20,1050
96,2026-09-20,1065
96,2026-09-20,1080
96,2026-09-20,1095
96,2026-09-20,1110
96,2026-09-20,1125
96,2026-09-20,1140
96,2026-09-20,1155
96,2026-09-20,1170
96,2026-09-20,1185
96,2026-09-20,1200
96,2026-09-20,1215
96,2026-09-20,1230
96,2026-09-20,1245
96,2026-09-20,1260
96,2026-09-20,1275
96,2026-09-20,1290
96,2026-09-20,1305
96,2026-09-20,1320
96,2026-09-20,1335
96,2026-09-20,1350
96,2026-09-20,1365
96,2026-09-20,1380
96,2026-09-20,1395
96,2026-09-20,1410
96,2026-09-20,1425
97,2026-09-20,0
97,2026-09-20,15
97,2026-09-20,30
97,2026-09-20,45
97,2026-09-20,60
97,2026-09-20,75
97,2026-09-20,90
97,2026-09-20,105
97,2026-09-20,120
97,2026-09-20,135
97,2026-09-20,150
97,2026-09-20,165
97,2026-09-20,180
97,2026-09-20,195
97,2026-09-20,210
97,2026-09-20,225
97,2026-09-20,240
97,2026-09-20,255
97,2026-09-20,270
97,2026-09-20,285
97,2026-09-20,300
97,2026-09-20,315
97,2026-09-20,330
97,2026-09-20,345
97,2026-09-20,360
97,2026-09-20,375
97,2026-09-20,390
97,2026-09-20,405
97,2026-09-20,420
97,2026-09-20,435
97,2026-09-20,450
97,2026-09-20,465
97,2026-09-20,480
97,2026-09-20,495
97,2026-09-20,510
97,2026-09-20,525
97,2026-09-20,540
97,2026-09-20,555
97,2026-09-20,570
97,2026-09-20,585
97,2026-09-20,600
97,2026-09-20,615
97,2026-09-20,630
97,2026-09-20,645
97,2026-09-20,660
97,2026-09-20,675
97,2026-09-20,690
97,2026-09-20,705
97,2026-09-20,720
97,2026-09-20,735
97,2026-09-20,750
97,2026-09-20,765
97,2026-09-20,780
97,2026-09-20,795
97,2026-09-20,810
97,2026-09-20,825
97,2026-09-20,840
97,2026-09-20,855
97,2026-09-20,870
97,2026-09-20,885
97,2026-09-20,900
97,2026-09-20,915
97,2026-09-20,930
97,2026-09-20,945
97,2026-09-20,960
97,2026-09-20,975
97,2026-09-20,990
97,2026-09-20,1005
97,2026-09-20,1020
97,2026-09-20,1035
97,2026-09-20,1050
97,2026-09-20,1065
97,2026-09-20,1080
97,2026-09-20,1095
97,2026-09-20,1110
97,2026-09-20,1125
97,2026-09-20,1140
97,2026-09-20,1155
97,2026-09-20,1170
97,2026-09-20,1185
97,2026-09-20,1200
97,2026-09-20,1215
97,2026-09-20,1230
97,2026-09-20,1245
97,2026-09-20,1260
97,2026-09-20,1275
97,2026-09-20,1290
97,2026-09-20,1305
97,2026-09-20,1320
97,2026-09-20,1335
97,2026-09-20,1350
97,2026-09-20,1365
97,2026-09-20,1380
97,2026-09-20,1395
97,2026-09-20,1410
97,2026-09-20,1425
98,2026-09-20,0
98,2026-09-20,15
98,2026-09-20,30
98,2026-09-20,45
98,2026-09-20,60
98,2026-09-20,75
98,2026-09-20,90
98,2026-09-20,105
98,2026-09-20,120
98,2026-09-20,135
98,2026-09-20,150
98,2026-09-20,165
98,2026-09-20,180
98,2026-09-20,195
98,2026-09-20,210
98,2026-09-20,225
98,2026-09-20,240
98,2026-09-20,255
98,2026-09-20,270
98,2026-09-20,285
98,2026-09-20,300
98,2026-09-20,315
98,2026-09-20,330
98,2026-09-20,345
98,2026-09-20,360
98,2026-09-20,375
98,2026-09-20,390
98,2026-09-20,405
98,2026-09-20,420
98,2026-09-20,435
98,2026-09-20,450
98,2026-09-20,465
98,2026-09-20,480
98,2026-09-20,495
98,2026-09-20,510
98,2026-09-20,525
98,2026-09-20,540
98,2026-09-20,555
98,2026-09-20,570
98,2026-09-20,585
98,2026-09-20,600
98,2026-09-20,615
98,2026-09-20,630
98,2026-09-20,645
98,2026-09-20,660
98,2026-09-20,675
98,2026-09-20,690
98,2026-09-20,705
98,2026-09-20,720
98,2026-09-20,735
98,2026-09-20,750
98,2026-09-20,765
98,2026-09-20,780
98,2026-09-20,795
98,2026-09-20,810
98,2026-09-20,825
98,2026-09-20,840
98,2026-09-20,855
98,2026-09-20,870
98,2026-09-20,885
98,2026-09-20,900
98,2026-09-20,915
98,2026-09-20,930
98,2026-09-20,945
98,2026-09-20,960
98,2026-09-20,975
98,2026-09-20,990
98,2026-09-20,1005
98,2026-09-20,1020
98,2026-09-20,1035
98,2026-09-20,1050
98,2026-09-20,1065
98,2026-09-20,1080
98,2026-09-20,1095
98,2026-09-20,1110
98,2026-09-20,1125
98,2026-09-20,1140
98,2026-09-20,1155
98,2026-09-20,1170
98,2026-09-20,1185
98,2026-09-20,1200
98,2026-09-20,1215
98,2026-09-20,1230
98,2026-09-20,1245
98,2026-09-20,1260
98,2026-09-20,1275
98,2026-09-20,1290
98,2026-09-20,1305
98,2026-09-20,1320
98,2026-09-20,1335
98,2026-09-20,1350
98,2026-09-20,1365
98,2026-09-20,1380
98,2026-09-20,1395
98,2026-09-20,1410
98,2026-09-20,1425
99,2026-09-20,0
99,2026-09-20,15
99,2026-09-20,30
99,2026-09-20,45
99,2026-09-20,60
99,2026-09-20,75
99,2026-09-20,90
99,2026-09-20,105
99,2026-09-20,120
99,2026-09-20,135
99,2026-09-20,150
99,2026-09-20,165
99,2026-09-20,180
99,2026-09-20,195
99,2026-09-20,210
99,2026-09-20,225
99,2026-09-20,240
99,2026-09-20,255
99,2026-09-20,270
99,2026-09-20,285
99,2026-09-20,300
99,2026-09-20,315
99,2026-09-20,330
99,2026-09-20,345
99,2026-09-20,360
99,2026-09-20,375
99,2026-09-20,390
99,2026-09-20,405
99,2026-09-20,420
99,2026-09-20,435
99,2026-09-20,450
99,2026-09-20,465
99,2026-09-20,480
99,2026-09-20,495
99,2026-09-20,510
99,2026-09-20,525
99,2026-09-20,540
99,2026-09-20,555
99,2026-09-20,570
99,2026-09-20,585
99,2026-09-20,600
99,2026-09-20,615
99,2026-09-20,630
99,2026-09-20,645
99,2026-09-20,660
99,2026-09-20,675
99,2026-09-20,690
99,2026-09-20,705
99,2026-09-20,720
99,2026-09-20,735
99,2026-09-20,750
99,2026-09-20,765
99,2026-09-20,780
99,2026-09-20,795
99,2026-09-20,810
99,2026-09-20,825
99,2026-09-20,840
99,2026-09-20,855
99,2026-09-20,870
99,2026-09-20,885
99,2026-09-20,900
99,2026-09-20,915
99,2026-09-20,930
99,2026-09-20,945
99,2026-09-20,960
99,2026-09-20,975
99,2026-09-20,990
99,2026-09-20,1005
99,2026-09-20,1020
99,2026-09-20,1035
99,2026-09-20,1050
99,2026-09-20,1065
99,2026-09-20,1080
99,2026-09-20,1095
99,2026-09-20,1110
99,2026-09-20,1125
99,2026-09-20,1140
99,2026-09-20,1155
99,2026-09-20,1170
99,2026-09-20,1185
99,2026-09-20,1200
99,2026-09-20,1215
99,2026-09-20,1230
99,2026-09-20,1245
99,2026-09-20,1260
99,2026-09-20,1275
99,2026-09-20,1290
99,2026-09-20,1305
99,2026-09-20,1320
99,2026-09-20,1335
99,2026-09-20,1350
99,2026-09-20,1365
99,2026-09-20,1380
99,2026-09-20,1395
99,2026-09-20,1410
99,2026-09-20,1425
100,2026-09-20,0
100,2026-09-20,15
100,2026-09-20,30
100,2026-09-20,45
100,2026-09-20,60
100,2026-09-20,75
100,2026-09-20,90
100,2026-09-20,105
100,2026-09-20,120
100,2026-09-20,135
100,2026-09-20,150
100,2026-09-20,165
100,2026-09-20,180
100,2026-09-20,195
100,2026-09-20,210
100,2026-09-20,225
100,2026-09-20,240
100,2026-09-20,255
100,2026-09-20,270
100,2026-09-20,285
100,2026-09-20,300
100,2026-09-20,315
100,2026-09-20,330
100,2026-09-20,345
100,2026-09-20,360
100,2026-09-20,375
100,2026-09-20,390
100,2026-09-20,405
100,2026-09-20,420
100,2026-09-20,435
100,2026-09-20,450
100,2026-09-20,465
100,2026-09-20,480
100,2026-09-20,495
100,2026-09-20,510
100,2026-09-20,525
100,2026-09-20,540
100,2026-09-20,555
100,2026-09-20,570
100,2026-09-20,585
100,2026-09-20,600
100,2026-09-20,615
100,2026-09-20,630
100,2026-09-20,645
100,2026-09-20,660
100,2026-09-20,675
100,2026-09-20,690
100,2026-09-20,705
100,2026-09-20,720
100,2026-09-20,735
100,2026-09-20,750
100,2026-09-20,765
100,2026-09-20,780
100,2026-09-20,795
100,2026-09-20,810
100,2026-09-20,825
100,2026-09-20,840
100,2026-09-20,855
100,2026-09-20,870
100,2026-09-20,885
100,2026-09-20,900
100,2026-09-20,915
100,2026-09-20,930
100,2026-09-20,945
100,2026-09-20,960
100,2026-09-20,975
100,2026-09-20,990
100,2026-09-20,1005
100,2026-09-20,1020
100,2026-09-20,1035
100,2026-09-20,1050
100,2026-09-20,1065
100,2026-09-20,1080
100,2026-09-20,1095
100,2026-09-20,1110
100,2026-09-20,1125
100,2026-09-20,1140
100,2026-09-20,1155
100,2026-09-20,1170
100,2026-09-20,1185
100,2026-09-20,1200
100,2026-09-20,1215
100,2026-09-20,1230
100,2026-09-20,1245
100,2026-09-20,1260
100,2026-09-20,1275
100,2026-09-20,1290
100,2026-09-20,1305
100,2026-09-20,1320
100,2026-09-20,1335
100,2026-09-20,1350
100,2026-09-20,1365
100,2026-09-20,1380
100,2026-09-20,1395
100,2026-09-20,1410
100,2026-09-20,1425
101,2026-09-20,0
101,2026-09-20,15
101,2026-09-20,30
101,2026-09-20,45
101,2026-09-20,60
101,2026-09-20,75
101,2026-09-20,90
101,2026-09-20,105
101,2026-09-20,120
101,2026-09-20,135
101,2026-09-20,150
101,2026-09-20,165
101,2026-09-20,180
101,2026-09-20,195
101,2026-09-20,210
101,2026-09-20,225
101,2026-09-20,240
101,2026-09-20,255
101,2026-09-20,270
101,2026-09-20,285
101,2026-09-20,300
101,2026-09-20,315
101,2026-09-20,330
101,2026-09-20,345
101,2026-09-20,360
101,2026-09-20,375
101,2026-09-20,390
101,2026-09-20,405
101,2026-09-20,420
101,2026-09-20,435
101,2026-09-20,450
101,2026-09-20,465
101,2026-09-20,480
101,2026-09-20,495
101,2026-09-20,510
101,2026-09-20,525
101,2026-09-20,540
101,2026-09-20,555
101,2026-09-20,570
101,2026-09-20,585
101,2026-09-20,600
101,2026-09-20,615
101,2026-09-20,630
101,2026-09-20,645
101,2026-09-20,660
101,2026-09-20,675
101,2026-09-20,690
101,2026-09-20,705
101,2026-09-20,720
101,2026-09-20,735
101,2026-09-20,750
101,2026-09-20,765
101,2026-09-20,780
101,2026-09-20,795
101,2026-09-20,810
101,2026-09-20,825
101,2026-09-20,840
101,2026-09-20,855
101,2026-09-20,870
101,2026-09-20,885
101,2026-09-20,900
101,2026-09-20,915
101,2026-09-20,930
101,2026-09-20,945
101,2026-09-20,960
101,2026-09-20,975
101,2026-09-20,990
101,2026-09-20,1005
101,2026-09-20,1020
101,2026-09-20,1035
101,2026-09-20,1050
101,2026-09-20,1065
101,2026-09-20,1080
101,2026-09-20,1095
101,2026-09-20,1110
101,2026-09-20,1125
101,2026-09-20,1140
101,2026-09-20,1155
101,2026-09-20,1170
101,2026-09-20,1185
101,2026-09-20,1200
101,2026-09-20,1215
101,2026-09-20,1230
101,2026-09-20,1245
101,2026-09-20,1260
101,2026-09-20,1275
101,2026-09-20,1290
101,2026-09-20,1305
101,2026-09-20,1320
101,2026-09-20,1335
101,2026-09-20,1350
101,2026-09-20,1365
101,2026-09-20,1380
101,2026-09-20,1395
101,2026-09-20,1410
101,2026-09-20,1425
102,2026-09-20,0
102,2026-09-20,15
102,2026-09-20,30
102,2026-09-20,45
102,2026-09-20,60
102,2026-09-20,75
102,2026-09-20,90
102,2026-09-20,105
102,2026-09-20,120
102,2026-09-20,135
102,2026-09-20,150
102,2026-09-20,165
102,2026-09-20,180
102,2026-09-20,195
102,2026-09-20,210
102,2026-09-20,225
102,2026-09-20,240
102,2026-09-20,255
102,2026-09-20,270
102,2026-09-20,285
102,2026-09-20,300
102,2026-09-20,315
102,2026-09-20,330
102,2026-09-20,345
102,2026-09-20,360
102,2026-09-20,375
102,2026-09-20,390
102,2026-09-20,405
102,2026-09-20,420
102,2026-09-20,435
102,2026-09-20,450
102,2026-09-20,465
102,2026-09-20,480
102,2026-09-20,495
102,2026-09-20,510
102,2026-09-20,525
102,2026-09-20,540
102,2026-09-20,555
102,2026-09-20,570
102,2026-09-20,585
102,2026-09-20,600
102,2026-09-20,615
102,2026-09-20,630
102,2026-09-20,645
102,2026-09-20,660
102,2026-09-20,675
102,2026-09-20,690
102,2026-09-20,705
102,2026-09-20,720
102,2026-09-20,735
102,2026-09-20,750
102,2026-09-20,765
102,2026-09-20,780
102,2026-09-20,795
102,2026-09-20,810
102,2026-09-20,825
102,2026-09-20,840
102,2026-09-20,855
102,2026-09-20,870
102,2026-09-20,885
102,2026-09-20,900
102,2026-09-20,915
102,2026-09-20,930
102,2026-09-20,945
102,2026-09-20,960
102,2026-09-20,975
102,2026-09-20,990
102,2026-09-20,1005
102,2026-09-20,1020
102,2026-09-20,1035
102,2026-09-20,1050
102,2026-09-20,1065
102,2026-09-20,1080
102,2026-09-20,1095
102,2026-09-20,1110
102,2026-09-20,1125
102,2026-09-20,1140
102,2026-09-20,1155
102,2026-09-20,1170
102,2026-09-20,1185
102,2026-09-20,1200
102,2026-09-20,1215
102,2026-09-20,1230
102,2026-09-20,1245
102,2026-09-20,1260
102,2026-09-20,1275
102,2026-09-20,1290
102,2026-09-20,1305
102,2026-09-20,1320
102,2026-09-20,1335
102,2026-09-20,1350
102,2026-09-20,1365
102,2026-09-20,1380
102,2026-09-20,1395
102,2026-09-20,1410
102,2026-09-20,1425
103,2026-09-20,0
103,2026-09-20,15
103,2026-09-20,30
103,2026-09-20,45
103,2026-09-20,60
103,2026-09-20,75
103,2026-09-20,90
103,2026-09-20,105
103,2026-09-20,120
103,2026-09-20,135
103,2026-09-20,150
103,2026-09-20,165
103,2026-09-20,180
103,2026-09-20,195
103,2026-09-20,210
103,2026-09-20,225
103,2026-09-20,240
103,2026-09-20,255
103,2026-09-20,270
103,2026-09-20,285
103,2026-09-20,300
103,2026-09-20,315
103,2026-09-20,330
103,2026-09-20,345
103,2026-09-20,360
103,2026-09-20,375
103,2026-09-20,390
103,2026-09-20,405
103,2026-09-20,420
103,2026-09-20,435
103,2026-09-20,450
103,2026-09-20,465
103,2026-09-20,480
103,2026-09-20,495
103,2026-09-20,510
103,2026-09-20,525
103,2026-09-20,540
103,2026-09-20,555
103,2026-09-20,570
103,2026-09-20,585
103,2026-09-20,600
103,2026-09-20,615
103,2026-09-20,630
103,2026-09-20,645
103,2026-09-20,660
103,2026-09-20,675
103,2026-09-20,690
103,2026-09-20,705
103,2026-09-20,720
103,2026-09-20,735
103,2026-09-20,750
103,2026-09-20,765
103,2026-09-20,780
103,2026-09-20,795
103,2026-09-20,810
103,2026-09-20,825
103,2026-09-20,840
103,2026-09-20,855
103,2026-09-20,870
103,2026-09-20,885
103,2026-09-20,900
103,2026-09-20,915
103,2026-09-20,930
103,2026-09-20,945
103,2026-09-20,960
103,2026-09-20,975
103,2026-09-20,990
103,2026-09-20,1005
103,2026-09-20,1020
103,2026-09-20,1035
103,2026-09-20,1050
103,2026-09-20,1065
103,2026-09-20,1080
103,2026-09-20,1095
103,2026-09-20,1110
103,2026-09-20,1125
103,2026-09-20,1140
103,2026-09-20,1155
103,2026-09-20,1170
103,2026-09-20,1185
103,2026-09-20,1200
103,2026-09-20,1215
103,2026-09-20,1230
103,2026-09-20,1245
103,2026-09-20,1260
103,2026-09-20,1275
103,2026-09-20,1290
103,2026-09-20,1305
103,2026-09-20,1320
103,2026-09-20,1335
103,2026-09-20,1350
103,2026-09-20,1365
103,2026-09-20,1380
103,2026-09-20,1395
103,2026-09-20,1410
103,2026-09-20,1425
104,2026-09-20,0
104,2026-09-20,15
104,2026-09-20,30
104,2026-09-20,45
104,2026-09-20,60
104,2026-09-20,75
104,2026-09-20,90
104,2026-09-20,105
104,2026-09-20,120
104,2026-09-20,135
104,2026-09-20,150
104,2026-09-20,165
104,2026-09-20,180
104,2026-09-20,195
104,2026-09-20,210
104,2026-09-20,225
104,2026-09-20,240
104,2026-09-20,255
104,2026-09-20,270
104,2026-09-20,285
104,2026-09-20,300
104,2026-09-20,315
104,2026-09-20,330
104,2026-09-20,345
104,2026-09-20,360
104,2026-09-20,375
104,2026-09-20,390
104,2026-09-20,405
104,2026-09-20,420
104,2026-09-20,435
104,2026-09-20,450
104,2026-09-20,465
104,2026-09-20,480
104,2026-09-20,495
104,2026-09-20,510
104,2026-09-20,525
104,2026-09-20,540
104,2026-09-20,555
104,2026-09-20,570
104,2026-09-20,585
104,2026-09-20,600
104,2026-09-20,615
104,2026-09-20,630
104,2026-09-20,645
104,2026-09-20,660
104,2026-09-20,675
104,2026-09-20,690
104,2026-09-20,705
104,2026-09-20,720
104,2026-09-20,735
104,2026-09-20,750
104,2026-09-20,765
104,2026-09-20,780
104,2026-09-20,795
104,2026-09-20,810
104,2026-09-20,825
104,2026-09-20,840
104,2026-09-20,855
104,2026-09-20,870
104,2026-09-20,885
104,2026-09-20,900
104,2026-09-20,915
104,2026-09-20,930
104,2026-09-20,945
104,2026-09-20,960
104,2026-09-20,975
104,2026-09-20,990
104,2026-09-20,1005
104,2026-09-20,1020
104,2026-09-20,1035
104,2026-09-20,1050
104,2026-09-20,1065
104,2026-09-20,1080
104,2026-09-20,1095
104,2026-09-20,1110
104,2026-09-20,1125
104,2026-09-20,1140
104,2026-09-20,1155
104,2026-09-20,1170
104,2026-09-20,1185
104,2026-09-20,1200
104,2026-09-20,1215
104,2026-09-20,1230
104,2026-09-20,1245
104,2026-09-20,1260
104,2026-09-20,1275
104,2026-09-20,1290
104,2026-09-20,1305
104,2026-09-20,1320
104,2026-09-20,1335
104,2026-09-20,1350
104,2026-09-20,1365
104,2026-09-20,1380
104,2026-09-20,1395
104,2026-09-20,1410
104,2026-09-20,1425
105,2026-09-20,0
105,2026-09-20,15
105,2026-09-20,30
105,2026-09-20,45
105,2026-09-20,60
105,2026-09-20,75
105,2026-09-20,90
105,2026-09-20,105
105,2026-09-20,120
105,2026-09-20,135
105,2026-09-20,150
105,2026-09-20,165
105,2026-09-20,180
105,2026-09-20,195
105,2026-09-20,210
105,2026-09-20,225
105,2026-09-20,240
105,2026-09-20,255
105,2026-09-20,270
105,2026-09-20,285
105,2026-09-20,300
105,2026-09-20,315
105,2026-09-20,330
105,2026-09-20,345
105,2026-09-20,360
105,2026-09-20,375
105,2026-09-20,390
105,2026-09-20,405
105,2026-09-20,420
105,2026-09-20,435
105,2026-09-20,450
105,2026-09-20,465
105,2026-09-20,480
105,2026-09-20,495
105,2026-09-20,510
105,2026-09-20,525
105,2026-09-20,540
105,2026-09-20,555
105,2026-09-20,570
105,2026-09-20,585
105,2026-09-20,600
105,2026-09-20,615
105,2026-09-20,630
105,2026-09-20,645
105,2026-09-20,660
105,2026-09-20,675
105,2026-09-20,690
105,2026-09-20,705
105,2026-09-20,720
105,2026-09-20,735
105,2026-09-20,750
105,2026-09-20,765
105,2026-09-20,780
105,2026-09-20,795
105,2026-09-20,810
105,2026-09-20,825
105,2026-09-20,840
105,2026-09-20,855
105,2026-09-20,870
105,2026-09-20,885
105,2026-09-20,900
105,2026-09-20,915
105,2026-09-20,930
105,2026-09-20,945
105,2026-09-20,960
105,2026-09-20,975
105,2026-09-20,990
105,2026-09-20,1005
105,2026-09-20,1020
105,2026-09-20,1035
105,2026-09-20,1050
105,2026-09-20,1065
105,2026-09-20,1080
105,2026-09-20,1095
105,2026-09-20,1110
105,2026-09-20,1125
105,2026-09-20,1140
105,2026-09-20,1155
105,2026-09-20,1170
105,2026-09-20,1185
105,2026-09-20,1200
105,2026-09-20,1215
105,2026-09-20,1230
105,2026-09-20,1245
105,2026-09-20,1260
105,2026-09-20,1275
105,2026-09-20,1290
105,2026-09-20,1305
105,2026-09-20,1320
105,2026-09-20,1335
105,2026-09-20,1350
105,2026-09-20,1365
105,2026-09-20,1380
105,2026-09-20,1395
105,2026-09-20,1410
105,2026-09-20,1425
106,2026-09-20,0
106,2026-09-20,15
106,2026-09-20,30
106,2026-09-20,45
106,2026-09-20,60
106,2026-09-20,75
106,2026-09-20,90
106,2026-09-20,105
106,2026-09-20,120
106,2026-09-20,135
106,2026-09-20,150
106,2026-09-20,165
106,2026-09-20,180
106,2026-09-20,195
106,2026-09-20,210
106,2026-09-20,225
106,2026-09-20,240
106,2026-09-20,255
106,2026-09-20,270
106,2026-09-20,285
106,2026-09-20,300
106,2026-09-20,315
106,2026-09-20,330
106,2026-09-20,345
106,2026-09-20,360
106,2026-09-20,375
106,2026-09-20,390
106,2026-09-20,405
106,2026-09-20,420
106,2026-09-20,435
106,2026-09-20,450
106,2026-09-20,465
106,2026-09-20,480
106,2026-09-20,495
106,2026-09-20,510
106,2026-09-20,525
106,2026-09-20,540
106,2026-09-20,555
106,2026-09-20,570
106,2026-09-20,585
106,2026-09-20,600
106,2026-09-20,615
106,2026-09-20,630
106,2026-09-20,645
106,2026-09-20,660
106,2026-09-20,675
106,2026-09-20,690
106,2026-09-20,705
106,2026-09-20,720
106,2026-09-20,735
106,2026-09-20,750
106,2026-09-20,765
106,2026-09-20,780
106,2026-09-20,795
106,2026-09-20,810
106,2026-09-20,825
106,2026-09-20,840
106,2026-09-20,855
106,2026-09-20,870
106,2026-09-20,885
106,2026-09-20,900
106,2026-09-20,915
106,2026-09-20,930
106,2026-09-20,945
106,2026-09-20,960
106,2026-09-20,975
106,2026-09-20,990
106,2026-09-20,1005
106,2026-09-20,1020
106,2026-09-20,1035
106,2026-09-20,1050
106,2026-09-20,1065
106,2026-09-20,1080
106,2026-09-20,1095
106,2026-09-20,1110
106,2026-09-20,1125
106,2026-09-20,1140
106,2026-09-20,1155
106,2026-09-20,1170
106,2026-09-20,1185
106,2026-09-20,1200
106,2026-09-20,1215
106,2026-09-20,1230
106,2026-09-20,1245
106,2026-09-20,1260
106,2026-09-20,1275
106,2026-09-20,1290
106,2026-09-20,1305
106,2026-09-20,1320
106,2026-09-20,1335
106,2026-09-20,1350
106,2026-09-20,1365
106,2026-09-20,1380
106,2026-09-20,1395
106,2026-09-20,1410
106,2026-09-20,1425
107,2026-09-20,0
107,2026-09-20,15
107,2026-09-20,30
107,2026-09-20,45
107,2026-09-20,60
107,2026-09-20,75
107,2026-09-20,90
107,2026-09-20,105
107,2026-09-20,120
107,2026-09-20,135
107,2026-09-20,150
107,2026-09-20,165
107,2026-09-20,180
107,2026-09-20,195
107,2026-09-20,210
107,2026-09-20,225
107,2026-09-20,240
107,2026-09-20,255
107,2026-09-20,270
107,2026-09-20,285
107,2026-09-20,300
107,2026-09-20,315
107,2026-09-20,330
107,2026-09-20,345
107,2026-09-20,360
107,2026-09-20,375
107,2026-09-20,390
107,2026-09-20,405
107,2026-09-20,420
107,2026-09-20,435
107,2026-09-20,450
107,2026-09-20,465
107,2026-09-20,480
107,2026-09-20,495
107,2026-09-20,510
107,2026-09-20,525
107,2026-09-20,540
107,2026-09-20,555
107,2026-09-20,570
107,2026-09-20,585
107,2026-09-20,600
107,2026-09-20,615
107,2026-09-20,630
107,2026-09-20,645
107,2026-09-20,660
107,2026-09-20,675
107,2026-09-20,690
107,2026-09-20,705
107,2026-09-20,720
107,2026-09-20,735
107,2026-09-20,750
107,2026-09-20,765
107,2026-09-20,780
107,2026-09-20,795
107,2026-09-20,810
107,2026-09-20,825
107,2026-09-20,840
107,2026-09-20,855
107,2026-09-20,870
107,2026-09-20,885
107,2026-09-20,900
107,2026-09-20,915
107,2026-09-20,930
107,2026-09-20,945
107,2026-09-20,960
107,2026-09-20,975
107,2026-09-20,990
107,2026-09-20,1005
107,2026-09-20,1020
107,2026-09-20,1035
107,2026-09-20,1050
107,2026-09-20,1065
107,2026-09-20,1080
107,2026-09-20,1095
107,2026-09-20,1110
107,2026-09-20,1125
107,2026-09-20,1140
107,2026-09-20,1155
107,2026-09-20,1170
107,2026-09-20,1185
107,2026-09-20,1200
107,2026-09-20,1215
107,2026-09-20,1230
107,2026-09-20,1245
107,2026-09-20,1260
107,2026-09-20,1275
107,2026-09-20,1290
107,2026-09-20,1305
107,2026-09-20,1320
107,2026-09-20,1335
107,2026-09-20,1350
107,2026-09-20,1365
107,2026-09-20,1380
107,2026-09-20,1395
107,2026-09-20,1410
107,2026-09-20,1425
108,2026-09-20,0
108,2026-09-20,15
108,2026-09-20,30
108,2026-09-20,45
108,2026-09-20,60
108,2026-09-20,75
108,2026-09-20,90
108,2026-09-20,105
108,2026-09-20,120
108,2026-09-20,135
108,2026-09-20,150
108,2026-09-20,165
108,2026-09-20,180
108,2026-09-20,195
108,2026-09-20,210
108,2026-09-20,225
108,2026-09-20,240
108,2026-09-20,255
108,2026-09-20,270
108,2026-09-20,285
108,2026-09-20,300
108,2026-09-20,315
108,2026-09-20,330
108,2026-09-20,345
108,2026-09-20,360
108,2026-09-20,375
108,2026-09-20,390
108,2026-09-20,405
108,2026-09-20,420
108,2026-09-20,435
108,2026-09-20,450
108,2026-09-20,465
108,2026-09-20,480
108,2026-09-20,495
108,2026-09-20,510
108,2026-09-20,525
108,2026-09-20,540
108,2026-09-20,555
108,2026-09-20,570
108,2026-09-20,585
108,2026-09-20,600
108,2026-09-20,615
108,2026-09-20,630
108,2026-09-20,645
108,2026-09-20,660
108,2026-09-20,675
108,2026-09-20,690
108,2026-09-20,705
108,2026-09-20,720
108,2026-09-20,735
108,2026-09-20,750
108,2026-09-20,765
108,2026-09-20,780
108,2026-09-20,795
108,2026-09-20,810
108,2026-09-20,825
108,2026-09-20,840
108,2026-09-20,855
108,2026-09-20,870
108,2026-09-20,885
108,2026-09-20,900
108,2026-09-20,915
108,2026-09-20,930
108,2026-09-20,945
108,2026-09-20,960
108,2026-09-20,975
108,2026-09-20,990
108,2026-09-20,1005
108,2026-09-20,1020
108,2026-09-20,1035
108,2026-09-20,1050
108,2026-09-20,1065
108,2026-09-20,1080
108,2026-09-20,1095
108,2026-09-20,1110
108,2026-09-20,1125
108,2026-09-20,1140
108,2026-09-20,1155
108,2026-09-20,1170
108,2026-09-20,1185
108,2026-09-20,1200
108,2026-09-20,1215
108,2026-09-20,1230
108,2026-09-20,1245
108,2026-09-20,1260
108,2026-09-20,1275
108,2026-09-20,1290
108,2026-09-20,1305
108,2026-09-20,1320
108,2026-09-20,1335
108,2026-09-20,1350
108,2026-09-20,1365
108,2026-09-20,1380
108,2026-09-20,1395
108,2026-09-20,1410
108,2026-09-20,1425
109,2026-09-20,0
109,2026-09-20,15
109,2026-09-20,30
109,2026-09-20,45
109,2026-09-20,60
109,2026-09-20,75
109,2026-09-20,90
109,2026-09-20,105
109,2026-09-20,120
109,2026-09-20,135
109,2026-09-20,150
109,2026-09-20,165
109,2026-09-20,180
109,2026-09-20,195
109,2026-09-20,210
109,2026-09-20,225
109,2026-09-20,240
109,2026-09-20,255
109,2026-09-20,270
109,2026-09-20,285
109,2026-09-20,300
109,2026-09-20,315
109,2026-09-20,330
109,2026-09-20,345
109,2026-09-20,360
109,2026-09-20,375
109,2026-09-20,390
109,2026-09-20,405
109,2026-09-20,420
109,2026-09-20,435
109,2026-09-20,450
109,2026-09-20,465
109,2026-09-20,480
109,2026-09-20,495
109,2026-09-20,510
109,2026-09-20,525
109,2026-09-20,540
109,2026-09-20,555
109,2026-09-20,570
109,2026-09-20,585
109,2026-09-20,600
109,2026-09-20,615
109,2026-09-20,630
109,2026-09-20,645
109,2026-09-20,660
109,2026-09-20,675
109,2026-09-20,690
109,2026-09-20,705
109,2026-09-20,720
109,2026-09-20,735
109,2026-09-20,750
109,2026-09-20,765
109,2026-09-20,780
109,2026-09-20,795
109,2026-09-20,810
109,2026-09-20,825
109,2026-09-20,840
109,2026-09-20,855
109,2026-09-20,870
109,2026-09-20,885
109,2026-09-20,900
109,2026-09-20,915
109,2026-09-20,930
109,2026-09-20,945
109,2026-09-20,960
109,2026-09-20,975
109,2026-09-20,990
109,2026-09-20,1005
109,2026-09-20,1020
109,2026-09-20,1035
109,2026-09-20,1050
109,2026-09-20,1065
109,2026-09-20,1080
109,2026-09-20,1095
109,2026-09-20,1110
109,2026-09-20,1125
109,2026-09-20,1140
109,2026-09-20,1155
109,2026-09-20,1170
109,2026-09-20,1185
109,2026-09-20,1200
109,2026-09-20,1215
109,2026-09-20,1230
109,2026-09-20,1245
109,2026-09-20,1260
109,2026-09-20,1275
109,2026-09-20,1290
109,2026-09-20,1305
109,2026-09-20,1320
109,2026-09-20,1335
109,2026-09-20,1350
109,2026-09-20,1365
109,2026-09-20,1380
109,2026-09-20,1395
109,2026-09-20,1410
109,2026-09-20,1425
110,2026-09-20,0
110,2026-09-20,15
110,2026-09-20,30
110,2026-09-20,45
110,2026-09-20,60
110,2026-09-20,75
110,2026-09-20,90
110,2026-09-20,105
110,2026-09-20,120
110,2026-09-20,135
110,2026-09-20,150
110,2026-09-20,165
110,2026-09-20,180
110,2026-09-20,195
110,2026-09-20,210
110,2026-09-20,225
110,2026-09-20,240
110,2026-09-20,255
110,2026-09-20,270
110,2026-09-20,285
110,2026-09-20,300
110,2026-09-20,315
110,2026-09-20,330
110,2026-09-20,345
110,2026-09-20,360
110,2026-09-20,375
110,2026-09-20,390
110,2026-09-20,405
110,2026-09-20,420
110,2026-09-20,435
110,2026-09-20,450
110,2026-09-20,465
110,2026-09-20,480
110,2026-09-20,495
110,2026-09-20,510
110,2026-09-20,525
110,2026-09-20,540
110,2026-09-20,555
110,2026-09-20,570
110,2026-09-20,585
110,2026-09-20,600
110,2026-09-20,615
110,2026-09-20,630
110,2026-09-20,645
110,2026-09-20,660
110,2026-09-20,675
110,2026-09-20,690
110,2026-09-20,705
110,2026-09-20,720
110,2026-09-20,735
110,2026-09-20,750
110,2026-09-20,765
110,2026-09-20,780
110,2026-09-20,795
110,2026-09-20,810
110,2026-09-20,825
110,2026-09-20,840
110,2026-09-20,855
110,2026-09-20,870
110,2026-09-20,885
110,2026-09-20,900
110,2026-09-20,915
110,2026-09-20,930
110,2026-09-20,945
110,2026-09-20,960
110,2026-09-20,975
110,2026-09-20,990
110,2026-09-20,1005
110,2026-09-20,1020
110,2026-09-20,1035
110,2026-09-20,1050
110,2026-09-20,1065
110,2026-09-20,1080
110,2026-09-20,1095
110,2026-09-20,1110
110,2026-09-20,1125
110,2026-09-20,1140
110,2026-09-20,1155
110,2026-09-20,1170
110,2026-09-20,1185
110,2026-09-20,1200
110,2026-09-20,1215
110,2026-09-20,1230
110,2026-09-20,1245
110,2026-09-20,1260
110,2026-09-20,1275
110,2026-09-20,1290
110,2026-09-20,1305
110,2026-09-20,1320
110,2026-09-20,1335
110,2026-09-20,1350
110,2026-09-20,1365
110,2026-09-20,1380
110,2026-09-20,1395
110,2026-09-20,1410
110,2026-09-20,1425
111,2026-09-20,0
111,2026-09-20,15
111,2026-09-20,30
111,2026-09-20,45
111,2026-09-20,60
111,2026-09-20,75
111,2026-09-20,90
111,2026-09-20,105
111,2026-09-20,120
111,2026-09-20,135
111,2026-09-20,150
111,2026-09-20,165
111,2026-09-20,180
111,2026-09-20,195
111,2026-09-20,210
111,2026-09-20,225
111,2026-09-20,240
111,2026-09-20,255
111,2026-09-20,270
111,2026-09-20,285
111,2026-09-20,300
111,2026-09-20,315
111,2026-09-20,330
111,2026-09-20,345
111,2026-09-20,360
111,2026-09-20,375
111,2026-09-20,390
111,2026-09-20,405
111,2026-09-20,420
111,2026-09-20,435
111,2026-09-20,450
111,2026-09-20,465
111,2026-09-20,480
111,2026-09-20,495
111,2026-09-20,510
111,2026-09-20,525
111,2026-09-20,540
111,2026-09-20,555
111,2026-09-20,570
111,2026-09-20,585
111,2026-09-20,600
111,2026-09-20,615
111,2026-09-20,630
111,2026-09-20,645
111,2026-09-20,660
111,2026-09-20,675
111,2026-09-20,690
111,2026-09-20,705
111,2026-09-20,720
111,2026-09-20,735
111,2026-09-20,750
111,2026-09-20,765
111,2026-09-20,780
111,2026-09-20,795
111,2026-09-20,810
111,2026-09-20,825
111,2026-09-20,840
111,2026-09-20,855
111,2026-09-20,870
111,2026-09-20,885
111,2026-09-20,900
111,2026-09-20,915
111,2026-09-20,930
111,2026-09-20,945
111,2026-09-20,960
111,2026-09-20,975
111,2026-09-20,990
111,2026-09-20,1005
111,2026-09-20,1020
111,2026-09-20,1035
111,2026-09-20,1050
111,2026-09-20,1065
111,2026-09-20,1080
111,2026-09-20,1095
111,2026-09-20,1110
111,2026-09-20,1125
111,2026-09-20,1140
111,2026-09-20,1155
111,2026-09-20,1170
111,2026-09-20,1185
111,2026-09-20,1200
111,2026-09-20,1215
111,2026-09-20,1230
111,2026-09-20,1245
111,2026-09-20,1260
111,2026-09-20,1275
111,2026-09-20,1290
111,2026-09-20,1305
111,2026-09-20,1320
111,2026-09-20,1335
111,2026-09-20,1350
111,2026-09-20,1365
111,2026-09-20,1380
111,2026-09-20,1395
111,2026-09-20,1410
111,2026-09-20,1425
112,2026-09-20,0
112,2026-09-20,15
112,2026-09-20,30
112,2026-09-20,45
112,2026-09-20,60
112,2026-09-20,75
112,2026-09-20,90
112,2026-09-20,105
112,2026-09-20,120
112,2026-09-20,135
112,2026-09-20,150
112,2026-09-20,165
112,2026-09-20,180
112,2026-09-20,195
112,2026-09-20,210
112,2026-09-20,225
112,2026-09-20,240
112,2026-09-20,255
112,2026-09-20,270
112,2026-09-20,285
112,2026-09-20,300
112,2026-09-20,315
112,2026-09-20,330
112,2026-09-20,345
112,2026-09-20,360
112,2026-09-20,375
112,2026-09-20,390
112,2026-09-20,405
112,2026-09-20,420
112,2026-09-20,435
112,2026-09-20,450
112,2026-09-20,465
112,2026-09-20,480
112,2026-09-20,495
112,2026-09-20,510
112,2026-09-20,525
112,2026-09-20,540
112,2026-09-20,555
112,2026-09-20,570
112,2026-09-20,585
112,2026-09-20,600
112,2026-09-20,615
112,2026-09-20,630
112,2026-09-20,645
112,2026-09-20,660
112,2026-09-20,675
112,2026-09-20,690
112,2026-09-20,705
112,2026-09-20,720
112,2026-09-20,735
112,2026-09-20,750
112,2026-09-20,765
112,2026-09-20,780
112,2026-09-20,795
112,2026-09-20,810
112,2026-09-20,825
112,2026-09-20,840
112,2026-09-20,855
112,2026-09-20,870
112,2026-09-20,885
112,2026-09-20,900
112,2026-09-20,915
112,2026-09-20,930
112,2026-09-20,945
112,2026-09-20,960
112,2026-09-20,975
112,2026-09-20,990
112,2026-09-20,1005
112,2026-09-20,1020
112,2026-09-20,1035
112,2026-09-20,1050
112,2026-09-20,1065
112,2026-09-20,1080
112,2026-09-20,1095
112,2026-09-20,1110
112,2026-09-20,1125
112,2026-09-20,1140
112,2026-09-20,1155
112,2026-09-20,1170
112,2026-09-20,1185
112,2026-09-20,1200
112,2026-09-20,1215
112,2026-09-20,1230
112,2026-09-20,1245
112,2026-09-20,1260
112,2026-09-20,1275
112,2026-09-20,1290
112,2026-09-20,1305
112,2026-09-20,1320
112,2026-09-20,1335
112,2026-09-20,1350
112,2026-09-20,1365
112,2026-09-20,1380
112,2026-09-20,1395
112,2026-09-20,1410
112,2026-09-20,1425
113,2026-09-20,0
113,2026-09-20,15
113,2026-09-20,30
113,2026-09-20,45
113,2026-09-20,60
113,2026-09-20,75
113,2026-09-20,90
113,2026-09-20,105
113,2026-09-20,120
113,2026-09-20,135
113,2026-09-20,150
113,2026-09-20,165
113,2026-09-20,180
113,2026-09-20,195
113,2026-09-20,210
113,2026-09-20,225
113,2026-09-20,240
113,2026-09-20,255
113,2026-09-20,270
113,2026-09-20,285
113,2026-09-20,300
113,2026-09-20,315
113,2026-09-20,330
113,2026-09-20,345
113,2026-09-20,360
113,2026-09-20,375
113,2026-09-20,390
113,2026-09-20,405
113,2026-09-20,420
113,2026-09-20,435
113,2026-09-20,450
113,2026-09-20,465
113,2026-09-20,480
113,2026-09-20,495
113,2026-09-20,510
113,2026-09-20,525
113,2026-09-20,540
113,2026-09-20,555
113,2026-09-20,570
113,2026-09-20,585
113,2026-09-20,600
113,2026-09-20,615
113,2026-09-20,630
113,2026-09-20,645
113,2026-09-20,660
113,2026-09-20,675
113,2026-09-20,690
113,2026-09-20,705
113,2026-09-20,720
113,2026-09-20,735
113,2026-09-20,750
113,2026-09-20,765
113,2026-09-20,780
113,2026-09-20,795
113,2026-09-20,810
113,2026-09-20,825
113,2026-09-20,840
113,2026-09-20,855
113,2026-09-20,870
113,2026-09-20,885
113,2026-09-20,900
113,2026-09-20,915
113,2026-09-20,930
113,2026-09-20,945
113,2026-09-20,960
113,2026-09-20,975
113,2026-09-20,990
113,2026-09-20,1005
113,2026-09-20,1020
113,2026-09-20,1035
113,2026-09-20,1050
113,2026-09-20,1065
113,2026-09-20,1080
113,2026-09-20,1095
113,2026-09-20,1110
113,2026-09-20,1125
113,2026-09-20,1140
113,2026-09-20,1155
113,2026-09-20,1170
113,2026-09-20,1185
113,2026-09-20,1200
113,2026-09-20,1215
113,2026-09-20,1230
113,2026-09-20,1245
113,2026-09-20,1260
113,2026-09-20,1275
113,2026-09-20,1290
113,2026-09-20,1305
113,2026-09-20,1320
113,2026-09-20,1335
113,2026-09-20,1350
113,2026-09-20,1365
113,2026-09-20,1380
113,2026-09-20,1395
113,2026-09-20,1410
113,2026-09-20,1425
114,2026-09-20,0
114,2026-09-20,15
114,2026-09-20,30
114,2026-09-20,45
114,2026-09-20,60
114,2026-09-20,75
114,2026-09-20,90
114,2026-09-20,105
114,2026-09-20,120
114,2026-09-20,135
114,2026-09-20,150
114,2026-09-20,165
114,2026-09-20,180
114,2026-09-20,195
114,2026-09-20,210
114,2026-09-20,225
114,2026-09-20,240
114,2026-09-20,255
114,2026-09-20,270
114,2026-09-20,285
114,2026-09-20,300
114,2026-09-20,315
114,2026-09-20,330
114,2026-09-20,345
114,2026-09-20,360
114,2026-09-20,375
114,2026-09-20,390
114,2026-09-20,405
114,2026-09-20,420
114,2026-09-20,435
114,2026-09-20,450
114,2026-09-20,465
114,2026-09-20,480
114,2026-09-20,495
114,2026-09-20,510
114,2026-09-20,525
114,2026-09-20,540
114,2026-09-20,555
114,2026-09-20,570
114,2026-09-20,585
114,2026-09-20,600
114,2026-09-20,615
114,2026-09-20,630
114,2026-09-20,645
114,2026-09-20,660
114,2026-09-20,675
114,2026-09-20,690
114,2026-09-20,705
114,2026-09-20,720
114,2026-09-20,735
114,2026-09-20,750
114,2026-09-20,765
114,2026-09-20,780
114,2026-09-20,795
114,2026-09-20,810
114,2026-09-20,825
114,2026-09-20,840
114,2026-09-20,855
114,2026-09-20,870
114,2026-09-20,885
114,2026-09-20,900
114,2026-09-20,915
114,2026-09-20,930
114,2026-09-20,945
114,2026-09-20,960
114,2026-09-20,975
114,2026-09-20,990
114,2026-09-20,1005
114,2026-09-20,1020
114,2026-09-20,1035
114,2026-09-20,1050
114,2026-09-20,1065
114,2026-09-20,1080
114,2026-09-20,1095
114,2026-09-20,1110
114,2026-09-20,1125
114,2026-09-20,1140
114,2026-09-20,1155
114,2026-09-20,1170
114,2026-09-20,1185
114,2026-09-20,1200
114,2026-09-20,1215
114,2026-09-20,1230
114,2026-09-20,1245
114,2026-09-20,1260
114,2026-09-20,1275
114,2026-09-20,1290
114,2026-09-20,1305
114,2026-09-20,1320
114,2026-09-20,1335
114,2026-09-20,1350
114,2026-09-20,1365
114,2026-09-20,1380
114,2026-09-20,1395
114,2026-09-20,1410
114,2026-09-20,1425
115,2026-09-20,0
115,2026-09-20,15
115,2026-09-20,30
115,2026-09-20,45
115,2026-09-20,60
115,2026-09-20,75
115,2026-09-20,90
115,2026-09-20,105
115,2026-09-20,120
115,2026-09-20,135
115,2026-09-20,150
115,2026-09-20,165
115,2026-09-20,180
115,2026-09-20,195
115,2026-09-20,210
115,2026-09-20,225
115,2026-09-20,240
115,2026-09-20,255
115,2026-09-20,270
115,2026-09-20,285
115,2026-09-20,300
115,2026-09-20,315
115,2026-09-20,330
115,2026-09-20,345
115,2026-09-20,360
115,2026-09-20,375
115,2026-09-20,390
115,2026-09-20,405
115,2026-09-20,420
115,2026-09-20,435
115,2026-09-20,450
115,2026-09-20,465
115,2026-09-20,480
115,2026-09-20,495
115,2026-09-20,510
115,2026-09-20,525
115,2026-09-20,540
115,2026-09-20,555
115,2026-09-20,570
115,2026-09-20,585
115,2026-09-20,600
115,2026-09-20,615
115,2026-09-20,630
115,2026-09-20,645
115,2026-09-20,660
115,2026-09-20,675
115,2026-09-20,690
115,2026-09-20,705
115,2026-09-20,720
115,2026-09-20,735
115,2026-09-20,750
115,2026-09-20,765
115,2026-09-20,780
115,2026-09-20,795
115,2026-09-20,810
115,2026-09-20,825
115,2026-09-20,840
115,2026-09-20,855
115,2026-09-20,870
115,2026-09-20,885
115,2026-09-20,900
115,2026-09-20,915
115,2026-09-20,930
115,2026-09-20,945
115,2026-09-20,960
115,2026-09-20,975
115,2026-09-20,990
115,2026-09-20,1005
115,2026-09-20,1020
115,2026-09-20,1035
115,2026-09-20,1050
115,2026-09-20,1065
115,2026-09-20,1080
115,2026-09-20,1095
115,2026-09-20,1110
115,2026-09-20,1125
115,2026-09-20,1140
115,2026-09-20,1155
115,2026-09-20,1170
115,2026-09-20,1185
115,2026-09-20,1200
115,2026-09-20,1215
115,2026-09-20,1230
115,2026-09-20,1245
115,2026-09-20,1260
115,2026-09-20,1275
115,2026-09-20,1290
115,2026-09-20,1305
115,2026-09-20,1320
115,2026-09-20,1335
115,2026-09-20,1350
115,2026-09-20,1365
115,2026-09-20,1380
115,2026-09-20,1395
115,2026-09-20,1410
115,2026-09-20,1425
116,2026-09-20,0
116,2026-09-20,15
116,2026-09-20,30
116,2026-09-20,45
116,2026-09-20,60
116,2026-09-20,75
116,2026-09-20,90
116,2026-09-20,105
116,2026-09-20,120
116,2026-09-20,135
116,2026-09-20,150
116,2026-09-20,165
116,2026-09-20,180
116,2026-09-20,195
116,2026-09-20,210
116,2026-09-20,225
116,2026-09-20,240
116,2026-09-20,255
116,2026-09-20,270
116,2026-09-20,285
116,2026-09-20,300
116,2026-09-20,315
116,2026-09-20,330
116,2026-09-20,345
116,2026-09-20,360
116,2026-09-20,375
116,2026-09-20,390
116,2026-09-20,405
116,2026-09-20,420
116,2026-09-20,435
116,2026-09-20,450
116,2026-09-20,465
116,2026-09-20,480
116,2026-09-20,495
116,2026-09-20,510
116,2026-09-20,525
116,2026-09-20,540
116,2026-09-20,555
116,2026-09-20,570
116,2026-09-20,585
116,2026-09-20,600
116,2026-09-20,615
116,2026-09-20,630
116,2026-09-20,645
116,2026-09-20,660
116,2026-09-20,675
116,2026-09-20,690
116,2026-09-20,705
116,2026-09-20,720
116,2026-09-20,735
116,2026-09-20,750
116,2026-09-20,765
116,2026-09-20,780
116,2026-09-20,795
116,2026-09-20,810
116,2026-09-20,825
116,2026-09-20,840
116,2026-09-20,855
116,2026-09-20,870
116,2026-09-20,885
116,2026-09-20,900
116,2026-09-20,915
116,2026-09-20,930
116,2026-09-20,945
116,2026-09-20,960
116,2026-09-20,975
116,2026-09-20,990
116,2026-09-20,1005
116,2026-09-20,1020
116,2026-09-20,1035
116,2026-09-20,1050
116,2026-09-20,1065
116,2026-09-20,1080
116,2026-09-20,1095
116,2026-09-20,1110
116,2026-09-20,1125
116,2026-09-20,1140
116,2026-09-20,1155
116,2026-09-20,1170
116,2026-09-20,1185
116,2026-09-20,1200
116,2026-09-20,1215
116,2026-09-20,1230
116,2026-09-20,1245
116,2026-09-20,1260
116,2026-09-20,1275
116,2026-09-20,1290
116,2026-09-20,1305
116,2026-09-20,1320
116,2026-09-20,1335
116,2026-09-20,1350
116,2026-09-20,1365
116,2026-09-20,1380
116,2026-09-20,1395
116,2026-09-20,1410
116,2026-09-20,1425
117,2026-09-20,0
117,2026-09-20,15
117,2026-09-20,30
117,2026-09-20,45
117,2026-09-20,60
117,2026-09-20,75
117,2026-09-20,90
117,2026-09-20,105
117,2026-09-20,120
117,2026-09-20,135
117,2026-09-20,150
117,2026-09-20,165
117,2026-09-20,180
117,2026-09-20,195
117,2026-09-20,210
117,2026-09-20,225
117,2026-09-20,240
117,2026-09-20,255
117,2026-09-20,270
117,2026-09-20,285
117,2026-09-20,300
117,2026-09-20,315
117,2026-09-20,330
117,2026-09-20,345
117,2026-09-20,360
117,2026-09-20,375
117,2026-09-20,390
117,2026-09-20,405
117,2026-09-20,420
117,2026-09-20,435
117,2026-09-20,450
117,2026-09-20,465
117,2026-09-20,480
117,2026-09-20,495
117,2026-09-20,510
117,2026-09-20,525
117,2026-09-20,540
117,2026-09-20,555
117,2026-09-20,570
117,2026-09-20,585
117,2026-09-20,600
117,2026-09-20,615
117,2026-09-20,630
117,2026-09-20,645
117,2026-09-20,660
117,2026-09-20,675
117,2026-09-20,690
117,2026-09-20,705
117,2026-09-20,720
117,2026-09-20,735
117,2026-09-20,750
117,2026-09-20,765
117,2026-09-20,780
117,2026-09-20,795
117,2026-09-20,810
117,2026-09-20,825
117,2026-09-20,840
117,2026-09-20,855
117,2026-09-20,870
117,2026-09-20,885
117,2026-09-20,900
117,2026-09-20,915
117,2026-09-20,930
117,2026-09-20,945
117,2026-09-20,960
117,2026-09-20,975
117,2026-09-20,990
117,2026-09-20,1005
117,2026-09-20,1020
117,2026-09-20,1035
117,2026-09-20,1050
117,2026-09-20,1065
117,2026-09-20,1080
117,2026-09-20,1095
117,2026-09-20,1110
117,2026-09-20,1125
117,2026-09-20,1140
117,2026-09-20,1155
117,2026-09-20,1170
117,2026-09-20,1185
117,2026-09-20,1200
117,2026-09-20,1215
117,2026-09-20,1230
117,2026-09-20,1245
117,2026-09-20,1260
117,2026-09-20,1275
117,2026-09-20,1290
117,2026-09-20,1305
117,2026-09-20,1320
117,2026-09-20,1335
117,2026-09-20,1350
117,2026-09-20,1365
117,2026-09-20,1380
117,2026-09-20,1395
117,2026-09-20,1410
117,2026-09-20,1425
31,2026-09-21,0
31,2026-09-21,15
31,2026-09-21,30
31,2026-09-21,45
31,2026-09-21,60
31,2026-09-21,75
31,2026-09-21,90
31,2026-09-21,105
31,2026-09-21,120
31,2026-09-21,135
31,2026-09-21,150
31,2026-09-21,165
31,2026-09-21,180
31,2026-09-21,195
31,2026-09-21,210
31,2026-09-21,225
31,2026-09-21,240
31,2026-09-21,255
31,2026-09-21,270
31,2026-09-21,285
31,2026-09-21,300
31,2026-09-21,315
31,2026-09-21,330
31,2026-09-21,345
31,2026-09-21,360
31,2026-09-21,375
31,2026-09-21,390
31,2026-09-21,405
31,2026-09-21,420
31,2026-09-21,435
31,2026-09-21,450
31,2026-09-21,465
31,2026-09-21,480
31,2026-09-21,495
31,2026-09-21,510
31,2026-09-21,525
31,2026-09-21,540
31,2026-09-21,555
31,2026-09-21,570
31,2026-09-21,585
31,2026-09-21,600
31,2026-09-21,615
31,2026-09-21,630
31,2026-09-21,645
31,2026-09-21,660
31,2026-09-21,675
31,2026-09-21,690
31,2026-09-21,705
31,2026-09-21,720
31,2026-09-21,735
31,2026-09-21,750
31,2026-09-21,765
31,2026-09-21,780
31,2026-09-21,795
31,2026-09-21,810
31,2026-09-21,825
31,2026-09-21,840
31,2026-09-21,855
31,2026-09-21,870
31,2026-09-21,885
31,2026-09-21,900
31,2026-09-21,915
31,2026-09-21,930
31,2026-09-21,945
31,2026-09-21,960
31,2026-09-21,975
31,2026-09-21,990
31,2026-09-21,1005
31,2026-09-21,1020
31,2026-09-21,1035
31,2026-09-21,1050
31,2026-09-21,1065
31,2026-09-21,1080
31,2026-09-21,1095
31,2026-09-21,1110
31,2026-09-21,1125
31,2026-09-21,1140
31,2026-09-21,1155
31,2026-09-21,1170
31,2026-09-21,1185
31,2026-09-21,1200
31,2026-09-21,1215
31,2026-09-21,1230
31,2026-09-21,1245
31,2026-09-21,1260
31,2026-09-21,1275
31,2026-09-21,1290
31,2026-09-21,1305
31,2026-09-21,1320
31,2026-09-21,1335
31,2026-09-21,1350
31,2026-09-21,1365
31,2026-09-21,1380
31,2026-09-21,1395
31,2026-09-21,1410
31,2026-09-21,1425
45,2026-09-21,0
45,2026-09-21,15
45,2026-09-21,30
45,2026-09-21,45
45,2026-09-21,60
45,2026-09-21,75
45,2026-09-21,90
45,2026-09-21,105
45,2026-09-21,120
45,2026-09-21,135
45,2026-09-21,150
45,2026-09-21,165
45,2026-09-21,180
45,2026-09-21,195
45,2026-09-21,210
45,2026-09-21,225
45,2026-09-21,240
45,2026-09-21,255
45,2026-09-21,270
45,2026-09-21,285
45,2026-09-21,300
45,2026-09-21,315
45,2026-09-21,330
45,2026-09-21,345
45,2026-09-21,360
45,2026-09-21,375
45,2026-09-21,390
45,2026-09-21,405
45,2026-09-21,420
45,2026-09-21,435
45,2026-09-21,450
45,2026-09-21,465
45,2026-09-21,480
45,2026-09-21,495
45,2026-09-21,510
45,2026-09-21,525
45,2026-09-21,540
45,2026-09-21,555
45,2026-09-21,570
45,2026-09-21,585
45,2026-09-21,600
45,2026-09-21,615
45,2026-09-21,630
45,2026-09-21,645
45,2026-09-21,660
45,2026-09-21,675
45,2026-09-21,690
45,2026-09-21,705
45,2026-09-21,720
45,2026-09-21,735
45,2026-09-21,750
45,2026-09-21,765
45,2026-09-21,780
45,2026-09-21,795
45,2026-09-21,810
45,2026-09-21,825
45,2026-09-21,840
45,2026-09-21,855
45,2026-09-21,870
45,2026-09-21,885
45,2026-09-21,900
45,2026-09-21,915
45,2026-09-21,930
45,2026-09-21,945
45,2026-09-21,960
45,2026-09-21,975
45,2026-09-21,990
45,2026-09-21,1005
45,2026-09-21,1020
45,2026-09-21,1035
45,2026-09-21,1050
45,2026-09-21,1065
45,2026-09-21,1080
45,2026-09-21,1095
45,2026-09-21,1110
45,2026-09-21,1125
45,2026-09-21,1140
45,2026-09-21,1155
45,2026-09-21,1170
45,2026-09-21,1185
45,2026-09-21,1200
45,2026-09-21,1215
45,2026-09-21,1230
45,2026-09-21,1245
45,2026-09-21,1260
45,2026-09-21,1275
45,2026-09-21,1290
45,2026-09-21,1305
45,2026-09-21,1320
45,2026-09-21,1335
45,2026-09-21,1350
45,2026-09-21,1365
45,2026-09-21,1380
45,2026-09-21,1395
45,2026-09-21,1410
45,2026-09-21,1425
67,2026-09-21,0
67,2026-09-21,15
67,2026-09-21,30
67,2026-09-21,45
67,2026-09-21,60
67,2026-09-21,75
67,2026-09-21,90
67,2026-09-21,105
67,2026-09-21,120
67,2026-09-21,135
67,2026-09-21,150
67,2026-09-21,165
67,2026-09-21,180
67,2026-09-21,195
67,2026-09-21,210
67,2026-09-21,225
67,2026-09-21,240
67,2026-09-21,255
67,2026-09-21,270
67,2026-09-21,285
67,2026-09-21,300
67,2026-09-21,315
67,2026-09-21,330
67,2026-09-21,345
67,2026-09-21,360
67,2026-09-21,375
67,2026-09-21,390
67,2026-09-21,405
67,2026-09-21,420
67,2026-09-21,435
67,2026-09-21,450
67,2026-09-21,465
67,2026-09-21,480
67,2026-09-21,495
67,2026-09-21,510
67,2026-09-21,525
67,2026-09-21,540
67,2026-09-21,555
67,2026-09-21,570
67,2026-09-21,585
67,2026-09-21,600
67,2026-09-21,615
67,2026-09-21,630
67,2026-09-21,645
67,2026-09-21,660
67,2026-09-21,675
67,2026-09-21,690
67,2026-09-21,705
67,2026-09-21,720
67,2026-09-21,735
67,2026-09-21,750
67,2026-09-21,765
67,2026-09-21,780
67,2026-09-21,795
67,2026-09-21,810
67,2026-09-21,825
67,2026-09-21,840
67,2026-09-21,855
67,2026-09-21,870
67,2026-09-21,885
67,2026-09-21,900
67,2026-09-21,915
67,2026-09-21,930
67,2026-09-21,945
67,2026-09-21,960
67,2026-09-21,975
67,2026-09-21,990
67,2026-09-21,1005
67,2026-09-21,1020
67,2026-09-21,1035
67,2026-09-21,1050
67,2026-09-21,1065
67,2026-09-21,1080
67,2026-09-21,1095
67,2026-09-21,1110
67,2026-09-21,1125
67,2026-09-21,1140
67,2026-09-21,1155
67,2026-09-21,1170
67,2026-09-21,1185
67,2026-09-21,1200
67,2026-09-21,1215
67,2026-09-21,1230
67,2026-09-21,1245
67,2026-09-21,1260
67,2026-09-21,1275
67,2026-09-21,1290
67,2026-09-21,1305
67,2026-09-21,1320
67,2026-09-21,1335
67,2026-09-21,1350
67,2026-09-21,1365
67,2026-09-21,1380
67,2026-09-21,1395
67,2026-09-21,1410
67,2026-09-21,1425
70,2026-09-21,0
70,2026-09-21,15
70,2026-09-21,30
70,2026-09-21,45
70,2026-09-21,60
70,2026-09-21,75
70,2026-09-21,90
70,2026-09-21,105
70,2026-09-21,120
70,2026-09-21,135
70,2026-09-21,150
70,2026-09-21,165
70,2026-09-21,180
70,2026-09-21,195
70,2026-09-21,210
70,2026-09-21,225
70,2026-09-21,240
70,2026-09-21,255
70,2026-09-21,270
70,2026-09-21,285
70,2026-09-21,300
70,2026-09-21,315
70,2026-09-21,330
70,2026-09-21,345
70,2026-09-21,360
70,2026-09-21,375
70,2026-09-21,390
70,2026-09-21,405
70,2026-09-21,420
70,2026-09-21,435
70,2026-09-21,450
70,2026-09-21,465
70,2026-09-21,480
70,2026-09-21,495
70,2026-09-21,510
70,2026-09-21,525
70,2026-09-21,540
70,2026-09-21,555
70,2026-09-21,570
70,2026-09-21,585
70,2026-09-21,600
70,2026-09-21,615
70,2026-09-21,630
70,2026-09-21,645
70,2026-09-21,660
70,2026-09-21,675
70,2026-09-21,690
70,2026-09-21,705
70,2026-09-21,720
70,2026-09-21,735
70,2026-09-21,750
70,2026-09-21,765
70,2026-09-21,780
70,2026-09-21,795
70,2026-09-21,810
70,2026-09-21,825
70,2026-09-21,840
70,2026-09-21,855
70,2026-09-21,870
70,2026-09-21,885
70,2026-09-21,900
70,2026-09-21,915
70,2026-09-21,930
70,2026-09-21,945
70,2026-09-21,960
70,2026-09-21,975
70,2026-09-21,990
70,2026-09-21,1005
70,2026-09-21,1020
70,2026-09-21,1035
70,2026-09-21,1050
70,2026-09-21,1065
70,2026-09-21,1080
70,2026-09-21,1095
70,2026-09-21,1110
70,2026-09-21,1125
70,2026-09-21,1140
70,2026-09-21,1155
70,2026-09-21,1170
70,2026-09-21,1185
70,2026-09-21,1200
70,2026-09-21,1215
70,2026-09-21,1230
70,2026-09-21,1245
70,2026-09-21,1260
70,2026-09-21,1275
70,2026-09-21,1290
70,2026-09-21,1305
70,2026-09-21,1320
70,2026-09-21,1335
70,2026-09-21,1350
70,2026-09-21,1365
70,2026-09-21,1380
70,2026-09-21,1395
70,2026-09-21,1410
70,2026-09-21,1425
91,2026-09-21,0
91,2026-09-21,15
91,2026-09-21,30
91,2026-09-21,45
91,2026-09-21,60
91,2026-09-21,75
91,2026-09-21,90
91,2026-09-21,105
91,2026-09-21,120
91,2026-09-21,135
91,2026-09-21,150
91,2026-09-21,165
91,2026-09-21,180
91,2026-09-21,195
91,2026-09-21,210
91,2026-09-21,225
91,2026-09-21,240
91,2026-09-21,255
91,2026-09-21,270
91,2026-09-21,285
91,2026-09-21,300
91,2026-09-21,315
91,2026-09-21,330
91,2026-09-21,345
91,2026-09-21,360
91,2026-09-21,375
91,2026-09-21,390
91,2026-09-21,405
91,2026-09-21,420
91,2026-09-21,435
91,2026-09-21,450
91,2026-09-21,465
91,2026-09-21,480
91,2026-09-21,495
91,2026-09-21,510
91,2026-09-21,525
91,2026-09-21,540
91,2026-09-21,555
91,2026-09-21,570
91,2026-09-21,585
91,2026-09-21,600
91,2026-09-21,615
91,2026-09-21,630
91,2026-09-21,645
91,2026-09-21,660
91,2026-09-21,675
91,2026-09-21,690
91,2026-09-21,705
91,2026-09-21,720
91,2026-09-21,735
91,2026-09-21,750
91,2026-09-21,765
91,2026-09-21,780
91,2026-09-21,795
91,2026-09-21,810
91,2026-09-21,825
91,2026-09-21,840
91,2026-09-21,855
91,2026-09-21,870
91,2026-09-21,885
91,2026-09-21,900
91,2026-09-21,915
91,2026-09-21,930
91,2026-09-21,945
91,2026-09-21,960
91,2026-09-21,975
91,2026-09-21,990
91,2026-09-21,1005
91,2026-09-21,1020
91,2026-09-21,1035
91,2026-09-21,1050
91,2026-09-21,1065
91,2026-09-21,1080
91,2026-09-21,1095
91,2026-09-21,1110
91,2026-09-21,1125
91,2026-09-21,1140
91,2026-09-21,1155
91,2026-09-21,1170
91,2026-09-21,1185
91,2026-09-21,1200
91,2026-09-21,1215
91,2026-09-21,1230
91,2026-09-21,1245
91,2026-09-21,1260
91,2026-09-21,1275
91,2026-09-21,1290
91,2026-09-21,1305
91,2026-09-21,1320
91,2026-09-21,1335
91,2026-09-21,1350
91,2026-09-21,1365
91,2026-09-21,1380
91,2026-09-21,1395
91,2026-09-21,1410
91,2026-09-21,1425
92,2026-09-21,0
92,2026-09-21,15
92,2026-09-21,30
92,2026-09-21,45
92,2026-09-21,60
92,2026-09-21,75
92,2026-09-21,90
92,2026-09-21,105
92,2026-09-21,120
92,2026-09-21,135
92,2026-09-21,150
92,2026-09-21,165
92,2026-09-21,180
92,2026-09-21,195
92,2026-09-21,210
92,2026-09-21,225
92,2026-09-21,240
92,2026-09-21,255
92,2026-09-21,270
92,2026-09-21,285
92,2026-09-21,300
92,2026-09-21,315
92,2026-09-21,330
92,2026-09-21,345
92,2026-09-21,360
92,2026-09-21,375
92,2026-09-21,390
92,2026-09-21,405
92,2026-09-21,420
92,2026-09-21,435
92,2026-09-21,450
92,2026-09-21,465
92,2026-09-21,480
92,2026-09-21,495
92,2026-09-21,510
92,2026-09-21,525
92,2026-09-21,540
92,2026-09-21,555
92,2026-09-21,570
92,2026-09-21,585
92,2026-09-21,600
92,2026-09-21,615
92,2026-09-21,630
92,2026-09-21,645
92,2026-09-21,660
92,2026-09-21,675
92,2026-09-21,690
92,2026-09-21,705
92,2026-09-21,720
92,2026-09-21,735
92,2026-09-21,750
92,2026-09-21,765
92,2026-09-21,780
92,2026-09-21,795
92,2026-09-21,810
92,2026-09-21,825
92,2026-09-21,840
92,2026-09-21,855
92,2026-09-21,870
92,2026-09-21,885
92,2026-09-21,900
92,2026-09-21,915
92,2026-09-21,930
92,2026-09-21,945
92,2026-09-21,960
92,2026-09-21,975
92,2026-09-21,990
92,2026-09-21,1005
92,2026-09-21,1020
92,2026-09-21,1035
92,2026-09-21,1050
92,2026-09-21,1065
92,2026-09-21,1080
92,2026-09-21,1095
92,2026-09-21,1110
92,2026-09-21,1125
92,2026-09-21,1140
92,2026-09-21,1155
92,2026-09-21,1170
92,2026-09-21,1185
92,2026-09-21,1200
92,2026-09-21,1215
92,2026-09-21,1230
92,2026-09-21,1245
92,2026-09-21,1260
92,2026-09-21,1275
92,2026-09-21,1290
92,2026-09-21,1305
92,2026-09-21,1320
92,2026-09-21,1335
92,2026-09-21,1350
92,2026-09-21,1365
92,2026-09-21,1380
92,2026-09-21,1395
92,2026-09-21,1410
92,2026-09-21,1425
93,2026-09-21,0
93,2026-09-21,15
93,2026-09-21,30
93,2026-09-21,45
93,2026-09-21,60
93,2026-09-21,75
93,2026-09-21,90
93,2026-09-21,105
93,2026-09-21,120
93,2026-09-21,135
93,2026-09-21,150
93,2026-09-21,165
93,2026-09-21,180
93,2026-09-21,195
93,2026-09-21,210
93,2026-09-21,225
93,2026-09-21,240
93,2026-09-21,255
93,2026-09-21,270
93,2026-09-21,285
93,2026-09-21,300
93,2026-09-21,315
93,2026-09-21,330
93,2026-09-21,345
93,2026-09-21,360
93,2026-09-21,375
93,2026-09-21,390
93,2026-09-21,405
93,2026-09-21,420
93,2026-09-21,435
93,2026-09-21,450
93,2026-09-21,465
93,2026-09-21,480
93,2026-09-21,495
93,2026-09-21,510
93,2026-09-21,525
93,2026-09-21,540
93,2026-09-21,555
93,2026-09-21,570
93,2026-09-21,585
93,2026-09-21,600
93,2026-09-21,615
93,2026-09-21,630
93,2026-09-21,645
93,2026-09-21,660
93,2026-09-21,675
93,2026-09-21,690
93,2026-09-21,705
93,2026-09-21,720
93,2026-09-21,735
93,2026-09-21,750
93,2026-09-21,765
93,2026-09-21,780
93,2026-09-21,795
93,2026-09-21,810
93,2026-09-21,825
93,2026-09-21,840
93,2026-09-21,855
93,2026-09-21,870
93,2026-09-21,885
93,2026-09-21,900
93,2026-09-21,915
93,2026-09-21,930
93,2026-09-21,945
93,2026-09-21,960
93,2026-09-21,975
93,2026-09-21,990
93,2026-09-21,1005
93,2026-09-21,1020
93,2026-09-21,1035
93,2026-09-21,1050
93,2026-09-21,1065
93,2026-09-21,1080
93,2026-09-21,1095
93,2026-09-21,1110
93,2026-09-21,1125
93,2026-09-21,1140
93,2026-09-21,1155
93,2026-09-21,1170
93,2026-09-21,1185
93,2026-09-21,1200
93,2026-09-21,1215
93,2026-09-21,1230
93,2026-09-21,1245
93,2026-09-21,1260
93,2026-09-21,1275
93,2026-09-21,1290
93,2026-09-21,1305
93,2026-09-21,1320
93,2026-09-21,1335
93,2026-09-21,1350
93,2026-09-21,1365
93,2026-09-21,1380
93,2026-09-21,1395
93,2026-09-21,1410
93,2026-09-21,1425
94,2026-09-21,0
94,2026-09-21,15
94,2026-09-21,30
94,2026-09-21,45
94,2026-09-21,60
94,2026-09-21,75
94,2026-09-21,90
94,2026-09-21,105
94,2026-09-21,120
94,2026-09-21,135
94,2026-09-21,150
94,2026-09-21,165
94,2026-09-21,180
94,2026-09-21,195
94,2026-09-21,210
94,2026-09-21,225
94,2026-09-21,240
94,2026-09-21,255
94,2026-09-21,270
94,2026-09-21,285
94,2026-09-21,300
94,2026-09-21,315
94,2026-09-21,330
94,2026-09-21,345
94,2026-09-21,360
94,2026-09-21,375
94,2026-09-21,390
94,2026-09-21,405
94,2026-09-21,420
94,2026-09-21,435
94,2026-09-21,450
94,2026-09-21,465
94,2026-09-21,480
94,2026-09-21,495
94,2026-09-21,510
94,2026-09-21,525
94,2026-09-21,540
94,2026-09-21,555
94,2026-09-21,570
94,2026-09-21,585
94,2026-09-21,600
94,2026-09-21,615
94,2026-09-21,630
94,2026-09-21,645
94,2026-09-21,660
94,2026-09-21,675
94,2026-09-21,690
94,2026-09-21,705
94,2026-09-21,720
94,2026-09-21,735
94,2026-09-21,750
94,2026-09-21,765
94,2026-09-21,780
94,2026-09-21,795
94,2026-09-21,810
94,2026-09-21,825
94,2026-09-21,840
94,2026-09-21,855
94,2026-09-21,870
94,2026-09-21,885
94,2026-09-21,900
94,2026-09-21,915
94,2026-09-21,930
94,2026-09-21,945
94,2026-09-21,960
94,2026-09-21,975
94,2026-09-21,990
94,2026-09-21,1005
94,2026-09-21,1020
94,2026-09-21,1035
94,2026-09-21,1050
94,2026-09-21,1065
94,2026-09-21,1080
94,2026-09-21,1095
94,2026-09-21,1110
94,2026-09-21,1125
94,2026-09-21,1140
94,2026-09-21,1155
94,2026-09-21,1170
94,2026-09-21,1185
94,2026-09-21,1200
94,2026-09-21,1215
94,2026-09-21,1230
94,2026-09-21,1245
94,2026-09-21,1260
94,2026-09-21,1275
94,2026-09-21,1290
94,2026-09-21,1305
94,2026-09-21,1320
94,2026-09-21,1335
94,2026-09-21,1350
94,2026-09-21,1365
94,2026-09-21,1380
94,2026-09-21,1395
94,2026-09-21,1410
94,2026-09-21,1425
95,2026-09-21,0
95,2026-09-21,15
95,2026-09-21,30
95,2026-09-21,45
95,2026-09-21,60
95,2026-09-21,75
95,2026-09-21,90
95,2026-09-21,105
95,2026-09-21,120
95,2026-09-21,135
95,2026-09-21,150
95,2026-09-21,165
95,2026-09-21,180
95,2026-09-21,195
95,2026-09-21,210
95,2026-09-21,225
95,2026-09-21,240
95,2026-09-21,255
95,2026-09-21,270
95,2026-09-21,285
95,2026-09-21,300
95,2026-09-21,315
95,2026-09-21,330
95,2026-09-21,345
95,2026-09-21,360
95,2026-09-21,375
95,2026-09-21,390
95,2026-09-21,405
95,2026-09-21,420
95,2026-09-21,435
95,2026-09-21,450
95,2026-09-21,465
95,2026-09-21,480
95,2026-09-21,495
95,2026-09-21,510
95,2026-09-21,525
95,2026-09-21,540
95,2026-09-21,555
95,2026-09-21,570
95,2026-09-21,585
95,2026-09-21,600
95,2026-09-21,615
95,2026-09-21,630
95,2026-09-21,645
95,2026-09-21,660
95,2026-09-21,675
95,2026-09-21,690
95,2026-09-21,705
95,2026-09-21,720
95,2026-09-21,735
95,2026-09-21,750
95,2026-09-21,765
95,2026-09-21,780
95,2026-09-21,795
95,2026-09-21,810
95,2026-09-21,825
95,2026-09-21,840
95,2026-09-21,855
95,2026-09-21,870
95,2026-09-21,885
95,2026-09-21,900
95,2026-09-21,915
95,2026-09-21,930
95,2026-09-21,945
95,2026-09-21,960
95,2026-09-21,975
95,2026-09-21,990
95,2026-09-21,1005
95,2026-09-21,1020
95,2026-09-21,1035
95,2026-09-21,1050
95,2026-09-21,1065
95,2026-09-21,1080
95,2026-09-21,1095
95,2026-09-21,1110
95,2026-09-21,1125
95,2026-09-21,1140
95,2026-09-21,1155
95,2026-09-21,1170
95,2026-09-21,1185
95,2026-09-21,1200
95,2026-09-21,1215
95,2026-09-21,1230
95,2026-09-21,1245
95,2026-09-21,1260
95,2026-09-21,1275
95,2026-09-21,1290
95,2026-09-21,1305
95,2026-09-21,1320
95,2026-09-21,1335
95,2026-09-21,1350
95,2026-09-21,1365
95,2026-09-21,1380
95,2026-09-21,1395
95,2026-09-21,1410
95,2026-09-21,1425
96,2026-09-21,0
96,2026-09-21,15
96,2026-09-21,30
96,2026-09-21,45
96,2026-09-21,60
96,2026-09-21,75
96,2026-09-21,90
96,2026-09-21,105
96,2026-09-21,120
96,2026-09-21,135
96,2026-09-21,150
96,2026-09-21,165
96,2026-09-21,180
96,2026-09-21,195
96,2026-09-21,210
96,2026-09-21,225
96,2026-09-21,240
96,2026-09-21,255
96,2026-09-21,270
96,2026-09-21,285
96,2026-09-21,300
96,2026-09-21,315
96,2026-09-21,330
96,2026-09-21,345
96,2026-09-21,360
96,2026-09-21,375
96,2026-09-21,390
96,2026-09-21,405
96,2026-09-21,420
96,2026-09-21,435
96,2026-09-21,450
96,2026-09-21,465
96,2026-09-21,480
96,2026-09-21,495
96,2026-09-21,510
96,2026-09-21,525
96,2026-09-21,540
96,2026-09-21,555
96,2026-09-21,570
96,2026-09-21,585
96,2026-09-21,600
96,2026-09-21,615
96,2026-09-21,630
96,2026-09-21,645
96,2026-09-21,660
96,2026-09-21,675
96,2026-09-21,690
96,2026-09-21,705
96,2026-09-21,720
96,2026-09-21,735
96,2026-09-21,750
96,2026-09-21,765
96,2026-09-21,780
96,2026-09-21,795
96,2026-09-21,810
96,2026-09-21,825
96,2026-09-21,840
96,2026-09-21,855
96,2026-09-21,870
96,2026-09-21,885
96,2026-09-21,900
96,2026-09-21,915
96,2026-09-21,930
96,2026-09-21,945
96,2026-09-21,960
96,2026-09-21,975
96,2026-09-21,990
96,2026-09-21,1005
96,2026-09-21,1020
96,2026-09-21,1035
96,2026-09-21,1050
96,2026-09-21,1065
96,2026-09-21,1080
96,2026-09-21,1095
96,2026-09-21,1110
96,2026-09-21,1125
96,2026-09-21,1140
96,2026-09-21,1155
96,2026-09-21,1170
96,2026-09-21,1185
96,2026-09-21,1200
96,2026-09-21,1215
96,2026-09-21,1230
96,2026-09-21,1245
96,2026-09-21,1260
96,2026-09-21,1275
96,2026-09-21,1290
96,2026-09-21,1305
96,2026-09-21,1320
96,2026-09-21,1335
96,2026-09-21,1350
96,2026-09-21,1365
96,2026-09-21,1380
96,2026-09-21,1395
96,2026-09-21,1410
96,2026-09-21,1425
97,2026-09-21,0
97,2026-09-21,15
97,2026-09-21,30
97,2026-09-21,45
97,2026-09-21,60
97,2026-09-21,75
97,2026-09-21,90
97,2026-09-21,105
97,2026-09-21,120
97,2026-09-21,135
97,2026-09-21,150
97,2026-09-21,165
97,2026-09-21,180
97,2026-09-21,195
97,2026-09-21,210
97,2026-09-21,225
97,2026-09-21,240
97,2026-09-21,255
97,2026-09-21,270
97,2026-09-21,285
97,2026-09-21,300
97,2026-09-21,315
97,2026-09-21,330
97,2026-09-21,345
97,2026-09-21,360
97,2026-09-21,375
97,2026-09-21,390
97,2026-09-21,405
97,2026-09-21,420
97,2026-09-21,435
97,2026-09-21,450
97,2026-09-21,465
97,2026-09-21,480
97,2026-09-21,495
97,2026-09-21,510
97,2026-09-21,525
97,2026-09-21,540
97,2026-09-21,555
97,2026-09-21,570
97,2026-09-21,585
97,2026-09-21,600
97,2026-09-21,615
97,2026-09-21,630
97,2026-09-21,645
97,2026-09-21,660
97,2026-09-21,675
97,2026-09-21,690
97,2026-09-21,705
97,2026-09-21,720
97,2026-09-21,735
97,2026-09-21,750
97,2026-09-21,765
97,2026-09-21,780
97,2026-09-21,795
97,2026-09-21,810
97,2026-09-21,825
97,2026-09-21,840
97,2026-09-21,855
97,2026-09-21,870
97,2026-09-21,885
97,2026-09-21,900
97,2026-09-21,915
97,2026-09-21,930
97,2026-09-21,945
97,2026-09-21,960
97,2026-09-21,975
97,2026-09-21,990
97,2026-09-21,1005
97,2026-09-21,1020
97,2026-09-21,1035
97,2026-09-21,1050
97,2026-09-21,1065
97,2026-09-21,1080
97,2026-09-21,1095
97,2026-09-21,1110
97,2026-09-21,1125
97,2026-09-21,1140
97,2026-09-21,1155
97,2026-09-21,1170
97,2026-09-21,1185
97,2026-09-21,1200
97,2026-09-21,1215
97,2026-09-21,1230
97,2026-09-21,1245
97,2026-09-21,1260
97,2026-09-21,1275
97,2026-09-21,1290
97,2026-09-21,1305
97,2026-09-21,1320
97,2026-09-21,1335
97,2026-09-21,1350
97,2026-09-21,1365
97,2026-09-21,1380
97,2026-09-21,1395
97,2026-09-21,1410
97,2026-09-21,1425
98,2026-09-21,0
98,2026-09-21,15
98,2026-09-21,30
98,2026-09-21,45
98,2026-09-21,60
98,2026-09-21,75
98,2026-09-21,90
98,2026-09-21,105
98,2026-09-21,120
98,2026-09-21,135
98,2026-09-21,150
98,2026-09-21,165
98,2026-09-21,180
98,2026-09-21,195
98,2026-09-21,210
98,2026-09-21,225
98,2026-09-21,240
98,2026-09-21,255
98,2026-09-21,270
98,2026-09-21,285
98,2026-09-21,300
98,2026-09-21,315
98,2026-09-21,330
98,2026-09-21,345
98,2026-09-21,360
98,2026-09-21,375
98,2026-09-21,390
98,2026-09-21,405
98,2026-09-21,420
98,2026-09-21,435
98,2026-09-21,450
98,2026-09-21,465
98,2026-09-21,480
98,2026-09-21,495
98,2026-09-21,510
98,2026-09-21,525
98,2026-09-21,540
98,2026-09-21,555
98,2026-09-21,570
98,2026-09-21,585
98,2026-09-21,600
98,2026-09-21,615
98,2026-09-21,630
98,2026-09-21,645
98,2026-09-21,660
98,2026-09-21,675
98,2026-09-21,690
98,2026-09-21,705
98,2026-09-21,720
98,2026-09-21,735
98,2026-09-21,750
98,2026-09-21,765
98,2026-09-21,780
98,2026-09-21,795
98,2026-09-21,810
98,2026-09-21,825
98,2026-09-21,840
98,2026-09-21,855
98,2026-09-21,870
98,2026-09-21,885
98,2026-09-21,900
98,2026-09-21,915
98,2026-09-21,930
98,2026-09-21,945
98,2026-09-21,960
98,2026-09-21,975
98,2026-09-21,990
98,2026-09-21,1005
98,2026-09-21,1020
98,2026-09-21,1035
98,2026-09-21,1050
98,2026-09-21,1065
98,2026-09-21,1080
98,2026-09-21,1095
98,2026-09-21,1110
98,2026-09-21,1125
98,2026-09-21,1140
98,2026-09-21,1155
98,2026-09-21,1170
98,2026-09-21,1185
98,2026-09-21,1200
98,2026-09-21,1215
98,2026-09-21,1230
98,2026-09-21,1245
98,2026-09-21,1260
98,2026-09-21,1275
98,2026-09-21,1290
98,2026-09-21,1305
98,2026-09-21,1320
98,2026-09-21,1335
98,2026-09-21,1350
98,2026-09-21,1365
98,2026-09-21,1380
98,2026-09-21,1395
98,2026-09-21,1410
98,2026-09-21,1425
99,2026-09-21,0
99,2026-09-21,15
99,2026-09-21,30
99,2026-09-21,45
99,2026-09-21,60
99,2026-09-21,75
99,2026-09-21,90
99,2026-09-21,105
99,2026-09-21,120
99,2026-09-21,135
99,2026-09-21,150
99,2026-09-21,165
99,2026-09-21,180
99,2026-09-21,195
99,2026-09-21,210
99,2026-09-21,225
99,2026-09-21,240
99,2026-09-21,255
99,2026-09-21,270
99,2026-09-21,285
99,2026-09-21,300
99,2026-09-21,315
99,2026-09-21,330
99,2026-09-21,345
99,2026-09-21,360
99,2026-09-21,375
99,2026-09-21,390
99,2026-09-21,405
99,2026-09-21,420
99,2026-09-21,435
99,2026-09-21,450
99,2026-09-21,465
99,2026-09-21,480
99,2026-09-21,495
99,2026-09-21,510
99,2026-09-21,525
99,2026-09-21,540
99,2026-09-21,555
99,2026-09-21,570
99,2026-09-21,585
99,2026-09-21,600
99,2026-09-21,615
99,2026-09-21,630
99,2026-09-21,645
99,2026-09-21,660
99,2026-09-21,675
99,2026-09-21,690
99,2026-09-21,705
99,2026-09-21,720
99,2026-09-21,735
99,2026-09-21,750
99,2026-09-21,765
99,2026-09-21,780
99,2026-09-21,795
99,2026-09-21,810
99,2026-09-21,825
99,2026-09-21,840
99,2026-09-21,855
99,2026-09-21,870
99,2026-09-21,885
99,2026-09-21,900
99,2026-09-21,915
99,2026-09-21,930
99,2026-09-21,945
99,2026-09-21,960
99,2026-09-21,975
99,2026-09-21,990
99,2026-09-21,1005
99,2026-09-21,1020
99,2026-09-21,1035
99,2026-09-21,1050
99,2026-09-21,1065
99,2026-09-21,1080
99,2026-09-21,1095
99,2026-09-21,1110
99,2026-09-21,1125
99,2026-09-21,1140
99,2026-09-21,1155
99,2026-09-21,1170
99,2026-09-21,1185
99,2026-09-21,1200
99,2026-09-21,1215
99,2026-09-21,1230
99,2026-09-21,1245
99,2026-09-21,1260
99,2026-09-21,1275
99,2026-09-21,1290
99,2026-09-21,1305
99,2026-09-21,1320
99,2026-09-21,1335
99,2026-09-21,1350
99,2026-09-21,1365
99,2026-09-21,1380
99,2026-09-21,1395
99,2026-09-21,1410
99,2026-09-21,1425
100,2026-09-21,0
100,2026-09-21,15
100,2026-09-21,30
100,2026-09-21,45
100,2026-09-21,60
100,2026-09-21,75
100,2026-09-21,90
100,2026-09-21,105
100,2026-09-21,120
100,2026-09-21,135
100,2026-09-21,150
100,2026-09-21,165
100,2026-09-21,180
100,2026-09-21,195
100,2026-09-21,210
100,2026-09-21,225
100,2026-09-21,240
100,2026-09-21,255
100,2026-09-21,270
100,2026-09-21,285
100,2026-09-21,300
100,2026-09-21,315
100,2026-09-21,330
100,2026-09-21,345
100,2026-09-21,360
100,2026-09-21,375
100,2026-09-21,390
100,2026-09-21,405
100,2026-09-21,420
100,2026-09-21,435
100,2026-09-21,450
100,2026-09-21,465
100,2026-09-21,480
100,2026-09-21,495
100,2026-09-21,510
100,2026-09-21,525
100,2026-09-21,540
100,2026-09-21,555
100,2026-09-21,570
100,2026-09-21,585
100,2026-09-21,600
100,2026-09-21,615
100,2026-09-21,630
100,2026-09-21,645
100,2026-09-21,660
100,2026-09-21,675
100,2026-09-21,690
100,2026-09-21,705
100,2026-09-21,720
100,2026-09-21,735
100,2026-09-21,750
100,2026-09-21,765
100,2026-09-21,780
100,2026-09-21,795
100,2026-09-21,810
100,2026-09-21,825
100,2026-09-21,840
100,2026-09-21,855
100,2026-09-21,870
100,2026-09-21,885
100,2026-09-21,900
100,2026-09-21,915
100,2026-09-21,930
100,2026-09-21,945
100,2026-09-21,960
100,2026-09-21,975
100,2026-09-21,990
100,2026-09-21,1005
100,2026-09-21,1020
100,2026-09-21,1035
100,2026-09-21,1050
100,2026-09-21,1065
100,2026-09-21,1080
100,2026-09-21,1095
100,2026-09-21,1110
100,2026-09-21,1125
100,2026-09-21,1140
100,2026-09-21,1155
100,2026-09-21,1170
100,2026-09-21,1185
100,2026-09-21,1200
100,2026-09-21,1215
100,2026-09-21,1230
100,2026-09-21,1245
100,2026-09-21,1260
100,2026-09-21,1275
100,2026-09-21,1290
100,2026-09-21,1305
100,2026-09-21,1320
100,2026-09-21,1335
100,2026-09-21,1350
100,2026-09-21,1365
100,2026-09-21,1380
100,2026-09-21,1395
100,2026-09-21,1410
100,2026-09-21,1425
101,2026-09-21,0
101,2026-09-21,15
101,2026-09-21,30
101,2026-09-21,45
101,2026-09-21,60
101,2026-09-21,75
101,2026-09-21,90
101,2026-09-21,105
101,2026-09-21,120
101,2026-09-21,135
101,2026-09-21,150
101,2026-09-21,165
101,2026-09-21,180
101,2026-09-21,195
101,2026-09-21,210
101,2026-09-21,225
101,2026-09-21,240
101,2026-09-21,255
101,2026-09-21,270
101,2026-09-21,285
101,2026-09-21,300
101,2026-09-21,315
101,2026-09-21,330
101,2026-09-21,345
101,2026-09-21,360
101,2026-09-21,375
101,2026-09-21,390
101,2026-09-21,405
101,2026-09-21,420
101,2026-09-21,435
101,2026-09-21,450
101,2026-09-21,465
101,2026-09-21,480
101,2026-09-21,495
101,2026-09-21,510
101,2026-09-21,525
101,2026-09-21,540
101,2026-09-21,555
101,2026-09-21,570
101,2026-09-21,585
101,2026-09-21,600
101,2026-09-21,615
101,2026-09-21,630
101,2026-09-21,645
101,2026-09-21,660
101,2026-09-21,675
101,2026-09-21,690
101,2026-09-21,705
101,2026-09-21,720
101,2026-09-21,735
101,2026-09-21,750
101,2026-09-21,765
101,2026-09-21,780
101,2026-09-21,795
101,2026-09-21,810
101,2026-09-21,825
101,2026-09-21,840
101,2026-09-21,855
101,2026-09-21,870
101,2026-09-21,885
101,2026-09-21,900
101,2026-09-21,915
101,2026-09-21,930
101,2026-09-21,945
101,2026-09-21,960
101,2026-09-21,975
101,2026-09-21,990
101,2026-09-21,1005
101,2026-09-21,1020
101,2026-09-21,1035
101,2026-09-21,1050
101,2026-09-21,1065
101,2026-09-21,1080
101,2026-09-21,1095
101,2026-09-21,1110
101,2026-09-21,1125
101,2026-09-21,1140
101,2026-09-21,1155
101,2026-09-21,1170
101,2026-09-21,1185
101,2026-09-21,1200
101,2026-09-21,1215
101,2026-09-21,1230
101,2026-09-21,1245
101,2026-09-21,1260
101,2026-09-21,1275
101,2026-09-21,1290
101,2026-09-21,1305
101,2026-09-21,1320
101,2026-09-21,1335
101,2026-09-21,1350
101,2026-09-21,1365
101,2026-09-21,1380
101,2026-09-21,1395
101,2026-09-21,1410
101,2026-09-21,1425
102,2026-09-21,0
102,2026-09-21,15
102,2026-09-21,30
102,2026-09-21,45
102,2026-09-21,60
102,2026-09-21,75
102,2026-09-21,90
102,2026-09-21,105
102,2026-09-21,120
102,2026-09-21,135
102,2026-09-21,150
102,2026-09-21,165
102,2026-09-21,180
102,2026-09-21,195
102,2026-09-21,210
102,2026-09-21,225
102,2026-09-21,240
102,2026-09-21,255
102,2026-09-21,270
102,2026-09-21,285
102,2026-09-21,300
102,2026-09-21,315
102,2026-09-21,330
102,2026-09-21,345
102,2026-09-21,360
102,2026-09-21,375
102,2026-09-21,390
102,2026-09-21,405
102,2026-09-21,420
102,2026-09-21,435
102,2026-09-21,450
102,2026-09-21,465
102,2026-09-21,480
102,2026-09-21,495
102,2026-09-21,510
102,2026-09-21,525
102,2026-09-21,540
102,2026-09-21,555
102,2026-09-21,570
102,2026-09-21,585
102,2026-09-21,600
102,2026-09-21,615
102,2026-09-21,630
102,2026-09-21,645
102,2026-09-21,660
102,2026-09-21,675
102,2026-09-21,690
102,2026-09-21,705
102,2026-09-21,720
102,2026-09-21,735
102,2026-09-21,750
102,2026-09-21,765
102,2026-09-21,780
102,2026-09-21,795
102,2026-09-21,810
102,2026-09-21,825
102,2026-09-21,840
102,2026-09-21,855
102,2026-09-21,870
102,2026-09-21,885
102,2026-09-21,900
102,2026-09-21,915
102,2026-09-21,930
102,2026-09-21,945
102,2026-09-21,960
102,2026-09-21,975
102,2026-09-21,990
102,2026-09-21,1005
102,2026-09-21,1020
102,2026-09-21,1035
102,2026-09-21,1050
102,2026-09-21,1065
102,2026-09-21,1080
102,2026-09-21,1095
102,2026-09-21,1110
102,2026-09-21,1125
102,2026-09-21,1140
102,2026-09-21,1155
102,2026-09-21,1170
102,2026-09-21,1185
102,2026-09-21,1200
102,2026-09-21,1215
102,2026-09-21,1230
102,2026-09-21,1245
102,2026-09-21,1260
102,2026-09-21,1275
102,2026-09-21,1290
102,2026-09-21,1305
102,2026-09-21,1320
102,2026-09-21,1335
102,2026-09-21,1350
102,2026-09-21,1365
102,2026-09-21,1380
102,2026-09-21,1395
102,2026-09-21,1410
102,2026-09-21,1425
103,2026-09-21,0
103,2026-09-21,15
103,2026-09-21,30
103,2026-09-21,45
103,2026-09-21,60
103,2026-09-21,75
103,2026-09-21,90
103,2026-09-21,105
103,2026-09-21,120
103,2026-09-21,135
103,2026-09-21,150
103,2026-09-21,165
103,2026-09-21,180
103,2026-09-21,195
103,2026-09-21,210
103,2026-09-21,225
103,2026-09-21,240
103,2026-09-21,255
103,2026-09-21,270
103,2026-09-21,285
103,2026-09-21,300
103,2026-09-21,315
103,2026-09-21,330
103,2026-09-21,345
103,2026-09-21,360
103,2026-09-21,375
103,2026-09-21,390
103,2026-09-21,405
103,2026-09-21,420
103,2026-09-21,435
103,2026-09-21,450
103,2026-09-21,465
103,2026-09-21,480
103,2026-09-21,495
103,2026-09-21,510
103,2026-09-21,525
103,2026-09-21,540
103,2026-09-21,555
103,2026-09-21,570
103,2026-09-21,585
103,2026-09-21,600
103,2026-09-21,615
103,2026-09-21,630
103,2026-09-21,645
103,2026-09-21,660
103,2026-09-21,675
103,2026-09-21,690
103,2026-09-21,705
103,2026-09-21,720
103,2026-09-21,735
103,2026-09-21,750
103,2026-09-21,765
103,2026-09-21,780
103,2026-09-21,795
103,2026-09-21,810
103,2026-09-21,825
103,2026-09-21,840
103,2026-09-21,855
103,2026-09-21,870
103,2026-09-21,885
103,2026-09-21,900
103,2026-09-21,915
103,2026-09-21,930
103,2026-09-21,945
103,2026-09-21,960
103,2026-09-21,975
103,2026-09-21,990
103,2026-09-21,1005
103,2026-09-21,1020
103,2026-09-21,1035
103,2026-09-21,1050
103,2026-09-21,1065
103,2026-09-21,1080
103,2026-09-21,1095
103,2026-09-21,1110
103,2026-09-21,1125
103,2026-09-21,1140
103,2026-09-21,1155
103,2026-09-21,1170
103,2026-09-21,1185
103,2026-09-21,1200
103,2026-09-21,1215
103,2026-09-21,1230
103,2026-09-21,1245
103,2026-09-21,1260
103,2026-09-21,1275
103,2026-09-21,1290
103,2026-09-21,1305
103,2026-09-21,1320
103,2026-09-21,1335
103,2026-09-21,1350
103,2026-09-21,1365
103,2026-09-21,1380
103,2026-09-21,1395
103,2026-09-21,1410
103,2026-09-21,1425
104,2026-09-21,0
104,2026-09-21,15
104,2026-09-21,30
104,2026-09-21,45
104,2026-09-21,60
104,2026-09-21,75
104,2026-09-21,90
104,2026-09-21,105
104,2026-09-21,120
104,2026-09-21,135
104,2026-09-21,150
104,2026-09-21,165
104,2026-09-21,180
104,2026-09-21,195
104,2026-09-21,210
104,2026-09-21,225
104,2026-09-21,240
104,2026-09-21,255
104,2026-09-21,270
104,2026-09-21,285
104,2026-09-21,300
104,2026-09-21,315
104,2026-09-21,330
104,2026-09-21,345
104,2026-09-21,360
104,2026-09-21,375
104,2026-09-21,390
104,2026-09-21,405
104,2026-09-21,420
104,2026-09-21,435
104,2026-09-21,450
104,2026-09-21,465
104,2026-09-21,480
104,2026-09-21,495
104,2026-09-21,510
104,2026-09-21,525
104,2026-09-21,540
104,2026-09-21,555
104,2026-09-21,570
104,2026-09-21,585
104,2026-09-21,600
104,2026-09-21,615
104,2026-09-21,630
104,2026-09-21,645
104,2026-09-21,660
104,2026-09-21,675
104,2026-09-21,690
104,2026-09-21,705
104,2026-09-21,720
104,2026-09-21,735
104,2026-09-21,750
104,2026-09-21,765
104,2026-09-21,780
104,2026-09-21,795
104,2026-09-21,810
104,2026-09-21,825
104,2026-09-21,840
104,2026-09-21,855
104,2026-09-21,870
104,2026-09-21,885
104,2026-09-21,900
104,2026-09-21,915
104,2026-09-21,930
104,2026-09-21,945
104,2026-09-21,960
104,2026-09-21,975
104,2026-09-21,990
104,2026-09-21,1005
104,2026-09-21,1020
104,2026-09-21,1035
104,2026-09-21,1050
104,2026-09-21,1065
104,2026-09-21,1080
104,2026-09-21,1095
104,2026-09-21,1110
104,2026-09-21,1125
104,2026-09-21,1140
104,2026-09-21,1155
104,2026-09-21,1170
104,2026-09-21,1185
104,2026-09-21,1200
104,2026-09-21,1215
104,2026-09-21,1230
104,2026-09-21,1245
104,2026-09-21,1260
104,2026-09-21,1275
104,2026-09-21,1290
104,2026-09-21,1305
104,2026-09-21,1320
104,2026-09-21,1335
104,2026-09-21,1350
104,2026-09-21,1365
104,2026-09-21,1380
104,2026-09-21,1395
104,2026-09-21,1410
104,2026-09-21,1425
105,2026-09-21,0
105,2026-09-21,15
105,2026-09-21,30
105,2026-09-21,45
105,2026-09-21,60
105,2026-09-21,75
105,2026-09-21,90
105,2026-09-21,105
105,2026-09-21,120
105,2026-09-21,135
105,2026-09-21,150
105,2026-09-21,165
105,2026-09-21,180
105,2026-09-21,195
105,2026-09-21,210
105,2026-09-21,225
105,2026-09-21,240
105,2026-09-21,255
105,2026-09-21,270
105,2026-09-21,285
105,2026-09-21,300
105,2026-09-21,315
105,2026-09-21,330
105,2026-09-21,345
105,2026-09-21,360
105,2026-09-21,375
105,2026-09-21,390
105,2026-09-21,405
105,2026-09-21,420
105,2026-09-21,435
105,2026-09-21,450
105,2026-09-21,465
105,2026-09-21,480
105,2026-09-21,495
105,2026-09-21,510
105,2026-09-21,525
105,2026-09-21,540
105,2026-09-21,555
105,2026-09-21,570
105,2026-09-21,585
105,2026-09-21,600
105,2026-09-21,615
105,2026-09-21,630
105,2026-09-21,645
105,2026-09-21,660
105,2026-09-21,675
105,2026-09-21,690
105,2026-09-21,705
105,2026-09-21,720
105,2026-09-21,735
105,2026-09-21,750
105,2026-09-21,765
105,2026-09-21,780
105,2026-09-21,795
105,2026-09-21,810
105,2026-09-21,825
105,2026-09-21,840
105,2026-09-21,855
105,2026-09-21,870
105,2026-09-21,885
105,2026-09-21,900
105,2026-09-21,915
105,2026-09-21,930
105,2026-09-21,945
105,2026-09-21,960
105,2026-09-21,975
105,2026-09-21,990
105,2026-09-21,1005
105,2026-09-21,1020
105,2026-09-21,1035
105,2026-09-21,1050
105,2026-09-21,1065
105,2026-09-21,1080
105,2026-09-21,1095
105,2026-09-21,1110
105,2026-09-21,1125
105,2026-09-21,1140
105,2026-09-21,1155
105,2026-09-21,1170
105,2026-09-21,1185
105,2026-09-21,1200
105,2026-09-21,1215
105,2026-09-21,1230
105,2026-09-21,1245
105,2026-09-21,1260
105,2026-09-21,1275
105,2026-09-21,1290
105,2026-09-21,1305
105,2026-09-21,1320
105,2026-09-21,1335
105,2026-09-21,1350
105,2026-09-21,1365
105,2026-09-21,1380
105,2026-09-21,1395
105,2026-09-21,1410
105,2026-09-21,1425
106,2026-09-21,0
106,2026-09-21,15
106,2026-09-21,30
106,2026-09-21,45
106,2026-09-21,60
106,2026-09-21,75
106,2026-09-21,90
106,2026-09-21,105
106,2026-09-21,120
106,2026-09-21,135
106,2026-09-21,150
106,2026-09-21,165
106,2026-09-21,180
106,2026-09-21,195
106,2026-09-21,210
106,2026-09-21,225
106,2026-09-21,240
106,2026-09-21,255
106,2026-09-21,270
106,2026-09-21,285
106,2026-09-21,300
106,2026-09-21,315
106,2026-09-21,330
106,2026-09-21,345
106,2026-09-21,360
106,2026-09-21,375
106,2026-09-21,390
106,2026-09-21,405
106,2026-09-21,420
106,2026-09-21,435
106,2026-09-21,450
106,2026-09-21,465
106,2026-09-21,480
106,2026-09-21,495
106,2026-09-21,510
106,2026-09-21,525
106,2026-09-21,540
106,2026-09-21,555
106,2026-09-21,570
106,2026-09-21,585
106,2026-09-21,600
106,2026-09-21,615
106,2026-09-21,630
106,2026-09-21,645
106,2026-09-21,660
106,2026-09-21,675
106,2026-09-21,690
106,2026-09-21,705
106,2026-09-21,720
106,2026-09-21,735
106,2026-09-21,750
106,2026-09-21,765
106,2026-09-21,780
106,2026-09-21,795
106,2026-09-21,810
106,2026-09-21,825
106,2026-09-21,840
106,2026-09-21,855
106,2026-09-21,870
106,2026-09-21,885
106,2026-09-21,900
106,2026-09-21,915
106,2026-09-21,930
106,2026-09-21,945
106,2026-09-21,960
106,2026-09-21,975
106,2026-09-21,990
106,2026-09-21,1005
106,2026-09-21,1020
106,2026-09-21,1035
106,2026-09-21,1050
106,2026-09-21,1065
106,2026-09-21,1080
106,2026-09-21,1095
106,2026-09-21,1110
106,2026-09-21,1125
106,2026-09-21,1140
106,2026-09-21,1155
106,2026-09-21,1170
106,2026-09-21,1185
106,2026-09-21,1200
106,2026-09-21,1215
106,2026-09-21,1230
106,2026-09-21,1245
106,2026-09-21,1260
106,2026-09-21,1275
106,2026-09-21,1290
106,2026-09-21,1305
106,2026-09-21,1320
106,2026-09-21,1335
106,2026-09-21,1350
106,2026-09-21,1365
106,2026-09-21,1380
106,2026-09-21,1395
106,2026-09-21,1410
106,2026-09-21,1425
107,2026-09-21,0
107,2026-09-21,15
107,2026-09-21,30
107,2026-09-21,45
107,2026-09-21,60
107,2026-09-21,75
107,2026-09-21,90
107,2026-09-21,105
107,2026-09-21,120
107,2026-09-21,135
107,2026-09-21,150
107,2026-09-21,165
107,2026-09-21,180
107,2026-09-21,195
107,2026-09-21,210
107,2026-09-21,225
107,2026-09-21,240
107,2026-09-21,255
107,2026-09-21,270
107,2026-09-21,285
107,2026-09-21,300
107,2026-09-21,315
107,2026-09-21,330
107,2026-09-21,345
107,2026-09-21,360
107,2026-09-21,375
107,2026-09-21,390
107,2026-09-21,405
107,2026-09-21,420
107,2026-09-21,435
107,2026-09-21,450
107,2026-09-21,465
107,2026-09-21,480
107,2026-09-21,495
107,2026-09-21,510
107,2026-09-21,525
107,2026-09-21,540
107,2026-09-21,555
107,2026-09-21,570
107,2026-09-21,585
107,2026-09-21,600
107,2026-09-21,615
107,2026-09-21,630
107,2026-09-21,645
107,2026-09-21,660
107,2026-09-21,675
107,2026-09-21,690
107,2026-09-21,705
107,2026-09-21,720
107,2026-09-21,735
107,2026-09-21,750
107,2026-09-21,765
107,2026-09-21,780
107,2026-09-21,795
107,2026-09-21,810
107,2026-09-21,825
107,2026-09-21,840
107,2026-09-21,855
107,2026-09-21,870
107,2026-09-21,885
107,2026-09-21,900
107,2026-09-21,915
107,2026-09-21,930
107,2026-09-21,945
107,2026-09-21,960
107,2026-09-21,975
107,2026-09-21,990
107,2026-09-21,1005
107,2026-09-21,1020
107,2026-09-21,1035
107,2026-09-21,1050
107,2026-09-21,1065
107,2026-09-21,1080
107,2026-09-21,1095
107,2026-09-21,1110
107,2026-09-21,1125
107,2026-09-21,1140
107,2026-09-21,1155
107,2026-09-21,1170
107,2026-09-21,1185
107,2026-09-21,1200
107,2026-09-21,1215
107,2026-09-21,1230
107,2026-09-21,1245
107,2026-09-21,1260
107,2026-09-21,1275
107,2026-09-21,1290
107,2026-09-21,1305
107,2026-09-21,1320
107,2026-09-21,1335
107,2026-09-21,1350
107,2026-09-21,1365
107,2026-09-21,1380
107,2026-09-21,1395
107,2026-09-21,1410
107,2026-09-21,1425
108,2026-09-21,0
108,2026-09-21,15
108,2026-09-21,30
108,2026-09-21,45
108,2026-09-21,60
108,2026-09-21,75
108,2026-09-21,90
108,2026-09-21,105
108,2026-09-21,120
108,2026-09-21,135
108,2026-09-21,150
108,2026-09-21,165
108,2026-09-21,180
108,2026-09-21,195
108,2026-09-21,210
108,2026-09-21,225
108,2026-09-21,240
108,2026-09-21,255
108,2026-09-21,270
108,2026-09-21,285
108,2026-09-21,300
108,2026-09-21,315
108,2026-09-21,330
108,2026-09-21,345
108,2026-09-21,360
108,2026-09-21,375
108,2026-09-21,390
108,2026-09-21,405
108,2026-09-21,420
108,2026-09-21,435
108,2026-09-21,450
108,2026-09-21,465
108,2026-09-21,480
108,2026-09-21,495
108,2026-09-21,510
108,2026-09-21,525
108,2026-09-21,540
108,2026-09-21,555
108,2026-09-21,570
108,2026-09-21,585
108,2026-09-21,600
108,2026-09-21,615
108,2026-09-21,630
108,2026-09-21,645
108,2026-09-21,660
108,2026-09-21,675
108,2026-09-21,690
108,2026-09-21,705
108,2026-09-21,720
108,2026-09-21,735
108,2026-09-21,750
108,2026-09-21,765
108,2026-09-21,780
108,2026-09-21,795
108,2026-09-21,810
108,2026-09-21,825
108,2026-09-21,840
108,2026-09-21,855
108,2026-09-21,870
108,2026-09-21,885
108,2026-09-21,900
108,2026-09-21,915
108,2026-09-21,930
108,2026-09-21,945
108,2026-09-21,960
108,2026-09-21,975
108,2026-09-21,990
108,2026-09-21,1005
108,2026-09-21,1020
108,2026-09-21,1035
108,2026-09-21,1050
108,2026-09-21,1065
108,2026-09-21,1080
108,2026-09-21,1095
108,2026-09-21,1110
108,2026-09-21,1125
108,2026-09-21,1140
108,2026-09-21,1155
108,2026-09-21,1170
108,2026-09-21,1185
108,2026-09-21,1200
108,2026-09-21,1215
108,2026-09-21,1230
108,2026-09-21,1245
108,2026-09-21,1260
108,2026-09-21,1275
108,2026-09-21,1290
108,2026-09-21,1305
108,2026-09-21,1320
108,2026-09-21,1335
108,2026-09-21,1350
108,2026-09-21,1365
108,2026-09-21,1380
108,2026-09-21,1395
108,2026-09-21,1410
108,2026-09-21,1425
109,2026-09-21,0
109,2026-09-21,15
109,2026-09-21,30
109,2026-09-21,45
109,2026-09-21,60
109,2026-09-21,75
109,2026-09-21,90
109,2026-09-21,105
109,2026-09-21,120
109,2026-09-21,135
109,2026-09-21,150
109,2026-09-21,165
109,2026-09-21,180
109,2026-09-21,195
109,2026-09-21,210
109,2026-09-21,225
109,2026-09-21,240
109,2026-09-21,255
109,2026-09-21,270
109,2026-09-21,285
109,2026-09-21,300
109,2026-09-21,315
109,2026-09-21,330
109,2026-09-21,345
109,2026-09-21,360
109,2026-09-21,375
109,2026-09-21,390
109,2026-09-21,405
109,2026-09-21,420
109,2026-09-21,435
109,2026-09-21,450
109,2026-09-21,465
109,2026-09-21,480
109,2026-09-21,495
109,2026-09-21,510
109,2026-09-21,525
109,2026-09-21,540
109,2026-09-21,555
109,2026-09-21,570
109,2026-09-21,585
109,2026-09-21,600
109,2026-09-21,615
109,2026-09-21,630
109,2026-09-21,645
109,2026-09-21,660
109,2026-09-21,675
109,2026-09-21,690
109,2026-09-21,705
109,2026-09-21,720
109,2026-09-21,735
109,2026-09-21,750
109,2026-09-21,765
109,2026-09-21,780
109,2026-09-21,795
109,2026-09-21,810
109,2026-09-21,825
109,2026-09-21,840
109,2026-09-21,855
109,2026-09-21,870
109,2026-09-21,885
109,2026-09-21,900
109,2026-09-21,915
109,2026-09-21,930
109,2026-09-21,945
109,2026-09-21,960
109,2026-09-21,975
109,2026-09-21,990
109,2026-09-21,1005
109,2026-09-21,1020
109,2026-09-21,1035
109,2026-09-21,1050
109,2026-09-21,1065
109,2026-09-21,1080
109,2026-09-21,1095
109,2026-09-21,1110
109,2026-09-21,1125
109,2026-09-21,1140
109,2026-09-21,1155
109,2026-09-21,1170
109,2026-09-21,1185
109,2026-09-21,1200
109,2026-09-21,1215
109,2026-09-21,1230
109,2026-09-21,1245
109,2026-09-21,1260
109,2026-09-21,1275
109,2026-09-21,1290
109,2026-09-21,1305
109,2026-09-21,1320
109,2026-09-21,1335
109,2026-09-21,1350
109,2026-09-21,1365
109,2026-09-21,1380
109,2026-09-21,1395
109,2026-09-21,1410
109,2026-09-21,1425
110,2026-09-21,0
110,2026-09-21,15
110,2026-09-21,30
110,2026-09-21,45
110,2026-09-21,60
110,2026-09-21,75
110,2026-09-21,90
110,2026-09-21,105
110,2026-09-21,120
110,2026-09-21,135
110,2026-09-21,150
110,2026-09-21,165
110,2026-09-21,180
110,2026-09-21,195
110,2026-09-21,210
110,2026-09-21,225
110,2026-09-21,240
110,2026-09-21,255
110,2026-09-21,270
110,2026-09-21,285
110,2026-09-21,300
110,2026-09-21,315
110,2026-09-21,330
110,2026-09-21,345
110,2026-09-21,360
110,2026-09-21,375
110,2026-09-21,390
110,2026-09-21,405
110,2026-09-21,420
110,2026-09-21,435
110,2026-09-21,450
110,2026-09-21,465
110,2026-09-21,480
110,2026-09-21,495
110,2026-09-21,510
110,2026-09-21,525
110,2026-09-21,540
110,2026-09-21,555
110,2026-09-21,570
110,2026-09-21,585
110,2026-09-21,600
110,2026-09-21,615
110,2026-09-21,630
110,2026-09-21,645
110,2026-09-21,660
110,2026-09-21,675
110,2026-09-21,690
110,2026-09-21,705
110,2026-09-21,720
110,2026-09-21,735
110,2026-09-21,750
110,2026-09-21,765
110,2026-09-21,780
110,2026-09-21,795
110,2026-09-21,810
110,2026-09-21,825
110,2026-09-21,840
110,2026-09-21,855
110,2026-09-21,870
110,2026-09-21,885
110,2026-09-21,900
110,2026-09-21,915
110,2026-09-21,930
110,2026-09-21,945
110,2026-09-21,960
110,2026-09-21,975
110,2026-09-21,990
110,2026-09-21,1005
110,2026-09-21,1020
110,2026-09-21,1035
110,2026-09-21,1050
110,2026-09-21,1065
110,2026-09-21,1080
110,2026-09-21,1095
110,2026-09-21,1110
110,2026-09-21,1125
110,2026-09-21,1140
110,2026-09-21,1155
110,2026-09-21,1170
110,2026-09-21,1185
110,2026-09-21,1200
110,2026-09-21,1215
110,2026-09-21,1230
110,2026-09-21,1245
110,2026-09-21,1260
110,2026-09-21,1275
110,2026-09-21,1290
110,2026-09-21,1305
110,2026-09-21,1320
110,2026-09-21,1335
110,2026-09-21,1350
110,2026-09-21,1365
110,2026-09-21,1380
110,2026-09-21,1395
110,2026-09-21,1410
110,2026-09-21,1425
111,2026-09-21,0
111,2026-09-21,15
111,2026-09-21,30
111,2026-09-21,45
111,2026-09-21,60
111,2026-09-21,75
111,2026-09-21,90
111,2026-09-21,105
111,2026-09-21,120
111,2026-09-21,135
111,2026-09-21,150
111,2026-09-21,165
111,2026-09-21,180
111,2026-09-21,195
111,2026-09-21,210
111,2026-09-21,225
111,2026-09-21,240
111,2026-09-21,255
111,2026-09-21,270
111,2026-09-21,285
111,2026-09-21,300
111,2026-09-21,315
111,2026-09-21,330
111,2026-09-21,345
111,2026-09-21,360
111,2026-09-21,375
111,2026-09-21,390
111,2026-09-21,405
111,2026-09-21,420
111,2026-09-21,435
111,2026-09-21,450
111,2026-09-21,465
111,2026-09-21,480
111,2026-09-21,495
111,2026-09-21,510
111,2026-09-21,525
111,2026-09-21,540
111,2026-09-21,555
111,2026-09-21,570
111,2026-09-21,585
111,2026-09-21,600
111,2026-09-21,615
111,2026-09-21,630
111,2026-09-21,645
111,2026-09-21,660
111,2026-09-21,675
111,2026-09-21,690
111,2026-09-21,705
111,2026-09-21,720
111,2026-09-21,735
111,2026-09-21,750
111,2026-09-21,765
111,2026-09-21,780
111,2026-09-21,795
111,2026-09-21,810
111,2026-09-21,825
111,2026-09-21,840
111,2026-09-21,855
111,2026-09-21,870
111,2026-09-21,885
111,2026-09-21,900
111,2026-09-21,915
111,2026-09-21,930
111,2026-09-21,945
111,2026-09-21,960
111,2026-09-21,975
111,2026-09-21,990
111,2026-09-21,1005
111,2026-09-21,1020
111,2026-09-21,1035
111,2026-09-21,1050
111,2026-09-21,1065
111,2026-09-21,1080
111,2026-09-21,1095
111,2026-09-21,1110
111,2026-09-21,1125
111,2026-09-21,1140
111,2026-09-21,1155
111,2026-09-21,1170
111,2026-09-21,1185
111,2026-09-21,1200
111,2026-09-21,1215
111,2026-09-21,1230
111,2026-09-21,1245
111,2026-09-21,1260
111,2026-09-21,1275
111,2026-09-21,1290
111,2026-09-21,1305
111,2026-09-21,1320
111,2026-09-21,1335
111,2026-09-21,1350
111,2026-09-21,1365
111,2026-09-21,1380
111,2026-09-21,1395
111,2026-09-21,1410
111,2026-09-21,1425
112,2026-09-21,0
112,2026-09-21,15
112,2026-09-21,30
112,2026-09-21,45
112,2026-09-21,60
112,2026-09-21,75
112,2026-09-21,90
112,2026-09-21,105
112,2026-09-21,120
112,2026-09-21,135
112,2026-09-21,150
112,2026-09-21,165
112,2026-09-21,180
112,2026-09-21,195
112,2026-09-21,210
112,2026-09-21,225
112,2026-09-21,240
112,2026-09-21,255
112,2026-09-21,270
112,2026-09-21,285
112,2026-09-21,300
112,2026-09-21,315
112,2026-09-21,330
112,2026-09-21,345
112,2026-09-21,360
112,2026-09-21,375
112,2026-09-21,390
112,2026-09-21,405
112,2026-09-21,420
112,2026-09-21,435
112,2026-09-21,450
112,2026-09-21,465
112,2026-09-21,480
112,2026-09-21,495
112,2026-09-21,510
112,2026-09-21,525
112,2026-09-21,540
112,2026-09-21,555
112,2026-09-21,570
112,2026-09-21,585
112,2026-09-21,600
112,2026-09-21,615
112,2026-09-21,630
112,2026-09-21,645
112,2026-09-21,660
112,2026-09-21,675
112,2026-09-21,690
112,2026-09-21,705
112,2026-09-21,720
112,2026-09-21,735
112,2026-09-21,750
112,2026-09-21,765
112,2026-09-21,780
112,2026-09-21,795
112,2026-09-21,810
112,2026-09-21,825
112,2026-09-21,840
112,2026-09-21,855
112,2026-09-21,870
112,2026-09-21,885
112,2026-09-21,900
112,2026-09-21,915
112,2026-09-21,930
112,2026-09-21,945
112,2026-09-21,960
112,2026-09-21,975
112,2026-09-21,990
112,2026-09-21,1005
112,2026-09-21,1020
112,2026-09-21,1035
112,2026-09-21,1050
112,2026-09-21,1065
112,2026-09-21,1080
112,2026-09-21,1095
112,2026-09-21,1110
112,2026-09-21,1125
112,2026-09-21,1140
112,2026-09-21,1155
112,2026-09-21,1170
112,2026-09-21,1185
112,2026-09-21,1200
112,2026-09-21,1215
112,2026-09-21,1230
112,2026-09-21,1245
112,2026-09-21,1260
112,2026-09-21,1275
112,2026-09-21,1290
112,2026-09-21,1305
112,2026-09-21,1320
112,2026-09-21,1335
112,2026-09-21,1350
112,2026-09-21,1365
112,2026-09-21,1380
112,2026-09-21,1395
112,2026-09-21,1410
112,2026-09-21,1425
113,2026-09-21,0
113,2026-09-21,15
113,2026-09-21,30
113,2026-09-21,45
113,2026-09-21,60
113,2026-09-21,75
113,2026-09-21,90
113,2026-09-21,105
113,2026-09-21,120
113,2026-09-21,135
113,2026-09-21,150
113,2026-09-21,165
113,2026-09-21,180
113,2026-09-21,195
113,2026-09-21,210
113,2026-09-21,225
113,2026-09-21,240
113,2026-09-21,255
113,2026-09-21,270
113,2026-09-21,285
113,2026-09-21,300
113,2026-09-21,315
113,2026-09-21,330
113,2026-09-21,345
113,2026-09-21,360
113,2026-09-21,375
113,2026-09-21,390
113,2026-09-21,405
113,2026-09-21,420
113,2026-09-21,435
113,2026-09-21,450
113,2026-09-21,465
113,2026-09-21,480
113,2026-09-21,495
113,2026-09-21,510
113,2026-09-21,525
113,2026-09-21,540
113,2026-09-21,555
113,2026-09-21,570
113,2026-09-21,585
113,2026-09-21,600
113,2026-09-21,615
113,2026-09-21,630
113,2026-09-21,645
113,2026-09-21,660
113,2026-09-21,675
113,2026-09-21,690
113,2026-09-21,705
113,2026-09-21,720
113,2026-09-21,735
113,2026-09-21,750
113,2026-09-21,765
113,2026-09-21,780
113,2026-09-21,795
113,2026-09-21,810
113,2026-09-21,825
113,2026-09-21,840
113,2026-09-21,855
113,2026-09-21,870
113,2026-09-21,885
113,2026-09-21,900
113,2026-09-21,915
113,2026-09-21,930
113,2026-09-21,945
113,2026-09-21,960
113,2026-09-21,975
113,2026-09-21,990
113,2026-09-21,1005
113,2026-09-21,1020
113,2026-09-21,1035
113,2026-09-21,1050
113,2026-09-21,1065
113,2026-09-21,1080
113,2026-09-21,1095
113,2026-09-21,1110
113,2026-09-21,1125
113,2026-09-21,1140
113,2026-09-21,1155
113,2026-09-21,1170
113,2026-09-21,1185
113,2026-09-21,1200
113,2026-09-21,1215
113,2026-09-21,1230
113,2026-09-21,1245
113,2026-09-21,1260
113,2026-09-21,1275
113,2026-09-21,1290
113,2026-09-21,1305
113,2026-09-21,1320
113,2026-09-21,1335
113,2026-09-21,1350
113,2026-09-21,1365
113,2026-09-21,1380
113,2026-09-21,1395
113,2026-09-21,1410
113,2026-09-21,1425
114,2026-09-21,0
114,2026-09-21,15
114,2026-09-21,30
114,2026-09-21,45
114,2026-09-21,60
114,2026-09-21,75
114,2026-09-21,90
114,2026-09-21,105
114,2026-09-21,120
114,2026-09-21,135
114,2026-09-21,150
114,2026-09-21,165
114,2026-09-21,180
114,2026-09-21,195
114,2026-09-21,210
114,2026-09-21,225
114,2026-09-21,240
114,2026-09-21,255
114,2026-09-21,270
114,2026-09-21,285
114,2026-09-21,300
114,2026-09-21,315
114,2026-09-21,330
114,2026-09-21,345
114,2026-09-21,360
114,2026-09-21,375
114,2026-09-21,390
114,2026-09-21,405
114,2026-09-21,420
114,2026-09-21,435
114,2026-09-21,450
114,2026-09-21,465
114,2026-09-21,480
114,2026-09-21,495
114,2026-09-21,510
114,2026-09-21,525
114,2026-09-21,540
114,2026-09-21,555
114,2026-09-21,570
114,2026-09-21,585
114,2026-09-21,600
114,2026-09-21,615
114,2026-09-21,630
114,2026-09-21,645
114,2026-09-21,660
114,2026-09-21,675
114,2026-09-21,690
114,2026-09-21,705
114,2026-09-21,720
114,2026-09-21,735
114,2026-09-21,750
114,2026-09-21,765
114,2026-09-21,780
114,2026-09-21,795
114,2026-09-21,810
114,2026-09-21,825
114,2026-09-21,840
114,2026-09-21,855
114,2026-09-21,870
114,2026-09-21,885
114,2026-09-21,900
114,2026-09-21,915
114,2026-09-21,930
114,2026-09-21,945
114,2026-09-21,960
114,2026-09-21,975
114,2026-09-21,990
114,2026-09-21,1005
114,2026-09-21,1020
114,2026-09-21,1035
114,2026-09-21,1050
114,2026-09-21,1065
114,2026-09-21,1080
114,2026-09-21,1095
114,2026-09-21,1110
114,2026-09-21,1125
114,2026-09-21,1140
114,2026-09-21,1155
114,2026-09-21,1170
114,2026-09-21,1185
114,2026-09-21,1200
114,2026-09-21,1215
114,2026-09-21,1230
114,2026-09-21,1245
114,2026-09-21,1260
114,2026-09-21,1275
114,2026-09-21,1290
114,2026-09-21,1305
114,2026-09-21,1320
114,2026-09-21,1335
114,2026-09-21,1350
114,2026-09-21,1365
114,2026-09-21,1380
114,2026-09-21,1395
114,2026-09-21,1410
114,2026-09-21,1425
115,2026-09-21,0
115,2026-09-21,15
115,2026-09-21,30
115,2026-09-21,45
115,2026-09-21,60
115,2026-09-21,75
115,2026-09-21,90
115,2026-09-21,105
115,2026-09-21,120
115,2026-09-21,135
115,2026-09-21,150
115,2026-09-21,165
115,2026-09-21,180
115,2026-09-21,195
115,2026-09-21,210
115,2026-09-21,225
115,2026-09-21,240
115,2026-09-21,255
115,2026-09-21,270
115,2026-09-21,285
115,2026-09-21,300
115,2026-09-21,315
115,2026-09-21,330
115,2026-09-21,345
115,2026-09-21,360
115,2026-09-21,375
115,2026-09-21,390
115,2026-09-21,405
115,2026-09-21,420
115,2026-09-21,435
115,2026-09-21,450
115,2026-09-21,465
115,2026-09-21,480
115,2026-09-21,495
115,2026-09-21,510
115,2026-09-21,525
115,2026-09-21,540
115,2026-09-21,555
115,2026-09-21,570
115,2026-09-21,585
115,2026-09-21,600
115,2026-09-21,615
115,2026-09-21,630
115,2026-09-21,645
115,2026-09-21,660
115,2026-09-21,675
115,2026-09-21,690
115,2026-09-21,705
115,2026-09-21,720
115,2026-09-21,735
115,2026-09-21,750
115,2026-09-21,765
115,2026-09-21,780
115,2026-09-21,795
115,2026-09-21,810
115,2026-09-21,825
115,2026-09-21,840
115,2026-09-21,855
115,2026-09-21,870
115,2026-09-21,885
115,2026-09-21,900
115,2026-09-21,915
115,2026-09-21,930
115,2026-09-21,945
115,2026-09-21,960
115,2026-09-21,975
115,2026-09-21,990
115,2026-09-21,1005
115,2026-09-21,1020
115,2026-09-21,1035
115,2026-09-21,1050
115,2026-09-21,1065
115,2026-09-21,1080
115,2026-09-21,1095
115,2026-09-21,1110
115,2026-09-21,1125
115,2026-09-21,1140
115,2026-09-21,1155
115,2026-09-21,1170
115,2026-09-21,1185
115,2026-09-21,1200
115,2026-09-21,1215
115,2026-09-21,1230
115,2026-09-21,1245
115,2026-09-21,1260
115,2026-09-21,1275
115,2026-09-21,1290
115,2026-09-21,1305
115,2026-09-21,1320
115,2026-09-21,1335
115,2026-09-21,1350
115,2026-09-21,1365
115,2026-09-21,1380
115,2026-09-21,1395
115,2026-09-21,1410
115,2026-09-21,1425
116,2026-09-21,0
116,2026-09-21,15
116,2026-09-21,30
116,2026-09-21,45
116,2026-09-21,60
116,2026-09-21,75
116,2026-09-21,90
116,2026-09-21,105
116,2026-09-21,120
116,2026-09-21,135
116,2026-09-21,150
116,2026-09-21,165
116,2026-09-21,180
116,2026-09-21,195
116,2026-09-21,210
116,2026-09-21,225
116,2026-09-21,240
116,2026-09-21,255
116,2026-09-21,270
116,2026-09-21,285
116,2026-09-21,300
116,2026-09-21,315
116,2026-09-21,330
116,2026-09-21,345
116,2026-09-21,360
116,2026-09-21,375
116,2026-09-21,390
116,2026-09-21,405
116,2026-09-21,420
116,2026-09-21,435
116,2026-09-21,450
116,2026-09-21,465
116,2026-09-21,480
116,2026-09-21,495
116,2026-09-21,510
116,2026-09-21,525
116,2026-09-21,540
116,2026-09-21,555
116,2026-09-21,570
116,2026-09-21,585
116,2026-09-21,600
116,2026-09-21,615
116,2026-09-21,630
116,2026-09-21,645
116,2026-09-21,660
116,2026-09-21,675
116,2026-09-21,690
116,2026-09-21,705
116,2026-09-21,720
116,2026-09-21,735
116,2026-09-21,750
116,2026-09-21,765
116,2026-09-21,780
116,2026-09-21,795
116,2026-09-21,810
116,2026-09-21,825
116,2026-09-21,840
116,2026-09-21,855
116,2026-09-21,870
116,2026-09-21,885
116,2026-09-21,900
116,2026-09-21,915
116,2026-09-21,930
116,2026-09-21,945
116,2026-09-21,960
116,2026-09-21,975
116,2026-09-21,990
116,2026-09-21,1005
116,2026-09-21,1020
116,2026-09-21,1035
116,2026-09-21,1050
116,2026-09-21,1065
116,2026-09-21,1080
116,2026-09-21,1095
116,2026-09-21,1110
116,2026-09-21,1125
116,2026-09-21,1140
116,2026-09-21,1155
116,2026-09-21,1170
116,2026-09-21,1185
116,2026-09-21,1200
116,2026-09-21,1215
116,2026-09-21,1230
116,2026-09-21,1245
116,2026-09-21,1260
116,2026-09-21,1275
116,2026-09-21,1290
116,2026-09-21,1305
116,2026-09-21,1320
116,2026-09-21,1335
116,2026-09-21,1350
116,2026-09-21,1365
116,2026-09-21,1380
116,2026-09-21,1395
116,2026-09-21,1410
116,2026-09-21,1425
117,2026-09-21,0
117,2026-09-21,15
117,2026-09-21,30
117,2026-09-21,45
117,2026-09-21,60
117,2026-09-21,75
117,2026-09-21,90
117,2026-09-21,105
117,2026-09-21,120
117,2026-09-21,135
117,2026-09-21,150
117,2026-09-21,165
117,2026-09-21,180
117,2026-09-21,195
117,2026-09-21,210
117,2026-09-21,225
117,2026-09-21,240
117,2026-09-21,255
117,2026-09-21,270
117,2026-09-21,285
117,2026-09-21,300
117,2026-09-21,315
117,2026-09-21,330
117,2026-09-21,345
117,2026-09-21,360
117,2026-09-21,375
117,2026-09-21,390
117,2026-09-21,405
117,2026-09-21,420
117,2026-09-21,435
117,2026-09-21,450
117,2026-09-21,465
117,2026-09-21,480
117,2026-09-21,495
117,2026-09-21,510
117,2026-09-21,525
117,2026-09-21,540
117,2026-09-21,555
117,2026-09-21,570
117,2026-09-21,585
117,2026-09-21,600
117,2026-09-21,615
117,2026-09-21,630
117,2026-09-21,645
117,2026-09-21,660
117,2026-09-21,675
117,2026-09-21,690
117,2026-09-21,705
117,2026-09-21,720
117,2026-09-21,735
117,2026-09-21,750
117,2026-09-21,765
117,2026-09-21,780
117,2026-09-21,795
117,2026-09-21,810
117,2026-09-21,825
117,2026-09-21,840
117,2026-09-21,855
117,2026-09-21,870
117,2026-09-21,885
117,2026-09-21,900
117,2026-09-21,915
117,2026-09-21,930
117,2026-09-21,945
117,2026-09-21,960
117,2026-09-21,975
117,2026-09-21,990
117,2026-09-21,1005
117,2026-09-21,1020
117,2026-09-21,1035
117,2026-09-21,1050
117,2026-09-21,1065
117,2026-09-21,1080
117,2026-09-21,1095
117,2026-09-21,1110
117,2026-09-21,1125
117,2026-09-21,1140
117,2026-09-21,1155
117,2026-09-21,1170
117,2026-09-21,1185
117,2026-09-21,1200
117,2026-09-21,1215
117,2026-09-21,1230
117,2026-09-21,1245
117,2026-09-21,1260
117,2026-09-21,1275
117,2026-09-21,1290
117,2026-09-21,1305
117,2026-09-21,1320
117,2026-09-21,1335
117,2026-09-21,1350
117,2026-09-21,1365
117,2026-09-21,1380
117,2026-09-21,1395
117,2026-09-21,1410
117,2026-09-21,1425
31,2026-09-22,0
31,2026-09-22,15
31,2026-09-22,30
31,2026-09-22,45
31,2026-09-22,60
31,2026-09-22,75
31,2026-09-22,90
31,2026-09-22,105
31,2026-09-22,120
31,2026-09-22,135
31,2026-09-22,150
31,2026-09-22,165
31,2026-09-22,180
31,2026-09-22,195
31,2026-09-22,210
31,2026-09-22,225
31,2026-09-22,240
31,2026-09-22,255
31,2026-09-22,270
31,2026-09-22,285
31,2026-09-22,300
31,2026-09-22,315
31,2026-09-22,330
31,2026-09-22,345
31,2026-09-22,360
31,2026-09-22,375
31,2026-09-22,390
31,2026-09-22,405
31,2026-09-22,420
31,2026-09-22,435
31,2026-09-22,450
31,2026-09-22,465
31,2026-09-22,480
31,2026-09-22,495
31,2026-09-22,510
31,2026-09-22,525
31,2026-09-22,540
31,2026-09-22,555
31,2026-09-22,570
31,2026-09-22,585
31,2026-09-22,600
31,2026-09-22,615
31,2026-09-22,630
31,2026-09-22,645
31,2026-09-22,660
31,2026-09-22,675
31,2026-09-22,690
31,2026-09-22,705
31,2026-09-22,720
31,2026-09-22,735
31,2026-09-22,750
31,2026-09-22,765
31,2026-09-22,780
31,2026-09-22,795
31,2026-09-22,810
31,2026-09-22,825
31,2026-09-22,840
31,2026-09-22,855
31,2026-09-22,870
31,2026-09-22,885
31,2026-09-22,900
31,2026-09-22,915
31,2026-09-22,930
31,2026-09-22,945
31,2026-09-22,960
31,2026-09-22,975
31,2026-09-22,990
31,2026-09-22,1005
31,2026-09-22,1020
31,2026-09-22,1035
31,2026-09-22,1050
31,2026-09-22,1065
31,2026-09-22,1080
31,2026-09-22,1095
31,2026-09-22,1110
31,2026-09-22,1125
31,2026-09-22,1140
31,2026-09-22,1155
31,2026-09-22,1170
31,2026-09-22,1185
31,2026-09-22,1200
31,2026-09-22,1215
31,2026-09-22,1230
31,2026-09-22,1245
31,2026-09-22,1260
31,2026-09-22,1275
31,2026-09-22,1290
31,2026-09-22,1305
31,2026-09-22,1320
31,2026-09-22,1335
31,2026-09-22,1350
31,2026-09-22,1365
31,2026-09-22,1380
31,2026-09-22,1395
31,2026-09-22,1410
31,2026-09-22,1425
45,2026-09-22,0
45,2026-09-22,15
45,2026-09-22,30
45,2026-09-22,45
45,2026-09-22,60
45,2026-09-22,75
45,2026-09-22,90
45,2026-09-22,105
45,2026-09-22,120
45,2026-09-22,135
45,2026-09-22,150
45,2026-09-22,165
45,2026-09-22,180
45,2026-09-22,195
45,2026-09-22,210
45,2026-09-22,225
45,2026-09-22,240
45,2026-09-22,255
45,2026-09-22,270
45,2026-09-22,285
45,2026-09-22,300
45,2026-09-22,315
45,2026-09-22,330
45,2026-09-22,345
45,2026-09-22,360
45,2026-09-22,375
45,2026-09-22,390
45,2026-09-22,405
45,2026-09-22,420
45,2026-09-22,435
45,2026-09-22,450
45,2026-09-22,465
45,2026-09-22,480
45,2026-09-22,495
45,2026-09-22,510
45,2026-09-22,525
45,2026-09-22,540
45,2026-09-22,555
45,2026-09-22,570
45,2026-09-22,585
45,2026-09-22,600
45,2026-09-22,615
45,2026-09-22,630
45,2026-09-22,645
45,2026-09-22,660
45,2026-09-22,675
45,2026-09-22,690
45,2026-09-22,705
45,2026-09-22,720
45,2026-09-22,735
45,2026-09-22,750
45,2026-09-22,765
45,2026-09-22,780
45,2026-09-22,795
45,2026-09-22,810
45,2026-09-22,825
45,2026-09-22,840
45,2026-09-22,855
45,2026-09-22,870
45,2026-09-22,885
45,2026-09-22,900
45,2026-09-22,915
45,2026-09-22,930
45,2026-09-22,945
45,2026-09-22,960
45,2026-09-22,975
45,2026-09-22,990
45,2026-09-22,1005
45,2026-09-22,1020
45,2026-09-22,1035
45,2026-09-22,1050
45,2026-09-22,1065
45,2026-09-22,1080
45,2026-09-22,1095
45,2026-09-22,1110
45,2026-09-22,1125
45,2026-09-22,1140
45,2026-09-22,1155
45,2026-09-22,1170
45,2026-09-22,1185
45,2026-09-22,1200
45,2026-09-22,1215
45,2026-09-22,1230
45,2026-09-22,1245
45,2026-09-22,1260
45,2026-09-22,1275
45,2026-09-22,1290
45,2026-09-22,1305
45,2026-09-22,1320
45,2026-09-22,1335
45,2026-09-22,1350
45,2026-09-22,1365
45,2026-09-22,1380
45,2026-09-22,1395
45,2026-09-22,1410
45,2026-09-22,1425
67,2026-09-22,0
67,2026-09-22,15
67,2026-09-22,30
67,2026-09-22,45
67,2026-09-22,60
67,2026-09-22,75
67,2026-09-22,90
67,2026-09-22,105
67,2026-09-22,120
67,2026-09-22,135
67,2026-09-22,150
67,2026-09-22,165
67,2026-09-22,180
67,2026-09-22,195
67,2026-09-22,210
67,2026-09-22,225
67,2026-09-22,240
67,2026-09-22,255
67,2026-09-22,270
67,2026-09-22,285
67,2026-09-22,300
67,2026-09-22,315
67,2026-09-22,330
67,2026-09-22,345
67,2026-09-22,360
67,2026-09-22,375
67,2026-09-22,390
67,2026-09-22,405
67,2026-09-22,420
67,2026-09-22,435
67,2026-09-22,450
67,2026-09-22,465
67,2026-09-22,480
67,2026-09-22,495
67,2026-09-22,510
67,2026-09-22,525
67,2026-09-22,540
67,2026-09-22,555
67,2026-09-22,570
67,2026-09-22,585
67,2026-09-22,600
67,2026-09-22,615
67,2026-09-22,630
67,2026-09-22,645
67,2026-09-22,660
67,2026-09-22,675
67,2026-09-22,690
67,2026-09-22,705
67,2026-09-22,720
67,2026-09-22,735
67,2026-09-22,750
67,2026-09-22,765
67,2026-09-22,780
67,2026-09-22,795
67,2026-09-22,810
67,2026-09-22,825
67,2026-09-22,840
67,2026-09-22,855
67,2026-09-22,870
67,2026-09-22,885
67,2026-09-22,900
67,2026-09-22,915
67,2026-09-22,930
67,2026-09-22,945
67,2026-09-22,960
67,2026-09-22,975
67,2026-09-22,990
67,2026-09-22,1005
67,2026-09-22,1020
67,2026-09-22,1035
67,2026-09-22,1050
67,2026-09-22,1065
67,2026-09-22,1080
67,2026-09-22,1095
67,2026-09-22,1110
67,2026-09-22,1125
67,2026-09-22,1140
67,2026-09-22,1155
67,2026-09-22,1170
67,2026-09-22,1185
67,2026-09-22,1200
67,2026-09-22,1215
67,2026-09-22,1230
67,2026-09-22,1245
67,2026-09-22,1260
67,2026-09-22,1275
67,2026-09-22,1290
67,2026-09-22,1305
67,2026-09-22,1320
67,2026-09-22,1335
67,2026-09-22,1350
67,2026-09-22,1365
67,2026-09-22,1380
67,2026-09-22,1395
67,2026-09-22,1410
67,2026-09-22,1425
70,2026-09-22,0
70,2026-09-22,15
70,2026-09-22,30
70,2026-09-22,45
70,2026-09-22,60
70,2026-09-22,75
70,2026-09-22,90
70,2026-09-22,105
70,2026-09-22,120
70,2026-09-22,135
70,2026-09-22,150
70,2026-09-22,165
70,2026-09-22,180
70,2026-09-22,195
70,2026-09-22,210
70,2026-09-22,225
70,2026-09-22,240
70,2026-09-22,255
70,2026-09-22,270
70,2026-09-22,285
70,2026-09-22,300
70,2026-09-22,315
70,2026-09-22,330
70,2026-09-22,345
70,2026-09-22,360
70,2026-09-22,375
70,2026-09-22,390
70,2026-09-22,405
70,2026-09-22,420
70,2026-09-22,435
70,2026-09-22,450
70,2026-09-22,465
70,2026-09-22,480
70,2026-09-22,495
70,2026-09-22,510
70,2026-09-22,525
70,2026-09-22,540
70,2026-09-22,555
70,2026-09-22,570
70,2026-09-22,585
70,2026-09-22,600
70,2026-09-22,615
70,2026-09-22,630
70,2026-09-22,645
70,2026-09-22,660
70,2026-09-22,675
70,2026-09-22,690
70,2026-09-22,705
70,2026-09-22,720
70,2026-09-22,735
70,2026-09-22,750
70,2026-09-22,765
70,2026-09-22,780
70,2026-09-22,795
70,2026-09-22,810
70,2026-09-22,825
70,2026-09-22,840
70,2026-09-22,855
70,2026-09-22,870
70,2026-09-22,885
70,2026-09-22,900
70,2026-09-22,915
70,2026-09-22,930
70,2026-09-22,945
70,2026-09-22,960
70,2026-09-22,975
70,2026-09-22,990
70,2026-09-22,1005
70,2026-09-22,1020
70,2026-09-22,1035
70,2026-09-22,1050
70,2026-09-22,1065
70,2026-09-22,1080
70,2026-09-22,1095
70,2026-09-22,1110
70,2026-09-22,1125
70,2026-09-22,1140
70,2026-09-22,1155
70,2026-09-22,1170
70,2026-09-22,1185
70,2026-09-22,1200
70,2026-09-22,1215
70,2026-09-22,1230
70,2026-09-22,1245
70,2026-09-22,1260
70,2026-09-22,1275
70,2026-09-22,1290
70,2026-09-22,1305
70,2026-09-22,1320
70,2026-09-22,1335
70,2026-09-22,1350
70,2026-09-22,1365
70,2026-09-22,1380
70,2026-09-22,1395
70,2026-09-22,1410
70,2026-09-22,1425
91,2026-09-22,0
91,2026-09-22,15
91,2026-09-22,30
91,2026-09-22,45
91,2026-09-22,60
91,2026-09-22,75
91,2026-09-22,90
91,2026-09-22,105
91,2026-09-22,120
91,2026-09-22,135
91,2026-09-22,150
91,2026-09-22,165
91,2026-09-22,180
91,2026-09-22,195
91,2026-09-22,210
91,2026-09-22,225
91,2026-09-22,240
91,2026-09-22,255
91,2026-09-22,270
91,2026-09-22,285
91,2026-09-22,300
91,2026-09-22,315
91,2026-09-22,330
91,2026-09-22,345
91,2026-09-22,360
91,2026-09-22,375
91,2026-09-22,390
91,2026-09-22,405
91,2026-09-22,420
91,2026-09-22,435
91,2026-09-22,450
91,2026-09-22,465
91,2026-09-22,480
91,2026-09-22,495
91,2026-09-22,510
91,2026-09-22,525
91,2026-09-22,540
91,2026-09-22,555
91,2026-09-22,570
91,2026-09-22,585
91,2026-09-22,600
91,2026-09-22,615
91,2026-09-22,630
91,2026-09-22,645
91,2026-09-22,660
91,2026-09-22,675
91,2026-09-22,690
91,2026-09-22,705
91,2026-09-22,720
91,2026-09-22,735
91,2026-09-22,750
91,2026-09-22,765
91,2026-09-22,780
91,2026-09-22,795
91,2026-09-22,810
91,2026-09-22,825
91,2026-09-22,840
91,2026-09-22,855
91,2026-09-22,870
91,2026-09-22,885
91,2026-09-22,900
91,2026-09-22,915
91,2026-09-22,930
91,2026-09-22,945
91,2026-09-22,960
91,2026-09-22,975
91,2026-09-22,990
91,2026-09-22,1005
91,2026-09-22,1020
91,2026-09-22,1035
91,2026-09-22,1050
91,2026-09-22,1065
91,2026-09-22,1080
91,2026-09-22,1095
91,2026-09-22,1110
91,2026-09-22,1125
91,2026-09-22,1140
91,2026-09-22,1155
91,2026-09-22,1170
91,2026-09-22,1185
91,2026-09-22,1200
91,2026-09-22,1215
91,2026-09-22,1230
91,2026-09-22,1245
91,2026-09-22,1260
91,2026-09-22,1275
91,2026-09-22,1290
91,2026-09-22,1305
91,2026-09-22,1320
91,2026-09-22,1335
91,2026-09-22,1350
91,2026-09-22,1365
91,2026-09-22,1380
91,2026-09-22,1395
91,2026-09-22,1410
91,2026-09-22,1425
92,2026-09-22,0
92,2026-09-22,15
92,2026-09-22,30
92,2026-09-22,45
92,2026-09-22,60
92,2026-09-22,75
92,2026-09-22,90
92,2026-09-22,105
92,2026-09-22,120
92,2026-09-22,135
92,2026-09-22,150
92,2026-09-22,165
92,2026-09-22,180
92,2026-09-22,195
92,2026-09-22,210
92,2026-09-22,225
92,2026-09-22,240
92,2026-09-22,255
92,2026-09-22,270
92,2026-09-22,285
92,2026-09-22,300
92,2026-09-22,315
92,2026-09-22,330
92,2026-09-22,345
92,2026-09-22,360
92,2026-09-22,375
92,2026-09-22,390
92,2026-09-22,405
92,2026-09-22,420
92,2026-09-22,435
92,2026-09-22,450
92,2026-09-22,465
92,2026-09-22,480
92,2026-09-22,495
92,2026-09-22,510
92,2026-09-22,525
92,2026-09-22,540
92,2026-09-22,555
92,2026-09-22,570
92,2026-09-22,585
92,2026-09-22,600
92,2026-09-22,615
92,2026-09-22,630
92,2026-09-22,645
92,2026-09-22,660
92,2026-09-22,675
92,2026-09-22,690
92,2026-09-22,705
92,2026-09-22,720
92,2026-09-22,735
92,2026-09-22,750
92,2026-09-22,765
92,2026-09-22,780
92,2026-09-22,795
92,2026-09-22,810
92,2026-09-22,825
92,2026-09-22,840
92,2026-09-22,855
92,2026-09-22,870
92,2026-09-22,885
92,2026-09-22,900
92,2026-09-22,915
92,2026-09-22,930
92,2026-09-22,945
92,2026-09-22,960
92,2026-09-22,975
92,2026-09-22,990
92,2026-09-22,1005
92,2026-09-22,1020
92,2026-09-22,1035
92,2026-09-22,1050
92,2026-09-22,1065
92,2026-09-22,1080
92,2026-09-22,1095
92,2026-09-22,1110
92,2026-09-22,1125
92,2026-09-22,1140
92,2026-09-22,1155
92,2026-09-22,1170
92,2026-09-22,1185
92,2026-09-22,1200
92,2026-09-22,1215
92,2026-09-22,1230
92,2026-09-22,1245
92,2026-09-22,1260
92,2026-09-22,1275
92,2026-09-22,1290
92,2026-09-22,1305
92,2026-09-22,1320
92,2026-09-22,1335
92,2026-09-22,1350
92,2026-09-22,1365
92,2026-09-22,1380
92,2026-09-22,1395
92,2026-09-22,1410
92,2026-09-22,1425
93,2026-09-22,0
93,2026-09-22,15
93,2026-09-22,30
93,2026-09-22,45
93,2026-09-22,60
93,2026-09-22,75
93,2026-09-22,90
93,2026-09-22,105
93,2026-09-22,120
93,2026-09-22,135
93,2026-09-22,150
93,2026-09-22,165
93,2026-09-22,180
93,2026-09-22,195
93,2026-09-22,210
93,2026-09-22,225
93,2026-09-22,240
93,2026-09-22,255
93,2026-09-22,270
93,2026-09-22,285
93,2026-09-22,300
93,2026-09-22,315
93,2026-09-22,330
93,2026-09-22,345
93,2026-09-22,360
93,2026-09-22,375
93,2026-09-22,390
93,2026-09-22,405
93,2026-09-22,420
93,2026-09-22,435
93,2026-09-22,450
93,2026-09-22,465
93,2026-09-22,480
93,2026-09-22,495
93,2026-09-22,510
93,2026-09-22,525
93,2026-09-22,540
93,2026-09-22,555
93,2026-09-22,570
93,2026-09-22,585
93,2026-09-22,600
93,2026-09-22,615
93,2026-09-22,630
93,2026-09-22,645
93,2026-09-22,660
93,2026-09-22,675
93,2026-09-22,690
93,2026-09-22,705
93,2026-09-22,720
93,2026-09-22,735
93,2026-09-22,750
93,2026-09-22,765
93,2026-09-22,780
93,2026-09-22,795
93,2026-09-22,810
93,2026-09-22,825
93,2026-09-22,840
93,2026-09-22,855
93,2026-09-22,870
93,2026-09-22,885
93,2026-09-22,900
93,2026-09-22,915
93,2026-09-22,930
93,2026-09-22,945
93,2026-09-22,960
93,2026-09-22,975
93,2026-09-22,990
93,2026-09-22,1005
93,2026-09-22,1020
93,2026-09-22,1035
93,2026-09-22,1050
93,2026-09-22,1065
93,2026-09-22,1080
93,2026-09-22,1095
93,2026-09-22,1110
93,2026-09-22,1125
93,2026-09-22,1140
93,2026-09-22,1155
93,2026-09-22,1170
93,2026-09-22,1185
93,2026-09-22,1200
93,2026-09-22,1215
93,2026-09-22,1230
93,2026-09-22,1245
93,2026-09-22,1260
93,2026-09-22,1275
93,2026-09-22,1290
93,2026-09-22,1305
93,2026-09-22,1320
93,2026-09-22,1335
93,2026-09-22,1350
93,2026-09-22,1365
93,2026-09-22,1380
93,2026-09-22,1395
93,2026-09-22,1410
93,2026-09-22,1425
94,2026-09-22,0
94,2026-09-22,15
94,2026-09-22,30
94,2026-09-22,45
94,2026-09-22,60
94,2026-09-22,75
94,2026-09-22,90
94,2026-09-22,105
94,2026-09-22,120
94,2026-09-22,135
94,2026-09-22,150
94,2026-09-22,165
94,2026-09-22,180
94,2026-09-22,195
94,2026-09-22,210
94,2026-09-22,225
94,2026-09-22,240
94,2026-09-22,255
94,2026-09-22,270
94,2026-09-22,285
94,2026-09-22,300
94,2026-09-22,315
94,2026-09-22,330
94,2026-09-22,345
94,2026-09-22,360
94,2026-09-22,375
94,2026-09-22,390
94,2026-09-22,405
94,2026-09-22,420
94,2026-09-22,435
94,2026-09-22,450
94,2026-09-22,465
94,2026-09-22,480
94,2026-09-22,495
94,2026-09-22,510
94,2026-09-22,525
94,2026-09-22,540
94,2026-09-22,555
94,2026-09-22,570
94,2026-09-22,585
94,2026-09-22,600
94,2026-09-22,615
94,2026-09-22,630
94,2026-09-22,645
94,2026-09-22,660
94,2026-09-22,675
94,2026-09-22,690
94,2026-09-22,705
94,2026-09-22,720
94,2026-09-22,735
94,2026-09-22,750
94,2026-09-22,765
94,2026-09-22,780
94,2026-09-22,795
94,2026-09-22,810
94,2026-09-22,825
94,2026-09-22,840
94,2026-09-22,855
94,2026-09-22,870
94,2026-09-22,885
94,2026-09-22,900
94,2026-09-22,915
94,2026-09-22,930
94,2026-09-22,945
94,2026-09-22,960
94,2026-09-22,975
94,2026-09-22,990
94,2026-09-22,1005
94,2026-09-22,1020
94,2026-09-22,1035
94,2026-09-22,1050
94,2026-09-22,1065
94,2026-09-22,1080
94,2026-09-22,1095
94,2026-09-22,1110
94,2026-09-22,1125
94,2026-09-22,1140
94,2026-09-22,1155
94,2026-09-22,1170
94,2026-09-22,1185
94,2026-09-22,1200
94,2026-09-22,1215
94,2026-09-22,1230
94,2026-09-22,1245
94,2026-09-22,1260
94,2026-09-22,1275
94,2026-09-22,1290
94,2026-09-22,1305
94,2026-09-22,1320
94,2026-09-22,1335
94,2026-09-22,1350
94,2026-09-22,1365
94,2026-09-22,1380
94,2026-09-22,1395
94,2026-09-22,1410
94,2026-09-22,1425
95,2026-09-22,0
95,2026-09-22,15
95,2026-09-22,30
95,2026-09-22,45
95,2026-09-22,60
95,2026-09-22,75
95,2026-09-22,90
95,2026-09-22,105
95,2026-09-22,120
95,2026-09-22,135
95,2026-09-22,150
95,2026-09-22,165
95,2026-09-22,180
95,2026-09-22,195
95,2026-09-22,210
95,2026-09-22,225
95,2026-09-22,240
95,2026-09-22,255
95,2026-09-22,270
95,2026-09-22,285
95,2026-09-22,300
95,2026-09-22,315
95,2026-09-22,330
95,2026-09-22,345
95,2026-09-22,360
95,2026-09-22,375
95,2026-09-22,390
95,2026-09-22,405
95,2026-09-22,420
95,2026-09-22,435
95,2026-09-22,450
95,2026-09-22,465
95,2026-09-22,480
95,2026-09-22,495
95,2026-09-22,510
95,2026-09-22,525
95,2026-09-22,540
95,2026-09-22,555
95,2026-09-22,570
95,2026-09-22,585
95,2026-09-22,600
95,2026-09-22,615
95,2026-09-22,630
95,2026-09-22,645
95,2026-09-22,660
95,2026-09-22,675
95,2026-09-22,690
95,2026-09-22,705
95,2026-09-22,720
95,2026-09-22,735
95,2026-09-22,750
95,2026-09-22,765
95,2026-09-22,780
95,2026-09-22,795
95,2026-09-22,810
95,2026-09-22,825
95,2026-09-22,840
95,2026-09-22,855
95,2026-09-22,870
95,2026-09-22,885
95,2026-09-22,900
95,2026-09-22,915
95,2026-09-22,930
95,2026-09-22,945
95,2026-09-22,960
95,2026-09-22,975
95,2026-09-22,990
95,2026-09-22,1005
95,2026-09-22,1020
95,2026-09-22,1035
95,2026-09-22,1050
95,2026-09-22,1065
95,2026-09-22,1080
95,2026-09-22,1095
95,2026-09-22,1110
95,2026-09-22,1125
95,2026-09-22,1140
95,2026-09-22,1155
95,2026-09-22,1170
95,2026-09-22,1185
95,2026-09-22,1200
95,2026-09-22,1215
95,2026-09-22,1230
95,2026-09-22,1245
95,2026-09-22,1260
95,2026-09-22,1275
95,2026-09-22,1290
95,2026-09-22,1305
95,2026-09-22,1320
95,2026-09-22,1335
95,2026-09-22,1350
95,2026-09-22,1365
95,2026-09-22,1380
95,2026-09-22,1395
95,2026-09-22,1410
95,2026-09-22,1425
96,2026-09-22,0
96,2026-09-22,15
96,2026-09-22,30
96,2026-09-22,45
96,2026-09-22,60
96,2026-09-22,75
96,2026-09-22,90
96,2026-09-22,105
96,2026-09-22,120
96,2026-09-22,135
96,2026-09-22,150
96,2026-09-22,165
96,2026-09-22,180
96,2026-09-22,195
96,2026-09-22,210
96,2026-09-22,225
96,2026-09-22,240
96,2026-09-22,255
96,2026-09-22,270
96,2026-09-22,285
96,2026-09-22,300
96,2026-09-22,315
96,2026-09-22,330
96,2026-09-22,345
96,2026-09-22,360
96,2026-09-22,375
96,2026-09-22,390
96,2026-09-22,405
96,2026-09-22,420
96,2026-09-22,435
96,2026-09-22,450
96,2026-09-22,465
96,2026-09-22,480
96,2026-09-22,495
96,2026-09-22,510
96,2026-09-22,525
96,2026-09-22,540
96,2026-09-22,555
96,2026-09-22,570
96,2026-09-22,585
96,2026-09-22,600
96,2026-09-22,615
96,2026-09-22,630
96,2026-09-22,645
96,2026-09-22,660
96,2026-09-22,675
96,2026-09-22,690
96,2026-09-22,705
96,2026-09-22,720
96,2026-09-22,735
96,2026-09-22,750
96,2026-09-22,765
96,2026-09-22,780
96,2026-09-22,795
96,2026-09-22,810
96,2026-09-22,825
96,2026-09-22,840
96,2026-09-22,855
96,2026-09-22,870
96,2026-09-22,885
96,2026-09-22,900
96,2026-09-22,915
96,2026-09-22,930
96,2026-09-22,945
96,2026-09-22,960
96,2026-09-22,975
96,2026-09-22,990
96,2026-09-22,1005
96,2026-09-22,1020
96,2026-09-22,1035
96,2026-09-22,1050
96,2026-09-22,1065
96,2026-09-22,1080
96,2026-09-22,1095
96,2026-09-22,1110
96,2026-09-22,1125
96,2026-09-22,1140
96,2026-09-22,1155
96,2026-09-22,1170
96,2026-09-22,1185
96,2026-09-22,1200
96,2026-09-22,1215
96,2026-09-22,1230
96,2026-09-22,1245
96,2026-09-22,1260
96,2026-09-22,1275
96,2026-09-22,1290
96,2026-09-22,1305
96,2026-09-22,1320
96,2026-09-22,1335
96,2026-09-22,1350
96,2026-09-22,1365
96,2026-09-22,1380
96,2026-09-22,1395
96,2026-09-22,1410
96,2026-09-22,1425
97,2026-09-22,0
97,2026-09-22,15
97,2026-09-22,30
97,2026-09-22,45
97,2026-09-22,60
97,2026-09-22,75
97,2026-09-22,90
97,2026-09-22,105
97,2026-09-22,120
97,2026-09-22,135
97,2026-09-22,150
97,2026-09-22,165
97,2026-09-22,180
97,2026-09-22,195
97,2026-09-22,210
97,2026-09-22,225
97,2026-09-22,240
97,2026-09-22,255
97,2026-09-22,270
97,2026-09-22,285
97,2026-09-22,300
97,2026-09-22,315
97,2026-09-22,330
97,2026-09-22,345
97,2026-09-22,360
97,2026-09-22,375
97,2026-09-22,390
97,2026-09-22,405
97,2026-09-22,420
97,2026-09-22,435
97,2026-09-22,450
97,2026-09-22,465
97,2026-09-22,480
97,2026-09-22,495
97,2026-09-22,510
97,2026-09-22,525
97,2026-09-22,540
97,2026-09-22,555
97,2026-09-22,570
97,2026-09-22,585
97,2026-09-22,600
97,2026-09-22,615
97,2026-09-22,630
97,2026-09-22,645
97,2026-09-22,660
97,2026-09-22,675
97,2026-09-22,690
97,2026-09-22,705
97,2026-09-22,720
97,2026-09-22,735
97,2026-09-22,750
97,2026-09-22,765
97,2026-09-22,780
97,2026-09-22,795
97,2026-09-22,810
97,2026-09-22,825
97,2026-09-22,840
97,2026-09-22,855
97,2026-09-22,870
97,2026-09-22,885
97,2026-09-22,900
97,2026-09-22,915
97,2026-09-22,930
97,2026-09-22,945
97,2026-09-22,960
97,2026-09-22,975
97,2026-09-22,990
97,2026-09-22,1005
97,2026-09-22,1020
97,2026-09-22,1035
97,2026-09-22,1050
97,2026-09-22,1065
97,2026-09-22,1080
97,2026-09-22,1095
97,2026-09-22,1110
97,2026-09-22,1125
97,2026-09-22,1140
97,2026-09-22,1155
97,2026-09-22,1170
97,2026-09-22,1185
97,2026-09-22,1200
97,2026-09-22,1215
97,2026-09-22,1230
97,2026-09-22,1245
97,2026-09-22,1260
97,2026-09-22,1275
97,2026-09-22,1290
97,2026-09-22,1305
97,2026-09-22,1320
97,2026-09-22,1335
97,2026-09-22,1350
97,2026-09-22,1365
97,2026-09-22,1380
97,2026-09-22,1395
97,2026-09-22,1410
97,2026-09-22,1425
98,2026-09-22,0
98,2026-09-22,15
98,2026-09-22,30
98,2026-09-22,45
98,2026-09-22,60
98,2026-09-22,75
98,2026-09-22,90
98,2026-09-22,105
98,2026-09-22,120
98,2026-09-22,135
98,2026-09-22,150
98,2026-09-22,165
98,2026-09-22,180
98,2026-09-22,195
98,2026-09-22,210
98,2026-09-22,225
98,2026-09-22,240
98,2026-09-22,255
98,2026-09-22,270
98,2026-09-22,285
98,2026-09-22,300
98,2026-09-22,315
98,2026-09-22,330
98,2026-09-22,345
98,2026-09-22,360
98,2026-09-22,375
98,2026-09-22,390
98,2026-09-22,405
98,2026-09-22,420
98,2026-09-22,435
98,2026-09-22,450
98,2026-09-22,465
98,2026-09-22,480
98,2026-09-22,495
98,2026-09-22,510
98,2026-09-22,525
98,2026-09-22,540
98,2026-09-22,555
98,2026-09-22,570
98,2026-09-22,585
98,2026-09-22,600
98,2026-09-22,615
98,2026-09-22,630
98,2026-09-22,645
98,2026-09-22,660
98,2026-09-22,675
98,2026-09-22,690
98,2026-09-22,705
98,2026-09-22,720
98,2026-09-22,735
98,2026-09-22,750
98,2026-09-22,765
98,2026-09-22,780
98,2026-09-22,795
98,2026-09-22,810
98,2026-09-22,825
98,2026-09-22,840
98,2026-09-22,855
98,2026-09-22,870
98,2026-09-22,885
98,2026-09-22,900
98,2026-09-22,915
98,2026-09-22,930
98,2026-09-22,945
98,2026-09-22,960
98,2026-09-22,975
98,2026-09-22,990
98,2026-09-22,1005
98,2026-09-22,1020
98,2026-09-22,1035
98,2026-09-22,1050
98,2026-09-22,1065
98,2026-09-22,1080
98,2026-09-22,1095
98,2026-09-22,1110
98,2026-09-22,1125
98,2026-09-22,1140
98,2026-09-22,1155
98,2026-09-22,1170
98,2026-09-22,1185
98,2026-09-22,1200
98,2026-09-22,1215
98,2026-09-22,1230
98,2026-09-22,1245
98,2026-09-22,1260
98,2026-09-22,1275
98,2026-09-22,1290
98,2026-09-22,1305
98,2026-09-22,1320
98,2026-09-22,1335
98,2026-09-22,1350
98,2026-09-22,1365
98,2026-09-22,1380
98,2026-09-22,1395
98,2026-09-22,1410
98,2026-09-22,1425
99,2026-09-22,0
99,2026-09-22,15
99,2026-09-22,30
99,2026-09-22,45
99,2026-09-22,60
99,2026-09-22,75
99,2026-09-22,90
99,2026-09-22,105
99,2026-09-22,120
99,2026-09-22,135
99,2026-09-22,150
99,2026-09-22,165
99,2026-09-22,180
99,2026-09-22,195
99,2026-09-22,210
99,2026-09-22,225
99,2026-09-22,240
99,2026-09-22,255
99,2026-09-22,270
99,2026-09-22,285
99,2026-09-22,300
99,2026-09-22,315
99,2026-09-22,330
99,2026-09-22,345
99,2026-09-22,360
99,2026-09-22,375
99,2026-09-22,390
99,2026-09-22,405
99,2026-09-22,420
99,2026-09-22,435
99,2026-09-22,450
99,2026-09-22,465
99,2026-09-22,480
99,2026-09-22,495
99,2026-09-22,510
99,2026-09-22,525
99,2026-09-22,540
99,2026-09-22,555
99,2026-09-22,570
99,2026-09-22,585
99,2026-09-22,600
99,2026-09-22,615
99,2026-09-22,630
99,2026-09-22,645
99,2026-09-22,660
99,2026-09-22,675
99,2026-09-22,690
99,2026-09-22,705
99,2026-09-22,720
99,2026-09-22,735
99,2026-09-22,750
99,2026-09-22,765
99,2026-09-22,780
99,2026-09-22,795
99,2026-09-22,810
99,2026-09-22,825
99,2026-09-22,840
99,2026-09-22,855
99,2026-09-22,870
99,2026-09-22,885
99,2026-09-22,900
99,2026-09-22,915
99,2026-09-22,930
99,2026-09-22,945
99,2026-09-22,960
99,2026-09-22,975
99,2026-09-22,990
99,2026-09-22,1005
99,2026-09-22,1020
99,2026-09-22,1035
99,2026-09-22,1050
99,2026-09-22,1065
99,2026-09-22,1080
99,2026-09-22,1095
99,2026-09-22,1110
99,2026-09-22,1125
99,2026-09-22,1140
99,2026-09-22,1155
99,2026-09-22,1170
99,2026-09-22,1185
99,2026-09-22,1200
99,2026-09-22,1215
99,2026-09-22,1230
99,2026-09-22,1245
99,2026-09-22,1260
99,2026-09-22,1275
99,2026-09-22,1290
99,2026-09-22,1305
99,2026-09-22,1320
99,2026-09-22,1335
99,2026-09-22,1350
99,2026-09-22,1365
99,2026-09-22,1380
99,2026-09-22,1395
99,2026-09-22,1410
99,2026-09-22,1425
100,2026-09-22,0
100,2026-09-22,15
100,2026-09-22,30
100,2026-09-22,45
100,2026-09-22,60
100,2026-09-22,75
100,2026-09-22,90
100,2026-09-22,105
100,2026-09-22,120
100,2026-09-22,135
100,2026-09-22,150
100,2026-09-22,165
100,2026-09-22,180
100,2026-09-22,195
100,2026-09-22,210
100,2026-09-22,225
100,2026-09-22,240
100,2026-09-22,255
100,2026-09-22,270
100,2026-09-22,285
100,2026-09-22,300
100,2026-09-22,315
100,2026-09-22,330
100,2026-09-22,345
100,2026-09-22,360
100,2026-09-22,375
100,2026-09-22,390
100,2026-09-22,405
100,2026-09-22,420
100,2026-09-22,435
100,2026-09-22,450
100,2026-09-22,465
100,2026-09-22,480
100,2026-09-22,495
100,2026-09-22,510
100,2026-09-22,525
100,2026-09-22,540
100,2026-09-22,555
100,2026-09-22,570
100,2026-09-22,585
100,2026-09-22,600
100,2026-09-22,615
100,2026-09-22,630
100,2026-09-22,645
100,2026-09-22,660
100,2026-09-22,675
100,2026-09-22,690
100,2026-09-22,705
100,2026-09-22,720
100,2026-09-22,735
100,2026-09-22,750
100,2026-09-22,765
100,2026-09-22,780
100,2026-09-22,795
100,2026-09-22,810
100,2026-09-22,825
100,2026-09-22,840
100,2026-09-22,855
100,2026-09-22,870
100,2026-09-22,885
100,2026-09-22,900
100,2026-09-22,915
100,2026-09-22,930
100,2026-09-22,945
100,2026-09-22,960
100,2026-09-22,975
100,2026-09-22,990
100,2026-09-22,1005
100,2026-09-22,1020
100,2026-09-22,1035
100,2026-09-22,1050
100,2026-09-22,1065
100,2026-09-22,1080
100,2026-09-22,1095
100,2026-09-22,1110
100,2026-09-22,1125
100,2026-09-22,1140
100,2026-09-22,1155
100,2026-09-22,1170
100,2026-09-22,1185
100,2026-09-22,1200
100,2026-09-22,1215
100,2026-09-22,1230
100,2026-09-22,1245
100,2026-09-22,1260
100,2026-09-22,1275
100,2026-09-22,1290
100,2026-09-22,1305
100,2026-09-22,1320
100,2026-09-22,1335
100,2026-09-22,1350
100,2026-09-22,1365
100,2026-09-22,1380
100,2026-09-22,1395
100,2026-09-22,1410
100,2026-09-22,1425
101,2026-09-22,0
101,2026-09-22,15
101,2026-09-22,30
101,2026-09-22,45
101,2026-09-22,60
101,2026-09-22,75
101,2026-09-22,90
101,2026-09-22,105
101,2026-09-22,120
101,2026-09-22,135
101,2026-09-22,150
101,2026-09-22,165
101,2026-09-22,180
101,2026-09-22,195
101,2026-09-22,210
101,2026-09-22,225
101,2026-09-22,240
101,2026-09-22,255
101,2026-09-22,270
101,2026-09-22,285
101,2026-09-22,300
101,2026-09-22,315
101,2026-09-22,330
101,2026-09-22,345
101,2026-09-22,360
101,2026-09-22,375
101,2026-09-22,390
101,2026-09-22,405
101,2026-09-22,420
101,2026-09-22,435
101,2026-09-22,450
101,2026-09-22,465
101,2026-09-22,480
101,2026-09-22,495
101,2026-09-22,510
101,2026-09-22,525
101,2026-09-22,540
101,2026-09-22,555
101,2026-09-22,570
101,2026-09-22,585
101,2026-09-22,600
101,2026-09-22,615
101,2026-09-22,630
101,2026-09-22,645
101,2026-09-22,660
101,2026-09-22,675
101,2026-09-22,690
101,2026-09-22,705
101,2026-09-22,720
101,2026-09-22,735
101,2026-09-22,750
101,2026-09-22,765
101,2026-09-22,780
101,2026-09-22,795
101,2026-09-22,810
101,2026-09-22,825
101,2026-09-22,840
101,2026-09-22,855
101,2026-09-22,870
101,2026-09-22,885
101,2026-09-22,900
101,2026-09-22,915
101,2026-09-22,930
101,2026-09-22,945
101,2026-09-22,960
101,2026-09-22,975
101,2026-09-22,990
101,2026-09-22,1005
101,2026-09-22,1020
101,2026-09-22,1035
101,2026-09-22,1050
101,2026-09-22,1065
101,2026-09-22,1080
101,2026-09-22,1095
101,2026-09-22,1110
101,2026-09-22,1125
101,2026-09-22,1140
101,2026-09-22,1155
101,2026-09-22,1170
101,2026-09-22,1185
101,2026-09-22,1200
101,2026-09-22,1215
101,2026-09-22,1230
101,2026-09-22,1245
101,2026-09-22,1260
101,2026-09-22,1275
101,2026-09-22,1290
101,2026-09-22,1305
101,2026-09-22,1320
101,2026-09-22,1335
101,2026-09-22,1350
101,2026-09-22,1365
101,2026-09-22,1380
101,2026-09-22,1395
101,2026-09-22,1410
101,2026-09-22,1425
102,2026-09-22,0
102,2026-09-22,15
102,2026-09-22,30
102,2026-09-22,45
102,2026-09-22,60
102,2026-09-22,75
102,2026-09-22,90
102,2026-09-22,105
102,2026-09-22,120
102,2026-09-22,135
102,2026-09-22,150
102,2026-09-22,165
102,2026-09-22,180
102,2026-09-22,195
102,2026-09-22,210
102,2026-09-22,225
102,2026-09-22,240
102,2026-09-22,255
102,2026-09-22,270
102,2026-09-22,285
102,2026-09-22,300
102,2026-09-22,315
102,2026-09-22,330
102,2026-09-22,345
102,2026-09-22,360
102,2026-09-22,375
102,2026-09-22,390
102,2026-09-22,405
102,2026-09-22,420
102,2026-09-22,435
102,2026-09-22,450
102,2026-09-22,465
102,2026-09-22,480
102,2026-09-22,495
102,2026-09-22,510
102,2026-09-22,525
102,2026-09-22,540
102,2026-09-22,555
102,2026-09-22,570
102,2026-09-22,585
102,2026-09-22,600
102,2026-09-22,615
102,2026-09-22,630
102,2026-09-22,645
102,2026-09-22,660
102,2026-09-22,675
102,2026-09-22,690
102,2026-09-22,705
102,2026-09-22,720
102,2026-09-22,735
102,2026-09-22,750
102,2026-09-22,765
102,2026-09-22,780
102,2026-09-22,795
102,2026-09-22,810
102,2026-09-22,825
102,2026-09-22,840
102,2026-09-22,855
102,2026-09-22,870
102,2026-09-22,885
102,2026-09-22,900
102,2026-09-22,915
102,2026-09-22,930
102,2026-09-22,945
102,2026-09-22,960
102,2026-09-22,975
102,2026-09-22,990
102,2026-09-22,1005
102,2026-09-22,1020
102,2026-09-22,1035
102,2026-09-22,1050
102,2026-09-22,1065
102,2026-09-22,1080
102,2026-09-22,1095
102,2026-09-22,1110
102,2026-09-22,1125
102,2026-09-22,1140
102,2026-09-22,1155
102,2026-09-22,1170
102,2026-09-22,1185
102,2026-09-22,1200
102,2026-09-22,1215
102,2026-09-22,1230
102,2026-09-22,1245
102,2026-09-22,1260
102,2026-09-22,1275
102,2026-09-22,1290
102,2026-09-22,1305
102,2026-09-22,1320
102,2026-09-22,1335
102,2026-09-22,1350
102,2026-09-22,1365
102,2026-09-22,1380
102,2026-09-22,1395
102,2026-09-22,1410
102,2026-09-22,1425
103,2026-09-22,0
103,2026-09-22,15
103,2026-09-22,30
103,2026-09-22,45
103,2026-09-22,60
103,2026-09-22,75
103,2026-09-22,90
103,2026-09-22,105
103,2026-09-22,120
103,2026-09-22,135
103,2026-09-22,150
103,2026-09-22,165
103,2026-09-22,180
103,2026-09-22,195
103,2026-09-22,210
103,2026-09-22,225
103,2026-09-22,240
103,2026-09-22,255
103,2026-09-22,270
103,2026-09-22,285
103,2026-09-22,300
103,2026-09-22,315
103,2026-09-22,330
103,2026-09-22,345
103,2026-09-22,360
103,2026-09-22,375
103,2026-09-22,390
103,2026-09-22,405
103,2026-09-22,420
103,2026-09-22,435
103,2026-09-22,450
103,2026-09-22,465
103,2026-09-22,480
103,2026-09-22,495
103,2026-09-22,510
103,2026-09-22,525
103,2026-09-22,540
103,2026-09-22,555
103,2026-09-22,570
103,2026-09-22,585
103,2026-09-22,600
103,2026-09-22,615
103,2026-09-22,630
103,2026-09-22,645
103,2026-09-22,660
103,2026-09-22,675
103,2026-09-22,690
103,2026-09-22,705
103,2026-09-22,720
103,2026-09-22,735
103,2026-09-22,750
103,2026-09-22,765
103,2026-09-22,780
103,2026-09-22,795
103,2026-09-22,810
103,2026-09-22,825
103,2026-09-22,840
103,2026-09-22,855
103,2026-09-22,870
103,2026-09-22,885
103,2026-09-22,900
103,2026-09-22,915
103,2026-09-22,930
103,2026-09-22,945
103,2026-09-22,960
103,2026-09-22,975
103,2026-09-22,990
103,2026-09-22,1005
103,2026-09-22,1020
103,2026-09-22,1035
103,2026-09-22,1050
103,2026-09-22,1065
103,2026-09-22,1080
103,2026-09-22,1095
103,2026-09-22,1110
103,2026-09-22,1125
103,2026-09-22,1140
103,2026-09-22,1155
103,2026-09-22,1170
103,2026-09-22,1185
103,2026-09-22,1200
103,2026-09-22,1215
103,2026-09-22,1230
103,2026-09-22,1245
103,2026-09-22,1260
103,2026-09-22,1275
103,2026-09-22,1290
103,2026-09-22,1305
103,2026-09-22,1320
103,2026-09-22,1335
103,2026-09-22,1350
103,2026-09-22,1365
103,2026-09-22,1380
103,2026-09-22,1395
103,2026-09-22,1410
103,2026-09-22,1425
104,2026-09-22,0
104,2026-09-22,15
104,2026-09-22,30
104,2026-09-22,45
104,2026-09-22,60
104,2026-09-22,75
104,2026-09-22,90
104,2026-09-22,105
104,2026-09-22,120
104,2026-09-22,135
104,2026-09-22,150
104,2026-09-22,165
104,2026-09-22,180
104,2026-09-22,195
104,2026-09-22,210
104,2026-09-22,225
104,2026-09-22,240
104,2026-09-22,255
104,2026-09-22,270
104,2026-09-22,285
104,2026-09-22,300
104,2026-09-22,315
104,2026-09-22,330
104,2026-09-22,345
104,2026-09-22,360
104,2026-09-22,375
104,2026-09-22,390
104,2026-09-22,405
104,2026-09-22,420
104,2026-09-22,435
104,2026-09-22,450
104,2026-09-22,465
104,2026-09-22,480
104,2026-09-22,495
104,2026-09-22,510
104,2026-09-22,525
104,2026-09-22,540
104,2026-09-22,555
104,2026-09-22,570
104,2026-09-22,585
104,2026-09-22,600
104,2026-09-22,615
104,2026-09-22,630
104,2026-09-22,645
104,2026-09-22,660
104,2026-09-22,675
104,2026-09-22,690
104,2026-09-22,705
104,2026-09-22,720
104,2026-09-22,735
104,2026-09-22,750
104,2026-09-22,765
104,2026-09-22,780
104,2026-09-22,795
104,2026-09-22,810
104,2026-09-22,825
104,2026-09-22,840
104,2026-09-22,855
104,2026-09-22,870
104,2026-09-22,885
104,2026-09-22,900
104,2026-09-22,915
104,2026-09-22,930
104,2026-09-22,945
104,2026-09-22,960
104,2026-09-22,975
104,2026-09-22,990
104,2026-09-22,1005
104,2026-09-22,1020
104,2026-09-22,1035
104,2026-09-22,1050
104,2026-09-22,1065
104,2026-09-22,1080
104,2026-09-22,1095
104,2026-09-22,1110
104,2026-09-22,1125
104,2026-09-22,1140
104,2026-09-22,1155
104,2026-09-22,1170
104,2026-09-22,1185
104,2026-09-22,1200
104,2026-09-22,1215
104,2026-09-22,1230
104,2026-09-22,1245
104,2026-09-22,1260
104,2026-09-22,1275
104,2026-09-22,1290
104,2026-09-22,1305
104,2026-09-22,1320
104,2026-09-22,1335
104,2026-09-22,1350
104,2026-09-22,1365
104,2026-09-22,1380
104,2026-09-22,1395
104,2026-09-22,1410
104,2026-09-22,1425
105,2026-09-22,0
105,2026-09-22,15
105,2026-09-22,30
105,2026-09-22,45
105,2026-09-22,60
105,2026-09-22,75
105,2026-09-22,90
105,2026-09-22,105
105,2026-09-22,120
105,2026-09-22,135
105,2026-09-22,150
105,2026-09-22,165
105,2026-09-22,180
105,2026-09-22,195
105,2026-09-22,210
105,2026-09-22,225
105,2026-09-22,240
105,2026-09-22,255
105,2026-09-22,270
105,2026-09-22,285
105,2026-09-22,300
105,2026-09-22,315
105,2026-09-22,330
105,2026-09-22,345
105,2026-09-22,360
105,2026-09-22,375
105,2026-09-22,390
105,2026-09-22,405
105,2026-09-22,420
105,2026-09-22,435
105,2026-09-22,450
105,2026-09-22,465
105,2026-09-22,480
105,2026-09-22,495
105,2026-09-22,510
105,2026-09-22,525
105,2026-09-22,540
105,2026-09-22,555
105,2026-09-22,570
105,2026-09-22,585
105,2026-09-22,600
105,2026-09-22,615
105,2026-09-22,630
105,2026-09-22,645
105,2026-09-22,660
105,2026-09-22,675
105,2026-09-22,690
105,2026-09-22,705
105,2026-09-22,720
105,2026-09-22,735
105,2026-09-22,750
105,2026-09-22,765
105,2026-09-22,780
105,2026-09-22,795
105,2026-09-22,810
105,2026-09-22,825
105,2026-09-22,840
105,2026-09-22,855
105,2026-09-22,870
105,2026-09-22,885
105,2026-09-22,900
105,2026-09-22,915
105,2026-09-22,930
105,2026-09-22,945
105,2026-09-22,960
105,2026-09-22,975
105,2026-09-22,990
105,2026-09-22,1005
105,2026-09-22,1020
105,2026-09-22,1035
105,2026-09-22,1050
105,2026-09-22,1065
105,2026-09-22,1080
105,2026-09-22,1095
105,2026-09-22,1110
105,2026-09-22,1125
105,2026-09-22,1140
105,2026-09-22,1155
105,2026-09-22,1170
105,2026-09-22,1185
105,2026-09-22,1200
105,2026-09-22,1215
105,2026-09-22,1230
105,2026-09-22,1245
105,2026-09-22,1260
105,2026-09-22,1275
105,2026-09-22,1290
105,2026-09-22,1305
105,2026-09-22,1320
105,2026-09-22,1335
105,2026-09-22,1350
105,2026-09-22,1365
105,2026-09-22,1380
105,2026-09-22,1395
105,2026-09-22,1410
105,2026-09-22,1425
106,2026-09-22,0
106,2026-09-22,15
106,2026-09-22,30
106,2026-09-22,45
106,2026-09-22,60
106,2026-09-22,75
106,2026-09-22,90
106,2026-09-22,105
106,2026-09-22,120
106,2026-09-22,135
106,2026-09-22,150
106,2026-09-22,165
106,2026-09-22,180
106,2026-09-22,195
106,2026-09-22,210
106,2026-09-22,225
106,2026-09-22,240
106,2026-09-22,255
106,2026-09-22,270
106,2026-09-22,285
106,2026-09-22,300
106,2026-09-22,315
106,2026-09-22,330
106,2026-09-22,345
106,2026-09-22,360
106,2026-09-22,375
106,2026-09-22,390
106,2026-09-22,405
106,2026-09-22,420
106,2026-09-22,435
106,2026-09-22,450
106,2026-09-22,465
106,2026-09-22,480
106,2026-09-22,495
106,2026-09-22,510
106,2026-09-22,525
106,2026-09-22,540
106,2026-09-22,555
106,2026-09-22,570
106,2026-09-22,585
106,2026-09-22,600
106,2026-09-22,615
106,2026-09-22,630
106,2026-09-22,645
106,2026-09-22,660
106,2026-09-22,675
106,2026-09-22,690
106,2026-09-22,705
106,2026-09-22,720
106,2026-09-22,735
106,2026-09-22,750
106,2026-09-22,765
106,2026-09-22,780
106,2026-09-22,795
106,2026-09-22,810
106,2026-09-22,825
106,2026-09-22,840
106,2026-09-22,855
106,2026-09-22,870
106,2026-09-22,885
106,2026-09-22,900
106,2026-09-22,915
106,2026-09-22,930
106,2026-09-22,945
106,2026-09-22,960
106,2026-09-22,975
106,2026-09-22,990
106,2026-09-22,1005
106,2026-09-22,1020
106,2026-09-22,1035
106,2026-09-22,1050
106,2026-09-22,1065
106,2026-09-22,1080
106,2026-09-22,1095
106,2026-09-22,1110
106,2026-09-22,1125
106,2026-09-22,1140
106,2026-09-22,1155
106,2026-09-22,1170
106,2026-09-22,1185
106,2026-09-22,1200
106,2026-09-22,1215
106,2026-09-22,1230
106,2026-09-22,1245
106,2026-09-22,1260
106,2026-09-22,1275
106,2026-09-22,1290
106,2026-09-22,1305
106,2026-09-22,1320
106,2026-09-22,1335
106,2026-09-22,1350
106,2026-09-22,1365
106,2026-09-22,1380
106,2026-09-22,1395
106,2026-09-22,1410
106,2026-09-22,1425
107,2026-09-22,0
107,2026-09-22,15
107,2026-09-22,30
107,2026-09-22,45
107,2026-09-22,60
107,2026-09-22,75
107,2026-09-22,90
107,2026-09-22,105
107,2026-09-22,120
107,2026-09-22,135
107,2026-09-22,150
107,2026-09-22,165
107,2026-09-22,180
107,2026-09-22,195
107,2026-09-22,210
107,2026-09-22,225
107,2026-09-22,240
107,2026-09-22,255
107,2026-09-22,270
107,2026-09-22,285
107,2026-09-22,300
107,2026-09-22,315
107,2026-09-22,330
107,2026-09-22,345
107,2026-09-22,360
107,2026-09-22,375
107,2026-09-22,390
107,2026-09-22,405
107,2026-09-22,420
107,2026-09-22,435
107,2026-09-22,450
107,2026-09-22,465
107,2026-09-22,480
107,2026-09-22,495
107,2026-09-22,510
107,2026-09-22,525
107,2026-09-22,540
107,2026-09-22,555
107,2026-09-22,570
107,2026-09-22,585
107,2026-09-22,600
107,2026-09-22,615
107,2026-09-22,630
107,2026-09-22,645
107,2026-09-22,660
107,2026-09-22,675
107,2026-09-22,690
107,2026-09-22,705
107,2026-09-22,720
107,2026-09-22,735
107,2026-09-22,750
107,2026-09-22,765
107,2026-09-22,780
107,2026-09-22,795
107,2026-09-22,810
107,2026-09-22,825
107,2026-09-22,840
107,2026-09-22,855
107,2026-09-22,870
107,2026-09-22,885
107,2026-09-22,900
107,2026-09-22,915
107,2026-09-22,930
107,2026-09-22,945
107,2026-09-22,960
107,2026-09-22,975
107,2026-09-22,990
107,2026-09-22,1005
107,2026-09-22,1020
107,2026-09-22,1035
107,2026-09-22,1050
107,2026-09-22,1065
107,2026-09-22,1080
107,2026-09-22,1095
107,2026-09-22,1110
107,2026-09-22,1125
107,2026-09-22,1140
107,2026-09-22,1155
107,2026-09-22,1170
107,2026-09-22,1185
107,2026-09-22,1200
107,2026-09-22,1215
107,2026-09-22,1230
107,2026-09-22,1245
107,2026-09-22,1260
107,2026-09-22,1275
107,2026-09-22,1290
107,2026-09-22,1305
107,2026-09-22,1320
107,2026-09-22,1335
107,2026-09-22,1350
107,2026-09-22,1365
107,2026-09-22,1380
107,2026-09-22,1395
107,2026-09-22,1410
107,2026-09-22,1425
108,2026-09-22,0
108,2026-09-22,15
108,2026-09-22,30
108,2026-09-22,45
108,2026-09-22,60
108,2026-09-22,75
108,2026-09-22,90
108,2026-09-22,105
108,2026-09-22,120
108,2026-09-22,135
108,2026-09-22,150
108,2026-09-22,165
108,2026-09-22,180
108,2026-09-22,195
108,2026-09-22,210
108,2026-09-22,225
108,2026-09-22,240
108,2026-09-22,255
108,2026-09-22,270
108,2026-09-22,285
108,2026-09-22,300
108,2026-09-22,315
108,2026-09-22,330
108,2026-09-22,345
108,2026-09-22,360
108,2026-09-22,375
108,2026-09-22,390
108,2026-09-22,405
108,2026-09-22,420
108,2026-09-22,435
108,2026-09-22,450
108,2026-09-22,465
108,2026-09-22,480
108,2026-09-22,495
108,2026-09-22,510
108,2026-09-22,525
108,2026-09-22,540
108,2026-09-22,555
108,2026-09-22,570
108,2026-09-22,585
108,2026-09-22,600
108,2026-09-22,615
108,2026-09-22,630
108,2026-09-22,645
108,2026-09-22,660
108,2026-09-22,675
108,2026-09-22,690
108,2026-09-22,705
108,2026-09-22,720
108,2026-09-22,735
108,2026-09-22,750
108,2026-09-22,765
108,2026-09-22,780
108,2026-09-22,795
108,2026-09-22,810
108,2026-09-22,825
108,2026-09-22,840
108,2026-09-22,855
108,2026-09-22,870
108,2026-09-22,885
108,2026-09-22,900
108,2026-09-22,915
108,2026-09-22,930
108,2026-09-22,945
108,2026-09-22,960
108,2026-09-22,975
108,2026-09-22,990
108,2026-09-22,1005
108,2026-09-22,1020
108,2026-09-22,1035
108,2026-09-22,1050
108,2026-09-22,1065
108,2026-09-22,1080
108,2026-09-22,1095
108,2026-09-22,1110
108,2026-09-22,1125
108,2026-09-22,1140
108,2026-09-22,1155
108,2026-09-22,1170
108,2026-09-22,1185
108,2026-09-22,1200
108,2026-09-22,1215
108,2026-09-22,1230
108,2026-09-22,1245
108,2026-09-22,1260
108,2026-09-22,1275
108,2026-09-22,1290
108,2026-09-22,1305
108,2026-09-22,1320
108,2026-09-22,1335
108,2026-09-22,1350
108,2026-09-22,1365
108,2026-09-22,1380
108,2026-09-22,1395
108,2026-09-22,1410
108,2026-09-22,1425
109,2026-09-22,0
109,2026-09-22,15
109,2026-09-22,30
109,2026-09-22,45
109,2026-09-22,60
109,2026-09-22,75
109,2026-09-22,90
109,2026-09-22,105
109,2026-09-22,120
109,2026-09-22,135
109,2026-09-22,150
109,2026-09-22,165
109,2026-09-22,180
109,2026-09-22,195
109,2026-09-22,210
109,2026-09-22,225
109,2026-09-22,240
109,2026-09-22,255
109,2026-09-22,270
109,2026-09-22,285
109,2026-09-22,300
109,2026-09-22,315
109,2026-09-22,330
109,2026-09-22,345
109,2026-09-22,360
109,2026-09-22,375
109,2026-09-22,390
109,2026-09-22,405
109,2026-09-22,420
109,2026-09-22,435
109,2026-09-22,450
109,2026-09-22,465
109,2026-09-22,480
109,2026-09-22,495
109,2026-09-22,510
109,2026-09-22,525
109,2026-09-22,540
109,2026-09-22,555
109,2026-09-22,570
109,2026-09-22,585
109,2026-09-22,600
109,2026-09-22,615
109,2026-09-22,630
109,2026-09-22,645
109,2026-09-22,660
109,2026-09-22,675
109,2026-09-22,690
109,2026-09-22,705
109,2026-09-22,720
109,2026-09-22,735
109,2026-09-22,750
109,2026-09-22,765
109,2026-09-22,780
109,2026-09-22,795
109,2026-09-22,810
109,2026-09-22,825
109,2026-09-22,840
109,2026-09-22,855
109,2026-09-22,870
109,2026-09-22,885
109,2026-09-22,900
109,2026-09-22,915
109,2026-09-22,930
109,2026-09-22,945
109,2026-09-22,960
109,2026-09-22,975
109,2026-09-22,990
109,2026-09-22,1005
109,2026-09-22,1020
109,2026-09-22,1035
109,2026-09-22,1050
109,2026-09-22,1065
109,2026-09-22,1080
109,2026-09-22,1095
109,2026-09-22,1110
109,2026-09-22,1125
109,2026-09-22,1140
109,2026-09-22,1155
109,2026-09-22,1170
109,2026-09-22,1185
109,2026-09-22,1200
109,2026-09-22,1215
109,2026-09-22,1230
109,2026-09-22,1245
109,2026-09-22,1260
109,2026-09-22,1275
109,2026-09-22,1290
109,2026-09-22,1305
109,2026-09-22,1320
109,2026-09-22,1335
109,2026-09-22,1350
109,2026-09-22,1365
109,2026-09-22,1380
109,2026-09-22,1395
109,2026-09-22,1410
109,2026-09-22,1425
110,2026-09-22,0
110,2026-09-22,15
110,2026-09-22,30
110,2026-09-22,45
110,2026-09-22,60
110,2026-09-22,75
110,2026-09-22,90
110,2026-09-22,105
110,2026-09-22,120
110,2026-09-22,135
110,2026-09-22,150
110,2026-09-22,165
110,2026-09-22,180
110,2026-09-22,195
110,2026-09-22,210
110,2026-09-22,225
110,2026-09-22,240
110,2026-09-22,255
110,2026-09-22,270
110,2026-09-22,285
110,2026-09-22,300
110,2026-09-22,315
110,2026-09-22,330
110,2026-09-22,345
110,2026-09-22,360
110,2026-09-22,375
110,2026-09-22,390
110,2026-09-22,405
110,2026-09-22,420
110,2026-09-22,435
110,2026-09-22,450
110,2026-09-22,465
110,2026-09-22,480
110,2026-09-22,495
110,2026-09-22,510
110,2026-09-22,525
110,2026-09-22,540
110,2026-09-22,555
110,2026-09-22,570
110,2026-09-22,585
110,2026-09-22,600
110,2026-09-22,615
110,2026-09-22,630
110,2026-09-22,645
110,2026-09-22,660
110,2026-09-22,675
110,2026-09-22,690
110,2026-09-22,705
110,2026-09-22,720
110,2026-09-22,735
110,2026-09-22,750
110,2026-09-22,765
110,2026-09-22,780
110,2026-09-22,795
110,2026-09-22,810
110,2026-09-22,825
110,2026-09-22,840
110,2026-09-22,855
110,2026-09-22,870
110,2026-09-22,885
110,2026-09-22,900
110,2026-09-22,915
110,2026-09-22,930
110,2026-09-22,945
110,2026-09-22,960
110,2026-09-22,975
110,2026-09-22,990
110,2026-09-22,1005
110,2026-09-22,1020
110,2026-09-22,1035
110,2026-09-22,1050
110,2026-09-22,1065
110,2026-09-22,1080
110,2026-09-22,1095
110,2026-09-22,1110
110,2026-09-22,1125
110,2026-09-22,1140
110,2026-09-22,1155
110,2026-09-22,1170
110,2026-09-22,1185
110,2026-09-22,1200
110,2026-09-22,1215
110,2026-09-22,1230
110,2026-09-22,1245
110,2026-09-22,1260
110,2026-09-22,1275
110,2026-09-22,1290
110,2026-09-22,1305
110,2026-09-22,1320
110,2026-09-22,1335
110,2026-09-22,1350
110,2026-09-22,1365
110,2026-09-22,1380
110,2026-09-22,1395
110,2026-09-22,1410
110,2026-09-22,1425
111,2026-09-22,0
111,2026-09-22,15
111,2026-09-22,30
111,2026-09-22,45
111,2026-09-22,60
111,2026-09-22,75
111,2026-09-22,90
111,2026-09-22,105
111,2026-09-22,120
111,2026-09-22,135
111,2026-09-22,150
111,2026-09-22,165
111,2026-09-22,180
111,2026-09-22,195
111,2026-09-22,210
111,2026-09-22,225
111,2026-09-22,240
111,2026-09-22,255
111,2026-09-22,270
111,2026-09-22,285
111,2026-09-22,300
111,2026-09-22,315
111,2026-09-22,330
111,2026-09-22,345
111,2026-09-22,360
111,2026-09-22,375
111,2026-09-22,390
111,2026-09-22,405
111,2026-09-22,420
111,2026-09-22,435
111,2026-09-22,450
111,2026-09-22,465
111,2026-09-22,480
111,2026-09-22,495
111,2026-09-22,510
111,2026-09-22,525
111,2026-09-22,540
111,2026-09-22,555
111,2026-09-22,570
111,2026-09-22,585
111,2026-09-22,600
111,2026-09-22,615
111,2026-09-22,630
111,2026-09-22,645
111,2026-09-22,660
111,2026-09-22,675
111,2026-09-22,690
111,2026-09-22,705
111,2026-09-22,720
111,2026-09-22,735
111,2026-09-22,750
111,2026-09-22,765
111,2026-09-22,780
111,2026-09-22,795
111,2026-09-22,810
111,2026-09-22,825
111,2026-09-22,840
111,2026-09-22,855
111,2026-09-22,870
111,2026-09-22,885
111,2026-09-22,900
111,2026-09-22,915
111,2026-09-22,930
111,2026-09-22,945
111,2026-09-22,960
111,2026-09-22,975
111,2026-09-22,990
111,2026-09-22,1005
111,2026-09-22,1020
111,2026-09-22,1035
111,2026-09-22,1050
111,2026-09-22,1065
111,2026-09-22,1080
111,2026-09-22,1095
111,2026-09-22,1110
111,2026-09-22,1125
111,2026-09-22,1140
111,2026-09-22,1155
111,2026-09-22,1170
111,2026-09-22,1185
111,2026-09-22,1200
111,2026-09-22,1215
111,2026-09-22,1230
111,2026-09-22,1245
111,2026-09-22,1260
111,2026-09-22,1275
111,2026-09-22,1290
111,2026-09-22,1305
111,2026-09-22,1320
111,2026-09-22,1335
111,2026-09-22,1350
111,2026-09-22,1365
111,2026-09-22,1380
111,2026-09-22,1395
111,2026-09-22,1410
111,2026-09-22,1425
112,2026-09-22,0
112,2026-09-22,15
112,2026-09-22,30
112,2026-09-22,45
112,2026-09-22,60
112,2026-09-22,75
112,2026-09-22,90
112,2026-09-22,105
112,2026-09-22,120
112,2026-09-22,135
112,2026-09-22,150
112,2026-09-22,165
112,2026-09-22,180
112,2026-09-22,195
112,2026-09-22,210
112,2026-09-22,225
112,2026-09-22,240
112,2026-09-22,255
112,2026-09-22,270
112,2026-09-22,285
112,2026-09-22,300
112,2026-09-22,315
112,2026-09-22,330
112,2026-09-22,345
112,2026-09-22,360
112,2026-09-22,375
112,2026-09-22,390
112,2026-09-22,405
112,2026-09-22,420
112,2026-09-22,435
112,2026-09-22,450
112,2026-09-22,465
112,2026-09-22,480
112,2026-09-22,495
112,2026-09-22,510
112,2026-09-22,525
112,2026-09-22,540
112,2026-09-22,555
112,2026-09-22,570
112,2026-09-22,585
112,2026-09-22,600
112,2026-09-22,615
112,2026-09-22,630
112,2026-09-22,645
112,2026-09-22,660
112,2026-09-22,675
112,2026-09-22,690
112,2026-09-22,705
112,2026-09-22,720
112,2026-09-22,735
112,2026-09-22,750
112,2026-09-22,765
112,2026-09-22,780
112,2026-09-22,795
112,2026-09-22,810
112,2026-09-22,825
112,2026-09-22,840
112,2026-09-22,855
112,2026-09-22,870
112,2026-09-22,885
112,2026-09-22,900
112,2026-09-22,915
112,2026-09-22,930
112,2026-09-22,945
112,2026-09-22,960
112,2026-09-22,975
112,2026-09-22,990
112,2026-09-22,1005
112,2026-09-22,1020
112,2026-09-22,1035
112,2026-09-22,1050
112,2026-09-22,1065
112,2026-09-22,1080
112,2026-09-22,1095
112,2026-09-22,1110
112,2026-09-22,1125
112,2026-09-22,1140
112,2026-09-22,1155
112,2026-09-22,1170
112,2026-09-22,1185
112,2026-09-22,1200
112,2026-09-22,1215
112,2026-09-22,1230
112,2026-09-22,1245
112,2026-09-22,1260
112,2026-09-22,1275
112,2026-09-22,1290
112,2026-09-22,1305
112,2026-09-22,1320
112,2026-09-22,1335
112,2026-09-22,1350
112,2026-09-22,1365
112,2026-09-22,1380
112,2026-09-22,1395
112,2026-09-22,1410
112,2026-09-22,1425
113,2026-09-22,0
113,2026-09-22,15
113,2026-09-22,30
113,2026-09-22,45
113,2026-09-22,60
113,2026-09-22,75
113,2026-09-22,90
113,2026-09-22,105
113,2026-09-22,120
113,2026-09-22,135
113,2026-09-22,150
113,2026-09-22,165
113,2026-09-22,180
113,2026-09-22,195
113,2026-09-22,210
113,2026-09-22,225
113,2026-09-22,240
113,2026-09-22,255
113,2026-09-22,270
113,2026-09-22,285
113,2026-09-22,300
113,2026-09-22,315
113,2026-09-22,330
113,2026-09-22,345
113,2026-09-22,360
113,2026-09-22,375
113,2026-09-22,390
113,2026-09-22,405
113,2026-09-22,420
113,2026-09-22,435
113,2026-09-22,450
113,2026-09-22,465
113,2026-09-22,480
113,2026-09-22,495
113,2026-09-22,510
113,2026-09-22,525
113,2026-09-22,540
113,2026-09-22,555
113,2026-09-22,570
113,2026-09-22,585
113,2026-09-22,600
113,2026-09-22,615
113,2026-09-22,630
113,2026-09-22,645
113,2026-09-22,660
113,2026-09-22,675
113,2026-09-22,690
113,2026-09-22,705
113,2026-09-22,720
113,2026-09-22,735
113,2026-09-22,750
113,2026-09-22,765
113,2026-09-22,780
113,2026-09-22,795
113,2026-09-22,810
113,2026-09-22,825
113,2026-09-22,840
113,2026-09-22,855
113,2026-09-22,870
113,2026-09-22,885
113,2026-09-22,900
113,2026-09-22,915
113,2026-09-22,930
113,2026-09-22,945
113,2026-09-22,960
113,2026-09-22,975
113,2026-09-22,990
113,2026-09-22,1005
113,2026-09-22,1020
113,2026-09-22,1035
113,2026-09-22,1050
113,2026-09-22,1065
113,2026-09-22,1080
113,2026-09-22,1095
113,2026-09-22,1110
113,2026-09-22,1125
113,2026-09-22,1140
113,2026-09-22,1155
113,2026-09-22,1170
113,2026-09-22,1185
113,2026-09-22,1200
113,2026-09-22,1215
113,2026-09-22,1230
113,2026-09-22,1245
113,2026-09-22,1260
113,2026-09-22,1275
113,2026-09-22,1290
113,2026-09-22,1305
113,2026-09-22,1320
113,2026-09-22,1335
113,2026-09-22,1350
113,2026-09-22,1365
113,2026-09-22,1380
113,2026-09-22,1395
113,2026-09-22,1410
113,2026-09-22,1425
114,2026-09-22,0
114,2026-09-22,15
114,2026-09-22,30
114,2026-09-22,45
114,2026-09-22,60
114,2026-09-22,75
114,2026-09-22,90
114,2026-09-22,105
114,2026-09-22,120
114,2026-09-22,135
114,2026-09-22,150
114,2026-09-22,165
114,2026-09-22,180
114,2026-09-22,195
114,2026-09-22,210
114,2026-09-22,225
114,2026-09-22,240
114,2026-09-22,255
114,2026-09-22,270
114,2026-09-22,285
114,2026-09-22,300
114,2026-09-22,315
114,2026-09-22,330
114,2026-09-22,345
114,2026-09-22,360
114,2026-09-22,375
114,2026-09-22,390
114,2026-09-22,405
114,2026-09-22,420
114,2026-09-22,435
114,2026-09-22,450
114,2026-09-22,465
114,2026-09-22,480
114,2026-09-22,495
114,2026-09-22,510
114,2026-09-22,525
114,2026-09-22,540
114,2026-09-22,555
114,2026-09-22,570
114,2026-09-22,585
114,2026-09-22,600
114,2026-09-22,615
114,2026-09-22,630
114,2026-09-22,645
114,2026-09-22,660
114,2026-09-22,675
114,2026-09-22,690
114,2026-09-22,705
114,2026-09-22,720
114,2026-09-22,735
114,2026-09-22,750
114,2026-09-22,765
114,2026-09-22,780
114,2026-09-22,795
114,2026-09-22,810
114,2026-09-22,825
114,2026-09-22,840
114,2026-09-22,855
114,2026-09-22,870
114,2026-09-22,885
114,2026-09-22,900
114,2026-09-22,915
114,2026-09-22,930
114,2026-09-22,945
114,2026-09-22,960
114,2026-09-22,975
114,2026-09-22,990
114,2026-09-22,1005
114,2026-09-22,1020
114,2026-09-22,1035
114,2026-09-22,1050
114,2026-09-22,1065
114,2026-09-22,1080
114,2026-09-22,1095
114,2026-09-22,1110
114,2026-09-22,1125
114,2026-09-22,1140
114,2026-09-22,1155
114,2026-09-22,1170
114,2026-09-22,1185
114,2026-09-22,1200
114,2026-09-22,1215
114,2026-09-22,1230
114,2026-09-22,1245
114,2026-09-22,1260
114,2026-09-22,1275
114,2026-09-22,1290
114,2026-09-22,1305
114,2026-09-22,1320
114,2026-09-22,1335
114,2026-09-22,1350
114,2026-09-22,1365
114,2026-09-22,1380
114,2026-09-22,1395
114,2026-09-22,1410
114,2026-09-22,1425
115,2026-09-22,0
115,2026-09-22,15
115,2026-09-22,30
115,2026-09-22,45
115,2026-09-22,60
115,2026-09-22,75
115,2026-09-22,90
115,2026-09-22,105
115,2026-09-22,120
115,2026-09-22,135
115,2026-09-22,150
115,2026-09-22,165
115,2026-09-22,180
115,2026-09-22,195
115,2026-09-22,210
115,2026-09-22,225
115,2026-09-22,240
115,2026-09-22,255
115,2026-09-22,270
115,2026-09-22,285
115,2026-09-22,300
115,2026-09-22,315
115,2026-09-22,330
115,2026-09-22,345
115,2026-09-22,360
115,2026-09-22,375
115,2026-09-22,390
115,2026-09-22,405
115,2026-09-22,420
115,2026-09-22,435
115,2026-09-22,450
115,2026-09-22,465
115,2026-09-22,480
115,2026-09-22,495
115,2026-09-22,510
115,2026-09-22,525
115,2026-09-22,540
115,2026-09-22,555
115,2026-09-22,570
115,2026-09-22,585
115,2026-09-22,600
115,2026-09-22,615
115,2026-09-22,630
115,2026-09-22,645
115,2026-09-22,660
115,2026-09-22,675
115,2026-09-22,690
115,2026-09-22,705
115,2026-09-22,720
115,2026-09-22,735
115,2026-09-22,750
115,2026-09-22,765
115,2026-09-22,780
115,2026-09-22,795
115,2026-09-22,810
115,2026-09-22,825
115,2026-09-22,840
115,2026-09-22,855
115,2026-09-22,870
115,2026-09-22,885
115,2026-09-22,900
115,2026-09-22,915
115,2026-09-22,930
115,2026-09-22,945
115,2026-09-22,960
115,2026-09-22,975
115,2026-09-22,990
115,2026-09-22,1005
115,2026-09-22,1020
115,2026-09-22,1035
115,2026-09-22,1050
115,2026-09-22,1065
115,2026-09-22,1080
115,2026-09-22,1095
115,2026-09-22,1110
115,2026-09-22,1125
115,2026-09-22,1140
115,2026-09-22,1155
115,2026-09-22,1170
115,2026-09-22,1185
115,2026-09-22,1200
115,2026-09-22,1215
115,2026-09-22,1230
115,2026-09-22,1245
115,2026-09-22,1260
115,2026-09-22,1275
115,2026-09-22,1290
115,2026-09-22,1305
115,2026-09-22,1320
115,2026-09-22,1335
115,2026-09-22,1350
115,2026-09-22,1365
115,2026-09-22,1380
115,2026-09-22,1395
115,2026-09-22,1410
115,2026-09-22,1425
116,2026-09-22,0
116,2026-09-22,15
116,2026-09-22,30
116,2026-09-22,45
116,2026-09-22,60
116,2026-09-22,75
116,2026-09-22,90
116,2026-09-22,105
116,2026-09-22,120
116,2026-09-22,135
116,2026-09-22,150
116,2026-09-22,165
116,2026-09-22,180
116,2026-09-22,195
116,2026-09-22,210
116,2026-09-22,225
116,2026-09-22,240
116,2026-09-22,255
116,2026-09-22,270
116,2026-09-22,285
116,2026-09-22,300
116,2026-09-22,315
116,2026-09-22,330
116,2026-09-22,345
116,2026-09-22,360
116,2026-09-22,375
116,2026-09-22,390
116,2026-09-22,405
116,2026-09-22,420
116,2026-09-22,435
116,2026-09-22,450
116,2026-09-22,465
116,2026-09-22,480
116,2026-09-22,495
116,2026-09-22,510
116,2026-09-22,525
116,2026-09-22,540
116,2026-09-22,555
116,2026-09-22,570
116,2026-09-22,585
116,2026-09-22,600
116,2026-09-22,615
116,2026-09-22,630
116,2026-09-22,645
116,2026-09-22,660
116,2026-09-22,675
116,2026-09-22,690
116,2026-09-22,705
116,2026-09-22,720
116,2026-09-22,735
116,2026-09-22,750
116,2026-09-22,765
116,2026-09-22,780
116,2026-09-22,795
116,2026-09-22,810
116,2026-09-22,825
116,2026-09-22,840
116,2026-09-22,855
116,2026-09-22,870
116,2026-09-22,885
116,2026-09-22,900
116,2026-09-22,915
116,2026-09-22,930
116,2026-09-22,945
116,2026-09-22,960
116,2026-09-22,975
116,2026-09-22,990
116,2026-09-22,1005
116,2026-09-22,1020
116,2026-09-22,1035
116,2026-09-22,1050
116,2026-09-22,1065
116,2026-09-22,1080
116,2026-09-22,1095
116,2026-09-22,1110
116,2026-09-22,1125
116,2026-09-22,1140
116,2026-09-22,1155
116,2026-09-22,1170
116,2026-09-22,1185
116,2026-09-22,1200
116,2026-09-22,1215
116,2026-09-22,1230
116,2026-09-22,1245
116,2026-09-22,1260
116,2026-09-22,1275
116,2026-09-22,1290
116,2026-09-22,1305
116,2026-09-22,1320
116,2026-09-22,1335
116,2026-09-22,1350
116,2026-09-22,1365
116,2026-09-22,1380
116,2026-09-22,1395
116,2026-09-22,1410
116,2026-09-22,1425
117,2026-09-22,0
117,2026-09-22,15
117,2026-09-22,30
117,2026-09-22,45
117,2026-09-22,60
117,2026-09-22,75
117,2026-09-22,90
117,2026-09-22,105
117,2026-09-22,120
117,2026-09-22,135
117,2026-09-22,150
117,2026-09-22,165
117,2026-09-22,180
117,2026-09-22,195
117,2026-09-22,210
117,2026-09-22,225
117,2026-09-22,240
117,2026-09-22,255
117,2026-09-22,270
117,2026-09-22,285
117,2026-09-22,300
117,2026-09-22,315
117,2026-09-22,330
117,2026-09-22,345
117,2026-09-22,360
117,2026-09-22,375
117,2026-09-22,390
117,2026-09-22,405
117,2026-09-22,420
117,2026-09-22,435
117,2026-09-22,450
117,2026-09-22,465
117,2026-09-22,480
117,2026-09-22,495
117,2026-09-22,510
117,2026-09-22,525
117,2026-09-22,540
117,2026-09-22,555
117,2026-09-22,570
117,2026-09-22,585
117,2026-09-22,600
117,2026-09-22,615
117,2026-09-22,630
117,2026-09-22,645
117,2026-09-22,660
117,2026-09-22,675
117,2026-09-22,690
117,2026-09-22,705
117,2026-09-22,720
117,2026-09-22,735
117,2026-09-22,750
117,2026-09-22,765
117,2026-09-22,780
117,2026-09-22,795
117,2026-09-22,810
117,2026-09-22,825
117,2026-09-22,840
117,2026-09-22,855
117,2026-09-22,870
117,2026-09-22,885
117,2026-09-22,900
117,2026-09-22,915
117,2026-09-22,930
117,2026-09-22,945
117,2026-09-22,960
117,2026-09-22,975
117,2026-09-22,990
117,2026-09-22,1005
117,2026-09-22,1020
117,2026-09-22,1035
117,2026-09-22,1050
117,2026-09-22,1065
117,2026-09-22,1080
117,2026-09-22,1095
117,2026-09-22,1110
117,2026-09-22,1125
117,2026-09-22,1140
117,2026-09-22,1155
117,2026-09-22,1170
117,2026-09-22,1185
117,2026-09-22,1200
117,2026-09-22,1215
117,2026-09-22,1230
117,2026-09-22,1245
117,2026-09-22,1260
117,2026-09-22,1275
117,2026-09-22,1290
117,2026-09-22,1305
117,2026-09-22,1320
117,2026-09-22,1335
117,2026-09-22,1350
117,2026-09-22,1365
117,2026-09-22,1380
117,2026-09-22,1395
117,2026-09-22,1410
117,2026-09-22,1425
